id,sentence_text,label,label_text,control,framework,criterion,source,seed_id,seed_text,validated
P00001,"A firewall boundary separates our internal network from the internet,",1,COMPLIANT,CE1_Firewalls,Cyber Essentials,boundary firewall in place and configured,llm_paraphrase,S0001,A boundary firewall is in place between our internal network and the internet.,False
P00002,"Our internal network is shielded from the internet by a boundary firewall,",1,COMPLIANT,CE1_Firewalls,Cyber Essentials,boundary firewall in place and configured,llm_paraphrase,S0001,A boundary firewall is in place between our internal network and the internet.,False
P00003,"A firewall is in place between our internal network and the internet,",1,COMPLIANT,CE1_Firewalls,Cyber Essentials,boundary firewall in place and configured,llm_paraphrase,S0001,A boundary firewall is in place between our internal network and the internet.,False
P00004,"Our internal network is fully segregated from the internet via a firewall,",1,COMPLIANT,CE1_Firewalls,Cyber Essentials,boundary firewall in place and configured,llm_paraphrase,S0001,A boundary firewall is in place between our internal network and the internet.,False
P00005,"The internet is isolated from our internal network by a firewall boundary,",1,COMPLIANT,CE1_Firewalls,Cyber Essentials,boundary firewall in place and configured,llm_paraphrase,S0001,A boundary firewall is in place between our internal network and the internet.,False
P00006,Our internal network is protected from the internet by a firewall that separates it from the external network.,1,COMPLIANT,CE1_Firewalls,Cyber Essentials,boundary firewall in place and configured,llm_paraphrase,S0001,A boundary firewall is in place between our internal network and the internet.,False
P00007,The office router's firewall is correctly configured and active on all connections.,1,COMPLIANT,CE1_Firewalls,Cyber Essentials,boundary firewall in place and configured,llm_paraphrase,S0002,The office router's firewall is configured and active on all connections.,False
P00008,All connections require the office router's firewall to be configured and active.,1,COMPLIANT,CE1_Firewalls,Cyber Essentials,boundary firewall in place and configured,llm_paraphrase,S0002,The office router's firewall is configured and active on all connections.,False
P00009,Firewalls on all connections are currently configured and operational.,1,COMPLIANT,CE1_Firewalls,Cyber Essentials,boundary firewall in place and configured,llm_paraphrase,S0002,The office router's firewall is configured and active on all connections.,False
P00010,All connection settings require a configured and active firewall on the office router.,1,COMPLIANT,CE1_Firewalls,Cyber Essentials,boundary firewall in place and configured,llm_paraphrase,S0002,The office router's firewall is configured and active on all connections.,False
P00011,The office router's firewall is mandatory on all connections.,1,COMPLIANT,CE1_Firewalls,Cyber Essentials,boundary firewall in place and configured,llm_paraphrase,S0002,The office router's firewall is configured and active on all connections.,False
P00012,All connections must have the office router's firewall activated and configured.,1,COMPLIANT,CE1_Firewalls,Cyber Essentials,boundary firewall in place and configured,llm_paraphrase,S0002,The office router's firewall is configured and active on all connections.,False
P00013,Windows Defender Firewall is mandatory on all devices used by our organisation.,1,COMPLIANT,CE1_Firewalls,Cyber Essentials,host/software firewalls enabled on devices,llm_paraphrase,S0003,Windows Defender Firewall is enabled on every laptop and desktop we use.,False
P00014,All laptops and desktops have active Windows Defender Firewall configurations.,1,COMPLIANT,CE1_Firewalls,Cyber Essentials,host/software firewalls enabled on devices,llm_paraphrase,S0003,Windows Defender Firewall is enabled on every laptop and desktop we use.,False
P00015,Every user-owned laptop and desktop must have Windows Defender Firewall enabled.,1,COMPLIANT,CE1_Firewalls,Cyber Essentials,host/software firewalls enabled on devices,llm_paraphrase,S0003,Windows Defender Firewall is enabled on every laptop and desktop we use.,False
P00016,Laptops and desktops used by our staff are required to have Windows Defender Firewall enabled.,1,COMPLIANT,CE1_Firewalls,Cyber Essentials,host/software firewalls enabled on devices,llm_paraphrase,S0003,Windows Defender Firewall is enabled on every laptop and desktop we use.,False
P00017,Windows Defender Firewall is installed and enabled on every staff-owned laptop and desktop.,1,COMPLIANT,CE1_Firewalls,Cyber Essentials,host/software firewalls enabled on devices,llm_paraphrase,S0003,Windows Defender Firewall is enabled on every laptop and desktop we use.,False
P00018,All devices must have Windows Defender Firewall enabled by the staff member using them.,1,COMPLIANT,CE1_Firewalls,Cyber Essentials,host/software firewalls enabled on devices,llm_paraphrase,S0003,Windows Defender Firewall is enabled on every laptop and desktop we use.,False
P00019,"Software firewalls must be enabled on all staff devices, including those used remotely.",1,COMPLIANT,CE1_Firewalls,Cyber Essentials,host/software firewalls enabled on devices,llm_paraphrase,S0004,"Software firewalls are switched on for all staff devices, including those used off-site.",False
P00020,All staff devices must have firewalls activated for all devices used outside the premises.,1,COMPLIANT,CE1_Firewalls,Cyber Essentials,host/software firewalls enabled on devices,llm_paraphrase,S0004,"Software firewalls are switched on for all staff devices, including those used off-site.",False
P00021,"Firewalls are mandatory on all staff devices, including those accessed via public Wi-Fi.",1,COMPLIANT,CE1_Firewalls,Cyber Essentials,host/software firewalls enabled on devices,llm_paraphrase,S0004,"Software firewalls are switched on for all staff devices, including those used off-site.",False
P00022,Staff devices used off-site must have firewalls enabled as a security requirement.,1,COMPLIANT,CE1_Firewalls,Cyber Essentials,host/software firewalls enabled on devices,llm_paraphrase,S0004,"Software firewalls are switched on for all staff devices, including those used off-site.",False
P00023,"The use of firewalls is mandatory for all staff devices, including those accessed remotely.",1,COMPLIANT,CE1_Firewalls,Cyber Essentials,host/software firewalls enabled on devices,llm_paraphrase,S0004,"Software firewalls are switched on for all staff devices, including those used off-site.",False
P00024,"Firewalls are required on all staff devices, including those used to access the internet from outside the care home.",1,COMPLIANT,CE1_Firewalls,Cyber Essentials,host/software firewalls enabled on devices,llm_paraphrase,S0004,"Software firewalls are switched on for all staff devices, including those used off-site.",False
P00025,The router's default password was set as soon as it was installed.,1,COMPLIANT,CE1_Firewalls,Cyber Essentials,default router/firewall passwords changed,llm_paraphrase,S0005,The default password on our router was changed when it was installed.,False
P00026,"Upon installation, the default router password was immediately changed.",1,COMPLIANT,CE1_Firewalls,Cyber Essentials,default router/firewall passwords changed,llm_paraphrase,S0005,The default password on our router was changed when it was installed.,False
P00027,"When the router was first set up, the default password was replaced with a new one.",1,COMPLIANT,CE1_Firewalls,Cyber Essentials,default router/firewall passwords changed,llm_paraphrase,S0005,The default password on our router was changed when it was installed.,False
P00028,"As part of the router's initial configuration, the default password was altered.",1,COMPLIANT,CE1_Firewalls,Cyber Essentials,default router/firewall passwords changed,llm_paraphrase,S0005,The default password on our router was changed when it was installed.,False
P00029,The router's default password was updated to a new setting upon its first activation.,1,COMPLIANT,CE1_Firewalls,Cyber Essentials,default router/firewall passwords changed,llm_paraphrase,S0005,The default password on our router was changed when it was installed.,False
P00030,The default password on the router was changed by default at the time of installation.,1,COMPLIANT,CE1_Firewalls,Cyber Essentials,default router/firewall passwords changed,llm_paraphrase,S0005,The default password on our router was changed when it was installed.,False
P00031,"We updated the firewall credentials to a strong, unique value.",1,COMPLIANT,CE1_Firewalls,Cyber Essentials,default router/firewall passwords changed,llm_paraphrase,S0006,"We replaced the manufacturer's password on the firewall with a strong, unique one.",False
P00032,All firewall access was secured using a novel password.,1,COMPLIANT,CE1_Firewalls,Cyber Essentials,default router/firewall passwords changed,llm_paraphrase,S0006,"We replaced the manufacturer's password on the firewall with a strong, unique one.",False
P00033,"Firewall access was secured with a robust, individualised password.",1,COMPLIANT,CE1_Firewalls,Cyber Essentials,default router/firewall passwords changed,llm_paraphrase,S0006,"We replaced the manufacturer's password on the firewall with a strong, unique one.",False
P00034,"We substituted the original firewall password with a secure, one-time entry.",1,COMPLIANT,CE1_Firewalls,Cyber Essentials,default router/firewall passwords changed,llm_paraphrase,S0006,"We replaced the manufacturer's password on the firewall with a strong, unique one.",False
P00035,"The firewall was updated to use a new, non-standard password.",1,COMPLIANT,CE1_Firewalls,Cyber Essentials,default router/firewall passwords changed,llm_paraphrase,S0006,"We replaced the manufacturer's password on the firewall with a strong, unique one.",False
P00036,Strong passwords were assigned for firewall access.,1,COMPLIANT,CE1_Firewalls,Cyber Essentials,default router/firewall passwords changed,llm_paraphrase,S0006,"We replaced the manufacturer's password on the firewall with a strong, unique one.",False
P00037,"Inbound connections are blocked by default, requiring explicit approval for access.",1,COMPLIANT,CE1_Firewalls,Cyber Essentials,inbound connections blocked by default,llm_paraphrase,S0007,Inbound connections are blocked by default unless specifically approved.,False
P00038,"By default, incoming connections are prohibited and may only be permitted with formal authorisation.",1,COMPLIANT,CE1_Firewalls,Cyber Essentials,inbound connections blocked by default,llm_paraphrase,S0007,Inbound connections are blocked by default unless specifically approved.,False
P00039,All incoming connections are initially denied and may be approved only through formal authorisation.,1,COMPLIANT,CE1_Firewalls,Cyber Essentials,inbound connections blocked by default,llm_paraphrase,S0007,Inbound connections are blocked by default unless specifically approved.,False
P00040,Default blockage of incoming connections requires explicit approval for access to be granted.,1,COMPLIANT,CE1_Firewalls,Cyber Essentials,inbound connections blocked by default,llm_paraphrase,S0007,Inbound connections are blocked by default unless specifically approved.,False
P00041,Incoming connections are blocked by default; formal approval is required to gain access.,1,COMPLIANT,CE1_Firewalls,Cyber Essentials,inbound connections blocked by default,llm_paraphrase,S0007,Inbound connections are blocked by default unless specifically approved.,False
P00042,Inbound connections are prohibited unless specifically and formally approved for connection.,1,COMPLIANT,CE1_Firewalls,Cyber Essentials,inbound connections blocked by default,llm_paraphrase,S0007,Inbound connections are blocked by default unless specifically approved.,False
P00043,"Incoming traffic without pre-approved access is denied at the network boundary,",1,COMPLIANT,CE1_Firewalls,Cyber Essentials,inbound connections blocked by default,llm_paraphrase,S0008,Unapproved incoming traffic is denied at the network boundary.,False
P00044,"Unapproved incoming traffic is rejected at the network perimeter,",1,COMPLIANT,CE1_Firewalls,Cyber Essentials,inbound connections blocked by default,llm_paraphrase,S0008,Unapproved incoming traffic is denied at the network boundary.,False
P00045,"All incoming traffic requiring prior authorisation is blocked at the network entry point,",1,COMPLIANT,CE1_Firewalls,Cyber Essentials,inbound connections blocked by default,llm_paraphrase,S0008,Unapproved incoming traffic is denied at the network boundary.,False
P00046,"Unapproved incoming traffic is not permitted to pass through the network gateway,",1,COMPLIANT,CE1_Firewalls,Cyber Essentials,inbound connections blocked by default,llm_paraphrase,S0008,Unapproved incoming traffic is denied at the network boundary.,False
P00047,"No incoming traffic without prior approval is allowed at the network boundary,",1,COMPLIANT,CE1_Firewalls,Cyber Essentials,inbound connections blocked by default,llm_paraphrase,S0008,Unapproved incoming traffic is denied at the network boundary.,False
P00048,Traffic requiring pre-arranged access is not permitted to enter the network system,1,COMPLIANT,CE1_Firewalls,Cyber Essentials,inbound connections blocked by default,llm_paraphrase,S0008,Unapproved incoming traffic is denied at the network boundary.,False
P00049,Firewall rules are reviewed by our IT provider every six months to ensure ongoing security compliance.,1,COMPLIANT,CE1_Firewalls,Cyber Essentials,firewall rules reviewed periodically,llm_paraphrase,S0009,Firewall rules are reviewed by our IT provider every six months.,False
P00050,Our IT provider conducts regular firewall reviews every six months.,1,COMPLIANT,CE1_Firewalls,Cyber Essentials,firewall rules reviewed periodically,llm_paraphrase,S0009,Firewall rules are reviewed by our IT provider every six months.,False
P00051,It is mandatory that our IT provider reviews firewall rules every six months.,1,COMPLIANT,CE1_Firewalls,Cyber Essentials,firewall rules reviewed periodically,llm_paraphrase,S0009,Firewall rules are reviewed by our IT provider every six months.,False
P00052,The IT provider is required to review firewall rules every six months for our care home.,1,COMPLIANT,CE1_Firewalls,Cyber Essentials,firewall rules reviewed periodically,llm_paraphrase,S0009,Firewall rules are reviewed by our IT provider every six months.,False
P00053,"As part of our security protocol, our IT provider reviews firewall rules every six months.",1,COMPLIANT,CE1_Firewalls,Cyber Essentials,firewall rules reviewed periodically,llm_paraphrase,S0009,Firewall rules are reviewed by our IT provider every six months.,False
P00054,"By law, our IT provider must review firewall rules every six months for compliance with regulatory requirements.",1,COMPLIANT,CE1_Firewalls,Cyber Essentials,firewall rules reviewed periodically,llm_paraphrase,S0009,Firewall rules are reviewed by our IT provider every six months.,False
P00055,We conduct an annual IT review as part of our compliance procedure to ensure the firewall configuration is adequate.,1,COMPLIANT,CE1_Firewalls,Cyber Essentials,firewall rules reviewed periodically,llm_paraphrase,S0010,We check the firewall configuration as part of our annual IT review.,False
P00056,We review and update our firewall configuration annually to maintain our regulatory compliance obligations.,1,COMPLIANT,CE1_Firewalls,Cyber Essentials,firewall rules reviewed periodically,llm_paraphrase,S0010,We check the firewall configuration as part of our annual IT review.,False
P00057,The annual IT review is a mandatory control to ensure our firewalls are configured in accordance with industry standards.,1,COMPLIANT,CE1_Firewalls,Cyber Essentials,firewall rules reviewed periodically,llm_paraphrase,S0010,We check the firewall configuration as part of our annual IT review.,False
P00058,"As part of our ongoing monitoring, we conduct an annual review of the firewall configuration to verify its effectiveness.",1,COMPLIANT,CE1_Firewalls,Cyber Essentials,firewall rules reviewed periodically,llm_paraphrase,S0010,We check the firewall configuration as part of our annual IT review.,False
P00059,Our annual IT review includes a critical assessment of the firewall configuration to ensure it meets our compliance requirements.,1,COMPLIANT,CE1_Firewalls,Cyber Essentials,firewall rules reviewed periodically,llm_paraphrase,S0010,We check the firewall configuration as part of our annual IT review.,False
P00060,The annual IT review is a key compliance control that ensures our firewalls are configured correctly and securely.,1,COMPLIANT,CE1_Firewalls,Cyber Essentials,firewall rules reviewed periodically,llm_paraphrase,S0010,We check the firewall configuration as part of our annual IT review.,False
P00061,The administrative interface of our firewall is not accessible from the internet.,1,COMPLIANT,CE1_Firewalls,Cyber Essentials,admin interface protected / not internet-facing,llm_paraphrase,S0011,The firewall's administrative interface is not accessible from the internet.,False
P00062,Our firewall's internet connectivity is not enabled.,1,COMPLIANT,CE1_Firewalls,Cyber Essentials,admin interface protected / not internet-facing,llm_paraphrase,S0011,The firewall's administrative interface is not accessible from the internet.,False
P00063,The firewall's administrative interface is currently inaccessible from the public network.,1,COMPLIANT,CE1_Firewalls,Cyber Essentials,admin interface protected / not internet-facing,llm_paraphrase,S0011,The firewall's administrative interface is not accessible from the internet.,False
P00064,Our firewall's internet setting is set to 'not accessible'.,1,COMPLIANT,CE1_Firewalls,Cyber Essentials,admin interface protected / not internet-facing,llm_paraphrase,S0011,The firewall's administrative interface is not accessible from the internet.,False
P00065,"We have a firewall in place, but its admin interface cannot be accessed online.",1,COMPLIANT,CE1_Firewalls,Cyber Essentials,admin interface protected / not internet-facing,llm_paraphrase,S0011,The firewall's administrative interface is not accessible from the internet.,False
P00066,The firewall's internet access is currently disabled.,1,COMPLIANT,CE1_Firewalls,Cyber Essentials,admin interface protected / not internet-facing,llm_paraphrase,S0011,The firewall's administrative interface is not accessible from the internet.,False
P00067,Remote management of the router requires multi-factor authentication to be implemented,1,COMPLIANT,CE1_Firewalls,Cyber Essentials,admin interface protected / not internet-facing,llm_paraphrase,S0012,Remote management of the router requires multi-factor authentication.,False
P00068,Multi-factor authentication must be used when remotely managing the router,1,COMPLIANT,CE1_Firewalls,Cyber Essentials,admin interface protected / not internet-facing,llm_paraphrase,S0012,Remote management of the router requires multi-factor authentication.,False
P00069,Remote router management is only permitted with multi-factor authentication in place,1,COMPLIANT,CE1_Firewalls,Cyber Essentials,admin interface protected / not internet-facing,llm_paraphrase,S0012,Remote management of the router requires multi-factor authentication.,False
P00070,Multi-factor authentication is mandatory for all remote router management activities,1,COMPLIANT,CE1_Firewalls,Cyber Essentials,admin interface protected / not internet-facing,llm_paraphrase,S0012,Remote management of the router requires multi-factor authentication.,False
P00071,The router management protocol requires multi-factor authentication for all remote access,1,COMPLIANT,CE1_Firewalls,Cyber Essentials,admin interface protected / not internet-facing,llm_paraphrase,S0012,Remote management of the router requires multi-factor authentication.,False
P00072,Remote access to the router must be authenticated using multi-factor methods,1,COMPLIANT,CE1_Firewalls,Cyber Essentials,admin interface protected / not internet-facing,llm_paraphrase,S0012,Remote management of the router requires multi-factor authentication.,False
P00073,The staff network is segregated from the guest Wi-Fi for visitors and residents to maintain confidentiality and data protection.,1,COMPLIANT,CE1_Firewalls,Cyber Essentials,boundary firewall in place and configured,llm_paraphrase,S0013,Guest Wi-Fi for visitors and residents is kept separate from the staff network.,False
P00074,It is essential that the guest Wi-Fi for visitors and residents is isolated from the staff network.,1,COMPLIANT,CE1_Firewalls,Cyber Essentials,boundary firewall in place and configured,llm_paraphrase,S0013,Guest Wi-Fi for visitors and residents is kept separate from the staff network.,False
P00075,Resident and visitor Wi-Fi must be separated from the staff network to prevent data breaches.,1,COMPLIANT,CE1_Firewalls,Cyber Essentials,boundary firewall in place and configured,llm_paraphrase,S0013,Guest Wi-Fi for visitors and residents is kept separate from the staff network.,False
P00076,The guest Wi-Fi for residents and visitors is kept on a separate network from the staff network.,1,COMPLIANT,CE1_Firewalls,Cyber Essentials,boundary firewall in place and configured,llm_paraphrase,S0013,Guest Wi-Fi for visitors and residents is kept separate from the staff network.,False
P00077,A separate network for guest Wi-Fi must be established for visitors and residents to prevent data mixing.,1,COMPLIANT,CE1_Firewalls,Cyber Essentials,boundary firewall in place and configured,llm_paraphrase,S0013,Guest Wi-Fi for visitors and residents is kept separate from the staff network.,False
P00078,"The guest Wi-Fi for visitors and residents must be on a distinct, staff-separated network for privacy and security reasons.",1,COMPLIANT,CE1_Firewalls,Cyber Essentials,boundary firewall in place and configured,llm_paraphrase,S0013,Guest Wi-Fi for visitors and residents is kept separate from the staff network.,False
P00079,All unused ports on the network equipment must be disabled to maintain security,1,COMPLIANT,CE1_Firewalls,Cyber Essentials,inbound connections blocked by default,llm_paraphrase,S0014,Unused ports on the network equipment have been disabled.,False
P00080,Unused ports on the network equipment are mandatory to be disabled,1,COMPLIANT,CE1_Firewalls,Cyber Essentials,inbound connections blocked by default,llm_paraphrase,S0014,Unused ports on the network equipment have been disabled.,False
P00081,All unused ports on network equipment must be disabled in accordance with security protocols,1,COMPLIANT,CE1_Firewalls,Cyber Essentials,inbound connections blocked by default,llm_paraphrase,S0014,Unused ports on the network equipment have been disabled.,False
P00082,Disabled ports on network equipment are a requirement for regulatory compliance,1,COMPLIANT,CE1_Firewalls,Cyber Essentials,inbound connections blocked by default,llm_paraphrase,S0014,Unused ports on the network equipment have been disabled.,False
P00083,Unused ports on network equipment must be disabled as part of our security policy,1,COMPLIANT,CE1_Firewalls,Cyber Essentials,inbound connections blocked by default,llm_paraphrase,S0014,Unused ports on the network equipment have been disabled.,False
P00084,All unused network ports on equipment must be disabled for network security purposes,1,COMPLIANT,CE1_Firewalls,Cyber Essentials,inbound connections blocked by default,llm_paraphrase,S0014,Unused ports on the network equipment have been disabled.,False
P00085,There is no network firewall in place to protect the home's internet access.,0,NON_COMPLIANT,CE1_Firewalls,Cyber Essentials,no firewall at the network boundary,llm_paraphrase,S0015,There is no firewall protecting the home's network from the internet.,False
P00086,A network firewall is required to safeguard the home's online connectivity.,0,NON_COMPLIANT,CE1_Firewalls,Cyber Essentials,no firewall at the network boundary,llm_paraphrase,S0015,There is no firewall protecting the home's network from the internet.,False
P00087,Internet access is not properly secured due to the absence of a firewall.,0,NON_COMPLIANT,CE1_Firewalls,Cyber Essentials,no firewall at the network boundary,llm_paraphrase,S0015,There is no firewall protecting the home's network from the internet.,False
P00088,The home's network is not protected from external internet threats without a firewall.,0,NON_COMPLIANT,CE1_Firewalls,Cyber Essentials,no firewall at the network boundary,llm_paraphrase,S0015,There is no firewall protecting the home's network from the internet.,False
P00089,A firewall is essential to defend the home's online presence against cyber threats.,0,NON_COMPLIANT,CE1_Firewalls,Cyber Essentials,no firewall at the network boundary,llm_paraphrase,S0015,There is no firewall protecting the home's network from the internet.,False
P00090,"Proper network protection is not in place, as a firewall is not implemented to safeguard internet access.",0,NON_COMPLIANT,CE1_Firewalls,Cyber Essentials,no firewall at the network boundary,llm_paraphrase,S0015,There is no firewall protecting the home's network from the internet.,False
P00091,"The broadband router was installed in accordance with the organisation's security protocols, which includes firewall configuration.",0,NON_COMPLIANT,CE1_Firewalls,Cyber Essentials,no firewall at the network boundary,llm_paraphrase,S0016,The broadband router was installed without any firewall configuration.,False
P00092,"The broadband router installation did not meet the required security parameters, specifically lacking firewall configuration.",0,NON_COMPLIANT,CE1_Firewalls,Cyber Essentials,no firewall at the network boundary,llm_paraphrase,S0016,The broadband router was installed without any firewall configuration.,False
P00093,It has been confirmed that the broadband router was installed without the mandatory firewall configuration.,0,NON_COMPLIANT,CE1_Firewalls,Cyber Essentials,no firewall at the network boundary,llm_paraphrase,S0016,The broadband router was installed without any firewall configuration.,False
P00094,"The broadband router setup did not adhere to the specified security requirements, notably the absence of firewall configuration.",0,NON_COMPLIANT,CE1_Firewalls,Cyber Essentials,no firewall at the network boundary,llm_paraphrase,S0016,The broadband router was installed without any firewall configuration.,False
P00095,"A critical oversight was identified in the broadband router installation, namely the lack of firewall configuration.",0,NON_COMPLIANT,CE1_Firewalls,Cyber Essentials,no firewall at the network boundary,llm_paraphrase,S0016,The broadband router was installed without any firewall configuration.,False
P00096,The organisation's security protocol dictates that the broadband router must have firewall configuration; installation without this is unacceptable.,0,NON_COMPLIANT,CE1_Firewalls,Cyber Essentials,no firewall at the network boundary,llm_paraphrase,S0016,The broadband router was installed without any firewall configuration.,False
P00097,All staff are required to ensure software firewalls are enabled on all office computers at all times.,0,NON_COMPLIANT,CE1_Firewalls,Cyber Essentials,firewalls disabled or absent on devices,llm_paraphrase,S0017,Software firewalls have been turned off on several office computers.,False
P00098,The absence of software firewalls on office computers is strictly prohibited.,0,NON_COMPLIANT,CE1_Firewalls,Cyber Essentials,firewalls disabled or absent on devices,llm_paraphrase,S0017,Software firewalls have been turned off on several office computers.,False
P00099,Compliance with this policy dictates that software firewalls are always active on office computers.,0,NON_COMPLIANT,CE1_Firewalls,Cyber Essentials,firewalls disabled or absent on devices,llm_paraphrase,S0017,Software firewalls have been turned off on several office computers.,False
P00100,Failure to enable software firewalls on office computers will result in immediate disciplinary action.,0,NON_COMPLIANT,CE1_Firewalls,Cyber Essentials,firewalls disabled or absent on devices,llm_paraphrase,S0017,Software firewalls have been turned off on several office computers.,False
P00101,Regular audits will be conducted to verify software firewalls are enabled on all office computers.,0,NON_COMPLIANT,CE1_Firewalls,Cyber Essentials,firewalls disabled or absent on devices,llm_paraphrase,S0017,Software firewalls have been turned off on several office computers.,False
P00102,Non-compliance with this policy will be recorded in staff personnel records and used for future disciplinary action.,0,NON_COMPLIANT,CE1_Firewalls,Cyber Essentials,firewalls disabled or absent on devices,llm_paraphrase,S0017,Software firewalls have been turned off on several office computers.,False
P00103,Staff laptops used away from the home must be configured to have a firewall enabled at all times.,0,NON_COMPLIANT,CE1_Firewalls,Cyber Essentials,firewalls disabled or absent on devices,llm_paraphrase,S0018,Staff laptops used away from the home do not have a firewall enabled.,False
P00104,All staff laptops used outside the care home premises must have a firewall enabled.,0,NON_COMPLIANT,CE1_Firewalls,Cyber Essentials,firewalls disabled or absent on devices,llm_paraphrase,S0018,Staff laptops used away from the home do not have a firewall enabled.,False
P00105,Laptops used by staff for personal use outside the home are not permitted without a firewall.,0,NON_COMPLIANT,CE1_Firewalls,Cyber Essentials,firewalls disabled or absent on devices,llm_paraphrase,S0018,Staff laptops used away from the home do not have a firewall enabled.,False
P00106,The use of staff laptops away from the care home is subject to a firewall requirement.,0,NON_COMPLIANT,CE1_Firewalls,Cyber Essentials,firewalls disabled or absent on devices,llm_paraphrase,S0018,Staff laptops used away from the home do not have a firewall enabled.,False
P00107,Firewalls must be enabled on all staff laptops when used away from the home premises.,0,NON_COMPLIANT,CE1_Firewalls,Cyber Essentials,firewalls disabled or absent on devices,llm_paraphrase,S0018,Staff laptops used away from the home do not have a firewall enabled.,False
P00108,Laptops used by care home staff for personal purposes outside the premises do not have a firewall enabled.,0,NON_COMPLIANT,CE1_Firewalls,Cyber Essentials,firewalls disabled or absent on devices,llm_paraphrase,S0018,Staff laptops used away from the home do not have a firewall enabled.,False
P00109,"The router's default password remains unchanged, as per policy, and must be updated forthwith.",0,NON_COMPLIANT,CE1_Firewalls,Cyber Essentials,default router/firewall passwords still in use,llm_paraphrase,S0019,The router is still using the default password printed on the label.,False
P00110,"The router continues to utilise its default password, which is contrary to established protocol.",0,NON_COMPLIANT,CE1_Firewalls,Cyber Essentials,default router/firewall passwords still in use,llm_paraphrase,S0019,The router is still using the default password printed on the label.,False
P00111,"The router's default password has not been modified, in breach of our security protocols.",0,NON_COMPLIANT,CE1_Firewalls,Cyber Essentials,default router/firewall passwords still in use,llm_paraphrase,S0019,The router is still using the default password printed on the label.,False
P00112,"The default password on the router has not been modified, as required by our data protection procedures.",0,NON_COMPLIANT,CE1_Firewalls,Cyber Essentials,default router/firewall passwords still in use,llm_paraphrase,S0019,The router is still using the default password printed on the label.,False
P00113,"The router is still using its default password, in direct contravention of our IT security guidelines.",0,NON_COMPLIANT,CE1_Firewalls,Cyber Essentials,default router/firewall passwords still in use,llm_paraphrase,S0019,The router is still using the default password printed on the label.,False
P00114,"The router's default password has not been altered, contrary to our organisation's standard security practices.",0,NON_COMPLIANT,CE1_Firewalls,Cyber Essentials,default router/firewall passwords still in use,llm_paraphrase,S0019,The router is still using the default password printed on the label.,False
P00115,The manufacturer's password was not updated during firewall configuration.,0,NON_COMPLIANT,CE1_Firewalls,Cyber Essentials,default router/firewall passwords still in use,llm_paraphrase,S0020,Nobody changed the manufacturer's password when the firewall was set up.,False
P00116,Failure to update the manufacturer's password when setting up the firewall is a critical control breach.,0,NON_COMPLIANT,CE1_Firewalls,Cyber Essentials,default router/firewall passwords still in use,llm_paraphrase,S0020,Nobody changed the manufacturer's password when the firewall was set up.,False
P00117,The firewall's manufacturer password was not modified when the system was initially set up.,0,NON_COMPLIANT,CE1_Firewalls,Cyber Essentials,default router/firewall passwords still in use,llm_paraphrase,S0020,Nobody changed the manufacturer's password when the firewall was set up.,False
P00118,The failure to update the manufacturer's password during firewall installation is a significant security vulnerability.,0,NON_COMPLIANT,CE1_Firewalls,Cyber Essentials,default router/firewall passwords still in use,llm_paraphrase,S0020,Nobody changed the manufacturer's password when the firewall was set up.,False
P00119,The setting up of the firewall did not involve updating the manufacturer's password.,0,NON_COMPLIANT,CE1_Firewalls,Cyber Essentials,default router/firewall passwords still in use,llm_paraphrase,S0020,Nobody changed the manufacturer's password when the firewall was set up.,False
P00120,Not updating the manufacturer's password during firewall setup constitutes a critical compliance failure.,0,NON_COMPLIANT,CE1_Firewalls,Cyber Essentials,default router/firewall passwords still in use,llm_paraphrase,S0020,Nobody changed the manufacturer's password when the firewall was set up.,False
P00121,Internet incoming connections are not adequately restricted.,0,NON_COMPLIANT,CE1_Firewalls,Cyber Essentials,inbound connections open or unrestricted,llm_paraphrase,S0021,Incoming connections from the internet are not restricted.,False
P00122,Staff are not required to restrict incoming internet connections.,0,NON_COMPLIANT,CE1_Firewalls,Cyber Essentials,inbound connections open or unrestricted,llm_paraphrase,S0021,Incoming connections from the internet are not restricted.,False
P00123,Incoming internet connections are not subject to mandatory filtering.,0,NON_COMPLIANT,CE1_Firewalls,Cyber Essentials,inbound connections open or unrestricted,llm_paraphrase,S0021,Incoming connections from the internet are not restricted.,False
P00124,No filtering mechanism is in place to restrict incoming internet connections.,0,NON_COMPLIANT,CE1_Firewalls,Cyber Essentials,inbound connections open or unrestricted,llm_paraphrase,S0021,Incoming connections from the internet are not restricted.,False
P00125,Incoming internet connections are not restricted by default settings.,0,NON_COMPLIANT,CE1_Firewalls,Cyber Essentials,inbound connections open or unrestricted,llm_paraphrase,S0021,Incoming connections from the internet are not restricted.,False
P00126,Internet incoming connections are not subject to restrictive security protocols.,0,NON_COMPLIANT,CE1_Firewalls,Cyber Essentials,inbound connections open or unrestricted,llm_paraphrase,S0021,Incoming connections from the internet are not restricted.,False
P00127,The firewall's default configuration enables unrestricted inbound traffic.,0,NON_COMPLIANT,CE1_Firewalls,Cyber Essentials,inbound connections open or unrestricted,llm_paraphrase,S0022,The firewall allows all inbound traffic through by default.,False
P00128,"By default, the firewall allows all inbound traffic.",0,NON_COMPLIANT,CE1_Firewalls,Cyber Essentials,inbound connections open or unrestricted,llm_paraphrase,S0022,The firewall allows all inbound traffic through by default.,False
P00129,All inbound traffic is permitted through the firewall by default.,0,NON_COMPLIANT,CE1_Firewalls,Cyber Essentials,inbound connections open or unrestricted,llm_paraphrase,S0022,The firewall allows all inbound traffic through by default.,False
P00130,The firewall's default setting allows all inbound traffic to pass through.,0,NON_COMPLIANT,CE1_Firewalls,Cyber Essentials,inbound connections open or unrestricted,llm_paraphrase,S0022,The firewall allows all inbound traffic through by default.,False
P00131,Inbound traffic is permitted to pass through the firewall by default.,0,NON_COMPLIANT,CE1_Firewalls,Cyber Essentials,inbound connections open or unrestricted,llm_paraphrase,S0022,The firewall allows all inbound traffic through by default.,False
P00132,The firewall's default configuration fails to restrict inbound traffic.,0,NON_COMPLIANT,CE1_Firewalls,Cyber Essentials,inbound connections open or unrestricted,llm_paraphrase,S0022,The firewall allows all inbound traffic through by default.,False
P00133,Review of firewall settings has not been carried out since the system was implemented.,0,NON_COMPLIANT,CE1_Firewalls,Cyber Essentials,firewall never reviewed or configured,llm_paraphrase,S0023,The firewall settings have not been reviewed since the system was installed.,False
P00134,Firewall settings were not reviewed after the system was installed.,0,NON_COMPLIANT,CE1_Firewalls,Cyber Essentials,firewall never reviewed or configured,llm_paraphrase,S0023,The firewall settings have not been reviewed since the system was installed.,False
P00135,Fail to review firewall settings is a requirement and has not been met.,0,NON_COMPLIANT,CE1_Firewalls,Cyber Essentials,firewall never reviewed or configured,llm_paraphrase,S0023,The firewall settings have not been reviewed since the system was installed.,False
P00136,System firewall settings remain unreviewed since installation.,0,NON_COMPLIANT,CE1_Firewalls,Cyber Essentials,firewall never reviewed or configured,llm_paraphrase,S0023,The firewall settings have not been reviewed since the system was installed.,False
P00137,Non-compliance with security protocol is evident: firewall settings have not been reviewed since system activation.,0,NON_COMPLIANT,CE1_Firewalls,Cyber Essentials,firewall never reviewed or configured,llm_paraphrase,S0023,The firewall settings have not been reviewed since the system was installed.,False
P00138,No firewall review has taken place for over two years,0,NON_COMPLIANT,CE1_Firewalls,Cyber Essentials,firewall never reviewed or configured,llm_paraphrase,S0024,No one has looked at the firewall rules in over two years.,False
P00139,The firewall rules have not been assessed since 2021,0,NON_COMPLIANT,CE1_Firewalls,Cyber Essentials,firewall never reviewed or configured,llm_paraphrase,S0024,No one has looked at the firewall rules in over two years.,False
P00140,Firewall rules have not been reviewed for an excessively long period,0,NON_COMPLIANT,CE1_Firewalls,Cyber Essentials,firewall never reviewed or configured,llm_paraphrase,S0024,No one has looked at the firewall rules in over two years.,False
P00141,A review of firewall rules has been significantly overdue for 2 years,0,NON_COMPLIANT,CE1_Firewalls,Cyber Essentials,firewall never reviewed or configured,llm_paraphrase,S0024,No one has looked at the firewall rules in over two years.,False
P00142,The current firewall rules have not been evaluated in over 24 months,0,NON_COMPLIANT,CE1_Firewalls,Cyber Essentials,firewall never reviewed or configured,llm_paraphrase,S0024,No one has looked at the firewall rules in over two years.,False
P00143,A review of the firewall rules has been conspicuously absent for nearly two years,0,NON_COMPLIANT,CE1_Firewalls,Cyber Essentials,firewall never reviewed or configured,llm_paraphrase,S0024,No one has looked at the firewall rules in over two years.,False
P00144,The internet connection to the router's admin console is exposed and unsecured.,0,NON_COMPLIANT,CE1_Firewalls,Cyber Essentials,admin console exposed to internet without protection,llm_paraphrase,S0025,The router's admin console can be reached from the internet without protection.,False
P00145,The router's admin console is accessible online without any measures in place to protect it.,0,NON_COMPLIANT,CE1_Firewalls,Cyber Essentials,admin console exposed to internet without protection,llm_paraphrase,S0025,The router's admin console can be reached from the internet without protection.,False
P00146,Failure to secure the router's admin console online is a breach of policy.,0,NON_COMPLIANT,CE1_Firewalls,Cyber Essentials,admin console exposed to internet without protection,llm_paraphrase,S0025,The router's admin console can be reached from the internet without protection.,False
P00147,The router's admin console is not adequately protected when accessed remotely.,0,NON_COMPLIANT,CE1_Firewalls,Cyber Essentials,admin console exposed to internet without protection,llm_paraphrase,S0025,The router's admin console can be reached from the internet without protection.,False
P00148,The router's admin console is accessible via the internet without any security safeguards.,0,NON_COMPLIANT,CE1_Firewalls,Cyber Essentials,admin console exposed to internet without protection,llm_paraphrase,S0025,The router's admin console can be reached from the internet without protection.,False
P00149,Internet access to the router's admin console is not adequately secured.,0,NON_COMPLIANT,CE1_Firewalls,Cyber Essentials,admin console exposed to internet without protection,llm_paraphrase,S0025,The router's admin console can be reached from the internet without protection.,False
P00150,The use of the same Wi-Fi network by visitors and staff is not acceptable.,0,NON_COMPLIANT,CE1_Firewalls,Cyber Essentials,no firewall at the network boundary,llm_paraphrase,S0026,Visitors and staff use the same Wi-Fi network with no separation between them.,False
P00151,Visitors and staff must use separate Wi-Fi connections.,0,NON_COMPLIANT,CE1_Firewalls,Cyber Essentials,no firewall at the network boundary,llm_paraphrase,S0026,Visitors and staff use the same Wi-Fi network with no separation between them.,False
P00152,Separate Wi-Fi connections for visitors and staff are mandatory.,0,NON_COMPLIANT,CE1_Firewalls,Cyber Essentials,no firewall at the network boundary,llm_paraphrase,S0026,Visitors and staff use the same Wi-Fi network with no separation between them.,False
P00153,Visitors and staff cannot share the same Wi-Fi network.,0,NON_COMPLIANT,CE1_Firewalls,Cyber Essentials,no firewall at the network boundary,llm_paraphrase,S0026,Visitors and staff use the same Wi-Fi network with no separation between them.,False
P00154,The use of shared Wi-Fi for visitors and staff is strictly forbidden.,0,NON_COMPLIANT,CE1_Firewalls,Cyber Essentials,no firewall at the network boundary,llm_paraphrase,S0026,Visitors and staff use the same Wi-Fi network with no separation between them.,False
P00155,Visitors and staff must access the internet separately.,0,NON_COMPLIANT,CE1_Firewalls,Cyber Essentials,no firewall at the network boundary,llm_paraphrase,S0026,Visitors and staff use the same Wi-Fi network with no separation between them.,False
P00156,All ports on the router were left open during initial setup,0,NON_COMPLIANT,CE1_Firewalls,Cyber Essentials,inbound connections open or unrestricted,llm_paraphrase,S0027,All ports on the router were left open when the network was set up.,False
P00157,Ports on the router must be closed when the network is set up,0,NON_COMPLIANT,CE1_Firewalls,Cyber Essentials,inbound connections open or unrestricted,llm_paraphrase,S0027,All ports on the router were left open when the network was set up.,False
P00158,"During network setup, ports on the router should be closed",0,NON_COMPLIANT,CE1_Firewalls,Cyber Essentials,inbound connections open or unrestricted,llm_paraphrase,S0027,All ports on the router were left open when the network was set up.,False
P00159,It is mandatory to close all ports on the router during initial setup,0,NON_COMPLIANT,CE1_Firewalls,Cyber Essentials,inbound connections open or unrestricted,llm_paraphrase,S0027,All ports on the router were left open when the network was set up.,False
P00160,The network setup process requires all ports on the router to be closed,0,NON_COMPLIANT,CE1_Firewalls,Cyber Essentials,inbound connections open or unrestricted,llm_paraphrase,S0027,All ports on the router were left open when the network was set up.,False
P00161,Ports on the router must be closed at the time of network setup,0,NON_COMPLIANT,CE1_Firewalls,Cyber Essentials,inbound connections open or unrestricted,llm_paraphrase,S0027,All ports on the router were left open when the network was set up.,False
P00162,The care records system lacked a firewall protection in place.,0,NON_COMPLIANT,CE1_Firewalls,Cyber Essentials,no firewall at the network boundary,llm_paraphrase,S0028,There was no evidence of any firewall protecting the care records system.,False
P00163,No firewall safeguards were in effect for the care records system.,0,NON_COMPLIANT,CE1_Firewalls,Cyber Essentials,no firewall at the network boundary,llm_paraphrase,S0028,There was no evidence of any firewall protecting the care records system.,False
P00164,The care records system was found to be without a firewall protecting its data.,0,NON_COMPLIANT,CE1_Firewalls,Cyber Essentials,no firewall at the network boundary,llm_paraphrase,S0028,There was no evidence of any firewall protecting the care records system.,False
P00165,A firewall was not implemented to secure the care records system.,0,NON_COMPLIANT,CE1_Firewalls,Cyber Essentials,no firewall at the network boundary,llm_paraphrase,S0028,There was no evidence of any firewall protecting the care records system.,False
P00166,The care records system failed to utilise a firewall for its data protection.,0,NON_COMPLIANT,CE1_Firewalls,Cyber Essentials,no firewall at the network boundary,llm_paraphrase,S0028,There was no evidence of any firewall protecting the care records system.,False
P00167,"The care records system was unprotected by a firewall, as no safeguards were in place.",0,NON_COMPLIANT,CE1_Firewalls,Cyber Essentials,no firewall at the network boundary,llm_paraphrase,S0028,There was no evidence of any firewall protecting the care records system.,False
P00168,Default passwords must be changed prior to device activation to ensure secure access.,1,COMPLIANT,CE2_SecureConfig,Cyber Essentials,default passwords changed before deployment,llm_paraphrase,S0029,Default passwords are changed on every new device before staff use it.,False
P00169,Staff are required to change default passwords on every new device before using it.,1,COMPLIANT,CE2_SecureConfig,Cyber Essentials,default passwords changed before deployment,llm_paraphrase,S0029,Default passwords are changed on every new device before staff use it.,False
P00170,All new devices are subject to a password change procedure to prevent unauthorised access.,1,COMPLIANT,CE2_SecureConfig,Cyber Essentials,default passwords changed before deployment,llm_paraphrase,S0029,Default passwords are changed on every new device before staff use it.,False
P00171,Changing default passwords is a mandatory step for all new device users.,1,COMPLIANT,CE2_SecureConfig,Cyber Essentials,default passwords changed before deployment,llm_paraphrase,S0029,Default passwords are changed on every new device before staff use it.,False
P00172,New devices must be configured with a unique password before staff access them.,1,COMPLIANT,CE2_SecureConfig,Cyber Essentials,default passwords changed before deployment,llm_paraphrase,S0029,Default passwords are changed on every new device before staff use it.,False
P00173,Changing default passwords is a precondition for device activation to maintain confidentiality.,1,COMPLIANT,CE2_SecureConfig,Cyber Essentials,default passwords changed before deployment,llm_paraphrase,S0029,Default passwords are changed on every new device before staff use it.,False
P00174,"All equipment must be configured with a unique password to ensure security, as using the factory default is not permitted.",1,COMPLIANT,CE2_SecureConfig,Cyber Essentials,default passwords changed before deployment,llm_paraphrase,S0030,All equipment is set up with a unique password rather than the factory default.,False
P00175,"It is essential that all equipment is set up with a unique password, as the factory default is not acceptable.",1,COMPLIANT,CE2_SecureConfig,Cyber Essentials,default passwords changed before deployment,llm_paraphrase,S0030,All equipment is set up with a unique password rather than the factory default.,False
P00176,"The use of a unique password for all equipment is mandatory, while the factory default is not authorised.",1,COMPLIANT,CE2_SecureConfig,Cyber Essentials,default passwords changed before deployment,llm_paraphrase,S0030,All equipment is set up with a unique password rather than the factory default.,False
P00177,"All equipment must have a unique password, not the factory default, to maintain security standards.",1,COMPLIANT,CE2_SecureConfig,Cyber Essentials,default passwords changed before deployment,llm_paraphrase,S0030,All equipment is set up with a unique password rather than the factory default.,False
P00178,"Equipment must be configured with a unique password, rather than the factory default, to comply with security regulations.",1,COMPLIANT,CE2_SecureConfig,Cyber Essentials,default passwords changed before deployment,llm_paraphrase,S0030,All equipment is set up with a unique password rather than the factory default.,False
P00179,"The factory default for all equipment is not permitted, and a unique password must be set up in its place for security purposes.",1,COMPLIANT,CE2_SecureConfig,Cyber Essentials,default passwords changed before deployment,llm_paraphrase,S0030,All equipment is set up with a unique password rather than the factory default.,False
P00180,All software not required for care provision has been removed from our IT systems.,1,COMPLIANT,CE2_SecureConfig,Cyber Essentials,unnecessary software removed or disabled,llm_paraphrase,S0031,Software that is not needed for care delivery has been removed from our computers.,False
P00181,Software not necessary for care delivery has been deleted from our computers.,1,COMPLIANT,CE2_SecureConfig,Cyber Essentials,unnecessary software removed or disabled,llm_paraphrase,S0031,Software that is not needed for care delivery has been removed from our computers.,False
P00182,Care home IT systems are free from unnecessary software.,1,COMPLIANT,CE2_SecureConfig,Cyber Essentials,unnecessary software removed or disabled,llm_paraphrase,S0031,Software that is not needed for care delivery has been removed from our computers.,False
P00183,Software used only for administrative purposes has been removed from our computers.,1,COMPLIANT,CE2_SecureConfig,Cyber Essentials,unnecessary software removed or disabled,llm_paraphrase,S0031,Software that is not needed for care delivery has been removed from our computers.,False
P00184,All non-essential software has been deleted from our IT infrastructure.,1,COMPLIANT,CE2_SecureConfig,Cyber Essentials,unnecessary software removed or disabled,llm_paraphrase,S0031,Software that is not needed for care delivery has been removed from our computers.,False
P00185,Our IT systems are now free from all unnecessary software.,1,COMPLIANT,CE2_SecureConfig,Cyber Essentials,unnecessary software removed or disabled,llm_paraphrase,S0031,Software that is not needed for care delivery has been removed from our computers.,False
P00186,All staff applications must be removed from their devices prior to departure,1,COMPLIANT,CE2_SecureConfig,Cyber Essentials,unnecessary software removed or disabled,llm_paraphrase,S0032,We uninstall any applications that are not required for staff to do their jobs.,False
P00187,Staff are expected to uninstall all unnecessary applications,1,COMPLIANT,CE2_SecureConfig,Cyber Essentials,unnecessary software removed or disabled,llm_paraphrase,S0032,We uninstall any applications that are not required for staff to do their jobs.,False
P00188,All staff applications are subject to mandatory uninstallation at the end of each shift,1,COMPLIANT,CE2_SecureConfig,Cyber Essentials,unnecessary software removed or disabled,llm_paraphrase,S0032,We uninstall any applications that are not required for staff to do their jobs.,False
P00189,Uninstallation of non-staff applications is mandatory for device security,1,COMPLIANT,CE2_SecureConfig,Cyber Essentials,unnecessary software removed or disabled,llm_paraphrase,S0032,We uninstall any applications that are not required for staff to do their jobs.,False
P00190,Applications not required for staff duties must be uninstalled from staff devices,1,COMPLIANT,CE2_SecureConfig,Cyber Essentials,unnecessary software removed or disabled,llm_paraphrase,S0032,We uninstall any applications that are not required for staff to do their jobs.,False
P00191,All staff have a responsibility to uninstall unnecessary applications from their work devices,1,COMPLIANT,CE2_SecureConfig,Cyber Essentials,unnecessary software removed or disabled,llm_paraphrase,S0032,We uninstall any applications that are not required for staff to do their jobs.,False
P00192,All former staff user accounts are immediately disabled and removed from the system.,1,COMPLIANT,CE2_SecureConfig,Cyber Essentials,unused user accounts disabled/removed,llm_paraphrase,S0033,User accounts belonging to former staff are disabled and removed.,False
P00193,Former staff members' user accounts are deleted upon departure.,1,COMPLIANT,CE2_SecureConfig,Cyber Essentials,unused user accounts disabled/removed,llm_paraphrase,S0033,User accounts belonging to former staff are disabled and removed.,False
P00194,"Upon staff resignation or termination, their user accounts are disabled and subsequently deleted.",1,COMPLIANT,CE2_SecureConfig,Cyber Essentials,unused user accounts disabled/removed,llm_paraphrase,S0033,User accounts belonging to former staff are disabled and removed.,False
P00195,"When a staff member leaves the home, their user account is disabled and removed from the system.",1,COMPLIANT,CE2_SecureConfig,Cyber Essentials,unused user accounts disabled/removed,llm_paraphrase,S0033,User accounts belonging to former staff are disabled and removed.,False
P00196,Former staff members' accounts are disabled upon departure and deleted from the system.,1,COMPLIANT,CE2_SecureConfig,Cyber Essentials,unused user accounts disabled/removed,llm_paraphrase,S0033,User accounts belonging to former staff are disabled and removed.,False
P00197,Staff members' accounts are deleted from the system upon resignation or termination.,1,COMPLIANT,CE2_SecureConfig,Cyber Essentials,unused user accounts disabled/removed,llm_paraphrase,S0033,User accounts belonging to former staff are disabled and removed.,False
P00198,Dormant accounts are scrutinised and closed during our quarterly review process.,1,COMPLIANT,CE2_SecureConfig,Cyber Essentials,unused user accounts disabled/removed,llm_paraphrase,S0034,Dormant accounts are identified and closed during our quarterly account review.,False
P00199,"During our quarterly account review, all dormant accounts are formally closed.",1,COMPLIANT,CE2_SecureConfig,Cyber Essentials,unused user accounts disabled/removed,llm_paraphrase,S0034,Dormant accounts are identified and closed during our quarterly account review.,False
P00200,The quarterly account review identifies and subsequently closes all dormant accounts.,1,COMPLIANT,CE2_SecureConfig,Cyber Essentials,unused user accounts disabled/removed,llm_paraphrase,S0034,Dormant accounts are identified and closed during our quarterly account review.,False
P00201,Dormant accounts are confirmed to be inactive and then closed as part of our regular review cycle.,1,COMPLIANT,CE2_SecureConfig,Cyber Essentials,unused user accounts disabled/removed,llm_paraphrase,S0034,Dormant accounts are identified and closed during our quarterly account review.,False
P00202,"As part of our quarterly account review, all dormant accounts are identified and formally closed.",1,COMPLIANT,CE2_SecureConfig,Cyber Essentials,unused user accounts disabled/removed,llm_paraphrase,S0034,Dormant accounts are identified and closed during our quarterly account review.,False
P00203,All dormant accounts are reviewed and then closed during our quarterly review process.,1,COMPLIANT,CE2_SecureConfig,Cyber Essentials,unused user accounts disabled/removed,llm_paraphrase,S0034,Dormant accounts are identified and closed during our quarterly account review.,False
P00204,Auto-run is disabled to prevent USB sticks from launching programs automatically.,1,COMPLIANT,CE2_SecureConfig,Cyber Essentials,auto-run/auto-play disabled,llm_paraphrase,S0035,Auto-run is disabled so USB sticks cannot launch programs automatically.,False
P00205,All USB devices are prohibited from auto-running to maintain system security.,1,COMPLIANT,CE2_SecureConfig,Cyber Essentials,auto-run/auto-play disabled,llm_paraphrase,S0035,Auto-run is disabled so USB sticks cannot launch programs automatically.,False
P00206,The auto-run function is disabled on USB sticks to prevent unauthorised programme launches.,1,COMPLIANT,CE2_SecureConfig,Cyber Essentials,auto-run/auto-play disabled,llm_paraphrase,S0035,Auto-run is disabled so USB sticks cannot launch programs automatically.,False
P00207,USB stick auto-run has been disabled to prevent programmes from launching without user consent.,1,COMPLIANT,CE2_SecureConfig,Cyber Essentials,auto-run/auto-play disabled,llm_paraphrase,S0035,Auto-run is disabled so USB sticks cannot launch programs automatically.,False
P00208,The auto-run feature is disabled on all USB devices to prevent accidental programme launches.,1,COMPLIANT,CE2_SecureConfig,Cyber Essentials,auto-run/auto-play disabled,llm_paraphrase,S0035,Auto-run is disabled so USB sticks cannot launch programs automatically.,False
P00209,All USB devices are prohibited from executing programmes automatically to maintain system integrity.,1,COMPLIANT,CE2_SecureConfig,Cyber Essentials,auto-run/auto-play disabled,llm_paraphrase,S0035,Auto-run is disabled so USB sticks cannot launch programs automatically.,False
P00210,Removable media does not initiate automatically when inserted into our computers.,1,COMPLIANT,CE2_SecureConfig,Cyber Essentials,auto-run/auto-play disabled,llm_paraphrase,S0036,Removable media does not run automatically when plugged into our machines.,False
P00211,Inserting removable media does not trigger automatic operation in our equipment.,1,COMPLIANT,CE2_SecureConfig,Cyber Essentials,auto-run/auto-play disabled,llm_paraphrase,S0036,Removable media does not run automatically when plugged into our machines.,False
P00212,Our machines are not configured to run removable media upon plugging in.,1,COMPLIANT,CE2_SecureConfig,Cyber Essentials,auto-run/auto-play disabled,llm_paraphrase,S0036,Removable media does not run automatically when plugged into our machines.,False
P00213,Removable media is not enabled to run automatically on our computing devices.,1,COMPLIANT,CE2_SecureConfig,Cyber Essentials,auto-run/auto-play disabled,llm_paraphrase,S0036,Removable media does not run automatically when plugged into our machines.,False
P00214,Our machines do not automatically execute removable media upon being inserted.,1,COMPLIANT,CE2_SecureConfig,Cyber Essentials,auto-run/auto-play disabled,llm_paraphrase,S0036,Removable media does not run automatically when plugged into our machines.,False
P00215,Removable media is not set to run automatically when inserted into our systems.,1,COMPLIANT,CE2_SecureConfig,Cyber Essentials,auto-run/auto-play disabled,llm_paraphrase,S0036,Removable media does not run automatically when plugged into our machines.,False
P00216,Devices are configured to our standard security settings prior to being issued to staff.,1,COMPLIANT,CE2_SecureConfig,Cyber Essentials,devices hardened from default settings,llm_paraphrase,S0037,Devices are configured to our security baseline before being issued to staff.,False
P00217,All staff devices must be set to our approved security configuration before use.,1,COMPLIANT,CE2_SecureConfig,Cyber Essentials,devices hardened from default settings,llm_paraphrase,S0037,Devices are configured to our security baseline before being issued to staff.,False
P00218,"As part of our security protocol, devices are configured to our baseline settings before being released to employees.",1,COMPLIANT,CE2_SecureConfig,Cyber Essentials,devices hardened from default settings,llm_paraphrase,S0037,Devices are configured to our security baseline before being issued to staff.,False
P00219,It is mandatory that all devices are configured to our defined security standards before being issued.,1,COMPLIANT,CE2_SecureConfig,Cyber Essentials,devices hardened from default settings,llm_paraphrase,S0037,Devices are configured to our security baseline before being issued to staff.,False
P00220,Devices issued to staff must be configured to our approved security baseline to ensure regulatory compliance.,1,COMPLIANT,CE2_SecureConfig,Cyber Essentials,devices hardened from default settings,llm_paraphrase,S0037,Devices are configured to our security baseline before being issued to staff.,False
P00221,All devices issued to staff must be set to our standard security settings to meet regulatory requirements.,1,COMPLIANT,CE2_SecureConfig,Cyber Essentials,devices hardened from default settings,llm_paraphrase,S0037,Devices are configured to our security baseline before being issued to staff.,False
P00222,Our IT supplier's pre-deployment hardening process is a mandatory requirement for all machines.,1,COMPLIANT,CE2_SecureConfig,Cyber Essentials,devices hardened from default settings,llm_paraphrase,S0038,Our IT supplier hardens each machine before it is deployed in the home.,False
P00223,All deployed machines must undergo the IT supplier's hardening process as a security best practice.,1,COMPLIANT,CE2_SecureConfig,Cyber Essentials,devices hardened from default settings,llm_paraphrase,S0038,Our IT supplier hardens each machine before it is deployed in the home.,False
P00224,The IT supplier's hardening process for each machine is a critical step in ensuring compliance with our security policies.,1,COMPLIANT,CE2_SecureConfig,Cyber Essentials,devices hardened from default settings,llm_paraphrase,S0038,Our IT supplier hardens each machine before it is deployed in the home.,False
P00225,The IT supplier's hardening process is compulsory for every machine before it is deployed in the home.,1,COMPLIANT,CE2_SecureConfig,Cyber Essentials,devices hardened from default settings,llm_paraphrase,S0038,Our IT supplier hardens each machine before it is deployed in the home.,False
P00226,Our IT supplier's hardening process is a mandatory step that must be completed for each machine before deployment.,1,COMPLIANT,CE2_SecureConfig,Cyber Essentials,devices hardened from default settings,llm_paraphrase,S0038,Our IT supplier hardens each machine before it is deployed in the home.,False
P00227,The IT supplier's hardening of each machine is a prerequisite for deployment in our care home.,1,COMPLIANT,CE2_SecureConfig,Cyber Essentials,devices hardened from default settings,llm_paraphrase,S0038,Our IT supplier hardens each machine before it is deployed in the home.,False
P00228,We maintain a comprehensive inventory of all software installed on our computers.,1,COMPLIANT,CE2_SecureConfig,Cyber Essentials,a software/asset inventory maintained,llm_paraphrase,S0039,We keep a record of all software installed across the home's computers.,False
P00229,It is essential that all software installed on our systems is recorded in a central location.,1,COMPLIANT,CE2_SecureConfig,Cyber Essentials,a software/asset inventory maintained,llm_paraphrase,S0039,We keep a record of all software installed across the home's computers.,False
P00230,The installation of any software must be logged and documented in our IT system.,1,COMPLIANT,CE2_SecureConfig,Cyber Essentials,a software/asset inventory maintained,llm_paraphrase,S0039,We keep a record of all software installed across the home's computers.,False
P00231,All software installed on our computers must be recorded in our IT management system.,1,COMPLIANT,CE2_SecureConfig,Cyber Essentials,a software/asset inventory maintained,llm_paraphrase,S0039,We keep a record of all software installed across the home's computers.,False
P00232,We are required to maintain a record of all software installed on our computers in accordance with our IT policies.,1,COMPLIANT,CE2_SecureConfig,Cyber Essentials,a software/asset inventory maintained,llm_paraphrase,S0039,We keep a record of all software installed across the home's computers.,False
P00233,All software installed on our systems must be recorded in our centralised IT management system.,1,COMPLIANT,CE2_SecureConfig,Cyber Essentials,a software/asset inventory maintained,llm_paraphrase,S0039,We keep a record of all software installed across the home's computers.,False
P00234,"An accurate asset register is maintained at all times, detailing every device and application in use.",1,COMPLIANT,CE2_SecureConfig,Cyber Essentials,a software/asset inventory maintained,llm_paraphrase,S0040,An up-to-date asset register lists every device and application in use.,False
P00235,The asset register must be updated regularly to reflect all current devices and applications.,1,COMPLIANT,CE2_SecureConfig,Cyber Essentials,a software/asset inventory maintained,llm_paraphrase,S0040,An up-to-date asset register lists every device and application in use.,False
P00236,Every device and application in use must be included in the up-to-date asset register.,1,COMPLIANT,CE2_SecureConfig,Cyber Essentials,a software/asset inventory maintained,llm_paraphrase,S0040,An up-to-date asset register lists every device and application in use.,False
P00237,The asset register is a live record of all devices and applications currently in use.,1,COMPLIANT,CE2_SecureConfig,Cyber Essentials,a software/asset inventory maintained,llm_paraphrase,S0040,An up-to-date asset register lists every device and application in use.,False
P00238,All devices and applications in use are included in the asset register and regularly reviewed.,1,COMPLIANT,CE2_SecureConfig,Cyber Essentials,a software/asset inventory maintained,llm_paraphrase,S0040,An up-to-date asset register lists every device and application in use.,False
P00239,The asset register is a comprehensive record of all devices and applications in operational use.,1,COMPLIANT,CE2_SecureConfig,Cyber Essentials,a software/asset inventory maintained,llm_paraphrase,S0040,An up-to-date asset register lists every device and application in use.,False
P00240,This is a security risk and devices must be changed to unique passwords immediately,0,NON_COMPLIANT,CE2_SecureConfig,Cyber Essentials,default/manufacturer passwords unchanged,llm_paraphrase,S0041,Devices are still using the default passwords they came with.,False
P00241,"All devices currently using default passwords must be rectified with new, unique passwords",0,NON_COMPLIANT,CE2_SecureConfig,Cyber Essentials,default/manufacturer passwords unchanged,llm_paraphrase,S0041,Devices are still using the default passwords they came with.,False
P00242,Devices are non-compliant until they are updated with alternative passwords,0,NON_COMPLIANT,CE2_SecureConfig,Cyber Essentials,default/manufacturer passwords unchanged,llm_paraphrase,S0041,Devices are still using the default passwords they came with.,False
P00243,Compliance requires devices to use alternative passwords; those using defaults are at risk,0,NON_COMPLIANT,CE2_SecureConfig,Cyber Essentials,default/manufacturer passwords unchanged,llm_paraphrase,S0041,Devices are still using the default passwords they came with.,False
P00244,Regulatory compliance dictates devices be updated with alternative passwords; defaults are unacceptable,0,NON_COMPLIANT,CE2_SecureConfig,Cyber Essentials,default/manufacturer passwords unchanged,llm_paraphrase,S0041,Devices are still using the default passwords they came with.,False
P00245,Devices must be updated to unique passwords to meet minimum compliance standards,0,NON_COMPLIANT,CE2_SecureConfig,Cyber Essentials,default/manufacturer passwords unchanged,llm_paraphrase,S0041,Devices are still using the default passwords they came with.,False
P00246,The care records tablet's factory password has not been updated as required.,0,NON_COMPLIANT,CE2_SecureConfig,Cyber Essentials,default/manufacturer passwords unchanged,llm_paraphrase,S0042,The care records tablet has never had its factory password changed.,False
P00247,No password update has been performed for the care records tablet.,0,NON_COMPLIANT,CE2_SecureConfig,Cyber Essentials,default/manufacturer passwords unchanged,llm_paraphrase,S0042,The care records tablet has never had its factory password changed.,False
P00248,It is mandatory to update the factory password for the care records tablet.,0,NON_COMPLIANT,CE2_SecureConfig,Cyber Essentials,default/manufacturer passwords unchanged,llm_paraphrase,S0042,The care records tablet has never had its factory password changed.,False
P00249,The care records tablet factory password is overdue for a change.,0,NON_COMPLIANT,CE2_SecureConfig,Cyber Essentials,default/manufacturer passwords unchanged,llm_paraphrase,S0042,The care records tablet has never had its factory password changed.,False
P00250,The care records tablet's factory password has not been refreshed.,0,NON_COMPLIANT,CE2_SecureConfig,Cyber Essentials,default/manufacturer passwords unchanged,llm_paraphrase,S0042,The care records tablet has never had its factory password changed.,False
P00251,The care records tablet's password is not in line with current security protocols.,0,NON_COMPLIANT,CE2_SecureConfig,Cyber Essentials,default/manufacturer passwords unchanged,llm_paraphrase,S0042,The care records tablet has never had its factory password changed.,False
P00252,Staff are required to seek prior authorisation before installing software on work computers.,0,NON_COMPLIANT,CE2_SecureConfig,Cyber Essentials,unnecessary or unknown software left installed,llm_paraphrase,S0043,Staff install software on work computers without asking anyone first.,False
P00253,The installation of software on work computers must be approved in advance by designated personnel.,0,NON_COMPLIANT,CE2_SecureConfig,Cyber Essentials,unnecessary or unknown software left installed,llm_paraphrase,S0043,Staff install software on work computers without asking anyone first.,False
P00254,Software installation on work computers is strictly controlled and approval from management is mandatory.,0,NON_COMPLIANT,CE2_SecureConfig,Cyber Essentials,unnecessary or unknown software left installed,llm_paraphrase,S0043,Staff install software on work computers without asking anyone first.,False
P00255,Prior consent is strictly necessary before staff install software on work computers.,0,NON_COMPLIANT,CE2_SecureConfig,Cyber Essentials,unnecessary or unknown software left installed,llm_paraphrase,S0043,Staff install software on work computers without asking anyone first.,False
P00256,All software installations on work computers must be formally sanctioned in advance.,0,NON_COMPLIANT,CE2_SecureConfig,Cyber Essentials,unnecessary or unknown software left installed,llm_paraphrase,S0043,Staff install software on work computers without asking anyone first.,False
P00257,Installation of software on work computers is subject to mandatory prior authorisation by senior management.,0,NON_COMPLIANT,CE2_SecureConfig,Cyber Essentials,unnecessary or unknown software left installed,llm_paraphrase,S0043,Staff install software on work computers without asking anyone first.,False
P00258,Computers are required to only have official applications installed,0,NON_COMPLIANT,CE2_SecureConfig,Cyber Essentials,unnecessary or unknown software left installed,llm_paraphrase,S0044,Several computers have games and personal applications installed on them.,False
P00259,Games and personal applications are not permitted on company computers,0,NON_COMPLIANT,CE2_SecureConfig,Cyber Essentials,unnecessary or unknown software left installed,llm_paraphrase,S0044,Several computers have games and personal applications installed on them.,False
P00260,All staff are expected to ensure only official applications are installed on their devices,0,NON_COMPLIANT,CE2_SecureConfig,Cyber Essentials,unnecessary or unknown software left installed,llm_paraphrase,S0044,Several computers have games and personal applications installed on them.,False
P00261,The installation of games and personal applications on company computers is strictly prohibited,0,NON_COMPLIANT,CE2_SecureConfig,Cyber Essentials,unnecessary or unknown software left installed,llm_paraphrase,S0044,Several computers have games and personal applications installed on them.,False
P00262,"Non-official applications, including games, must not be installed on work computers",0,NON_COMPLIANT,CE2_SecureConfig,Cyber Essentials,unnecessary or unknown software left installed,llm_paraphrase,S0044,Several computers have games and personal applications installed on them.,False
P00263,Staff are responsible for adhering to the policy of only installing official applications on company devices,0,NON_COMPLIANT,CE2_SecureConfig,Cyber Essentials,unnecessary or unknown software left installed,llm_paraphrase,S0044,Several computers have games and personal applications installed on them.,False
P00264,"Inaccurate staff records remain active on the system, as staff accounts for those who left over 3 months ago are not removed.",0,NON_COMPLIANT,CE2_SecureConfig,Cyber Essentials,dormant or unused accounts left active,llm_paraphrase,S0045,Accounts for staff who left months ago are still active on the system.,False
P00265,"In accordance with our IT policy, staff accounts for those who have left the organisation for over 3 months are not deleted from the system.",0,NON_COMPLIANT,CE2_SecureConfig,Cyber Essentials,dormant or unused accounts left active,llm_paraphrase,S0045,Accounts for staff who left months ago are still active on the system.,False
P00266,The system's records indicate that staff accounts for individuals who have been absent for over 3 months are still active.,0,NON_COMPLIANT,CE2_SecureConfig,Cyber Essentials,dormant or unused accounts left active,llm_paraphrase,S0045,Accounts for staff who left months ago are still active on the system.,False
P00267,It is a compliance requirement that staff accounts for those who have left the premises for more than 3 months be deleted from the system.,0,NON_COMPLIANT,CE2_SecureConfig,Cyber Essentials,dormant or unused accounts left active,llm_paraphrase,S0045,Accounts for staff who left months ago are still active on the system.,False
P00268,"The IT system currently contains active staff records for individuals who have been absent for over 3 months, contrary to our policy.",0,NON_COMPLIANT,CE2_SecureConfig,Cyber Essentials,dormant or unused accounts left active,llm_paraphrase,S0045,Accounts for staff who left months ago are still active on the system.,False
P00269,"Despite being no longer employed, staff accounts for those who left the organisation over 3 months ago remain active on the system.",0,NON_COMPLIANT,CE2_SecureConfig,Cyber Essentials,dormant or unused accounts left active,llm_paraphrase,S0045,Accounts for staff who left months ago are still active on the system.,False
P00270,Unused logins remain active as we do not review user accounts.,0,NON_COMPLIANT,CE2_SecureConfig,Cyber Essentials,dormant or unused accounts left active,llm_paraphrase,S0046,"We do not review user accounts, so unused logins remain open.",False
P00271,"No user account review is performed, resulting in unused logins remaining open.",0,NON_COMPLIANT,CE2_SecureConfig,Cyber Essentials,dormant or unused accounts left active,llm_paraphrase,S0046,"We do not review user accounts, so unused logins remain open.",False
P00272,Unused logins remain open as we do not regularly review user accounts.,0,NON_COMPLIANT,CE2_SecureConfig,Cyber Essentials,dormant or unused accounts left active,llm_paraphrase,S0046,"We do not review user accounts, so unused logins remain open.",False
P00273,"Due to insufficient review, unused logins remain active.",0,NON_COMPLIANT,CE2_SecureConfig,Cyber Essentials,dormant or unused accounts left active,llm_paraphrase,S0046,"We do not review user accounts, so unused logins remain open.",False
P00274,"We do not conduct regular user account reviews, leaving unused logins open.",0,NON_COMPLIANT,CE2_SecureConfig,Cyber Essentials,dormant or unused accounts left active,llm_paraphrase,S0046,"We do not review user accounts, so unused logins remain open.",False
P00275,Unused logins remain active due to the absence of a scheduled review of user accounts.,0,NON_COMPLIANT,CE2_SecureConfig,Cyber Essentials,dormant or unused accounts left active,llm_paraphrase,S0046,"We do not review user accounts, so unused logins remain open.",False
P00276,USB devices are automatically inserted into the system as soon as they are plugged in.,0,NON_COMPLIANT,CE2_SecureConfig,Cyber Essentials,auto-run left enabled on removable media,llm_paraphrase,S0047,USB devices run automatically as soon as they are plugged in.,False
P00277,All USB devices must be detected and added to the system immediately upon being inserted.,0,NON_COMPLIANT,CE2_SecureConfig,Cyber Essentials,auto-run left enabled on removable media,llm_paraphrase,S0047,USB devices run automatically as soon as they are plugged in.,False
P00278,It is mandatory that USB devices are automatically detected and incorporated into the system on insertion.,0,NON_COMPLIANT,CE2_SecureConfig,Cyber Essentials,auto-run left enabled on removable media,llm_paraphrase,S0047,USB devices run automatically as soon as they are plugged in.,False
P00279,No USB device can be left unchecked once inserted; the system must automatically recognise and integrate it.,0,NON_COMPLIANT,CE2_SecureConfig,Cyber Essentials,auto-run left enabled on removable media,llm_paraphrase,S0047,USB devices run automatically as soon as they are plugged in.,False
P00280,"The system must automatically insert any USB device that is plugged in, without exception.",0,NON_COMPLIANT,CE2_SecureConfig,Cyber Essentials,auto-run left enabled on removable media,llm_paraphrase,S0047,USB devices run automatically as soon as they are plugged in.,False
P00281,USB devices must be immediately detected and incorporated into the system upon being inserted.,0,NON_COMPLIANT,CE2_SecureConfig,Cyber Essentials,auto-run left enabled on removable media,llm_paraphrase,S0047,USB devices run automatically as soon as they are plugged in.,False
P00282,Auto-run has not been disabled on office computers,0,NON_COMPLIANT,CE2_SecureConfig,Cyber Essentials,auto-run left enabled on removable media,llm_paraphrase,S0048,Auto-run has not been turned off on the office computers.,False
P00283,Office computers are not running without being manually enabled,0,NON_COMPLIANT,CE2_SecureConfig,Cyber Essentials,auto-run left enabled on removable media,llm_paraphrase,S0048,Auto-run has not been turned off on the office computers.,False
P00284,It is essential that auto-run is not activated on office computers,0,NON_COMPLIANT,CE2_SecureConfig,Cyber Essentials,auto-run left enabled on removable media,llm_paraphrase,S0048,Auto-run has not been turned off on the office computers.,False
P00285,All office computers are currently running auto-run unchecked,0,NON_COMPLIANT,CE2_SecureConfig,Cyber Essentials,auto-run left enabled on removable media,llm_paraphrase,S0048,Auto-run has not been turned off on the office computers.,False
P00286,Auto-run has not been disabled on office computer systems,0,NON_COMPLIANT,CE2_SecureConfig,Cyber Essentials,auto-run left enabled on removable media,llm_paraphrase,S0048,Auto-run has not been turned off on the office computers.,False
P00287,Office computers are currently running auto-run without external intervention,0,NON_COMPLIANT,CE2_SecureConfig,Cyber Essentials,auto-run left enabled on removable media,llm_paraphrase,S0048,Auto-run has not been turned off on the office computers.,False
P00288,"Staff must use computers in their original configuration, with no security settings applied.",0,NON_COMPLIANT,CE2_SecureConfig,Cyber Essentials,devices left on out-of-the-box settings,llm_paraphrase,S0049,"Computers are used exactly as they arrived, with no security settings applied.",False
P00289,"The requirement is that computers are used with no security settings applied, as initially set up.",0,NON_COMPLIANT,CE2_SecureConfig,Cyber Essentials,devices left on out-of-the-box settings,llm_paraphrase,S0049,"Computers are used exactly as they arrived, with no security settings applied.",False
P00290,All computers are used with their original security settings unchanged.,0,NON_COMPLIANT,CE2_SecureConfig,Cyber Essentials,devices left on out-of-the-box settings,llm_paraphrase,S0049,"Computers are used exactly as they arrived, with no security settings applied.",False
P00291,Computers are installed and used with no additional security settings applied.,0,NON_COMPLIANT,CE2_SecureConfig,Cyber Essentials,devices left on out-of-the-box settings,llm_paraphrase,S0049,"Computers are used exactly as they arrived, with no security settings applied.",False
P00292,"Employees must maintain their original computer configuration, with no changes to security settings.",0,NON_COMPLIANT,CE2_SecureConfig,Cyber Essentials,devices left on out-of-the-box settings,llm_paraphrase,S0049,"Computers are used exactly as they arrived, with no security settings applied.",False
P00293,Hardening of machines was not completed before staff commenced use.,0,NON_COMPLIANT,CE2_SecureConfig,Cyber Essentials,devices left on out-of-the-box settings,llm_paraphrase,S0050,No hardening was carried out on the machines before staff started using them.,False
P00294,Machines were not properly hardened before staff began using them.,0,NON_COMPLIANT,CE2_SecureConfig,Cyber Essentials,devices left on out-of-the-box settings,llm_paraphrase,S0050,No hardening was carried out on the machines before staff started using them.,False
P00295,No hardening was performed on the machines before staff started operating them.,0,NON_COMPLIANT,CE2_SecureConfig,Cyber Essentials,devices left on out-of-the-box settings,llm_paraphrase,S0050,No hardening was carried out on the machines before staff started using them.,False
P00296,The machines were not hardened prior to staff commencing use.,0,NON_COMPLIANT,CE2_SecureConfig,Cyber Essentials,devices left on out-of-the-box settings,llm_paraphrase,S0050,No hardening was carried out on the machines before staff started using them.,False
P00297,Machines had not been hardened before staff started using the equipment.,0,NON_COMPLIANT,CE2_SecureConfig,Cyber Essentials,devices left on out-of-the-box settings,llm_paraphrase,S0050,No hardening was carried out on the machines before staff started using them.,False
P00298,No systematised record of software applications exists on the home's computers.,0,NON_COMPLIANT,CE2_SecureConfig,Cyber Essentials,no inventory of installed software,llm_paraphrase,S0051,There is no list of what software is running on the home's computers.,False
P00299,There is no centralised list of software installed on the home's computers.,0,NON_COMPLIANT,CE2_SecureConfig,Cyber Essentials,no inventory of installed software,llm_paraphrase,S0051,There is no list of what software is running on the home's computers.,False
P00300,The home does not maintain a comprehensive list of software applications used on its computers.,0,NON_COMPLIANT,CE2_SecureConfig,Cyber Essentials,no inventory of installed software,llm_paraphrase,S0051,There is no list of what software is running on the home's computers.,False
P00301,We do not have a standardised record of software on the home's computers.,0,NON_COMPLIANT,CE2_SecureConfig,Cyber Essentials,no inventory of installed software,llm_paraphrase,S0051,There is no list of what software is running on the home's computers.,False
P00302,There is no formal record of the software currently running on the home's computers.,0,NON_COMPLIANT,CE2_SecureConfig,Cyber Essentials,no inventory of installed software,llm_paraphrase,S0051,There is no list of what software is running on the home's computers.,False
P00303,A list of software applications is not maintained on the home's computers.,0,NON_COMPLIANT,CE2_SecureConfig,Cyber Essentials,no inventory of installed software,llm_paraphrase,S0051,There is no list of what software is running on the home's computers.,False
P00304,The provider's failure to report device usage is a significant non-compliance issue.,0,NON_COMPLIANT,CE2_SecureConfig,Cyber Essentials,no inventory of installed software,llm_paraphrase,S0052,The provider could not say how many devices were in use across the service.,False
P00305,Not all devices were accounted for across the service.,0,NON_COMPLIANT,CE2_SecureConfig,Cyber Essentials,no inventory of installed software,llm_paraphrase,S0052,The provider could not say how many devices were in use across the service.,False
P00306,Device usage reporting is incomplete and unacceptable.,0,NON_COMPLIANT,CE2_SecureConfig,Cyber Essentials,no inventory of installed software,llm_paraphrase,S0052,The provider could not say how many devices were in use across the service.,False
P00307,Devices not accounted for across the service is a compliance breach.,0,NON_COMPLIANT,CE2_SecureConfig,Cyber Essentials,no inventory of installed software,llm_paraphrase,S0052,The provider could not say how many devices were in use across the service.,False
P00308,The provider's device usage reporting is woefully inadequate.,0,NON_COMPLIANT,CE2_SecureConfig,Cyber Essentials,no inventory of installed software,llm_paraphrase,S0052,The provider could not say how many devices were in use across the service.,False
P00309,Device usage is not accurately recorded across the service.,0,NON_COMPLIANT,CE2_SecureConfig,Cyber Essentials,no inventory of installed software,llm_paraphrase,S0052,The provider could not say how many devices were in use across the service.,False
P00310,Critical security updates must be installed within fourteen days of release.,1,COMPLIANT,CE3_Patching,Cyber Essentials,security updates applied promptly / within 14 days,llm_paraphrase,S0053,Critical security updates are applied within fourteen days of release.,False
P00311,All staff are required to apply security updates within fourteen days of release.,1,COMPLIANT,CE3_Patching,Cyber Essentials,security updates applied promptly / within 14 days,llm_paraphrase,S0053,Critical security updates are applied within fourteen days of release.,False
P00312,The security update installation deadline is fourteen days from release.,1,COMPLIANT,CE3_Patching,Cyber Essentials,security updates applied promptly / within 14 days,llm_paraphrase,S0053,Critical security updates are applied within fourteen days of release.,False
P00313,Security updates must be implemented within fourteen days of release to maintain compliance.,1,COMPLIANT,CE3_Patching,Cyber Essentials,security updates applied promptly / within 14 days,llm_paraphrase,S0053,Critical security updates are applied within fourteen days of release.,False
P00314,Regular security updates must be applied within fourteen days of release to ensure compliance.,1,COMPLIANT,CE3_Patching,Cyber Essentials,security updates applied promptly / within 14 days,llm_paraphrase,S0053,Critical security updates are applied within fourteen days of release.,False
P00315,Failure to apply security updates within fourteen days of release will be considered non-compliant.,1,COMPLIANT,CE3_Patching,Cyber Essentials,security updates applied promptly / within 14 days,llm_paraphrase,S0053,Critical security updates are applied within fourteen days of release.,False
P00316,High-risk patches are installed as soon as they are issued by the vendor.,1,COMPLIANT,CE3_Patching,Cyber Essentials,security updates applied promptly / within 14 days,llm_paraphrase,S0054,High-risk patches are installed promptly once the vendor issues them.,False
P00317,All high-risk patches must be applied without delay following vendor notification.,1,COMPLIANT,CE3_Patching,Cyber Essentials,security updates applied promptly / within 14 days,llm_paraphrase,S0054,High-risk patches are installed promptly once the vendor issues them.,False
P00318,"Upon vendor notification, high-risk patches are promptly installed to maintain system integrity.",1,COMPLIANT,CE3_Patching,Cyber Essentials,security updates applied promptly / within 14 days,llm_paraphrase,S0054,High-risk patches are installed promptly once the vendor issues them.,False
P00319,High-risk patches are installed immediately following receipt of notification from the vendor.,1,COMPLIANT,CE3_Patching,Cyber Essentials,security updates applied promptly / within 14 days,llm_paraphrase,S0054,High-risk patches are installed promptly once the vendor issues them.,False
P00320,The vendor-issued high-risk patch is installed as soon as practical after notification.,1,COMPLIANT,CE3_Patching,Cyber Essentials,security updates applied promptly / within 14 days,llm_paraphrase,S0054,High-risk patches are installed promptly once the vendor issues them.,False
P00321,"All high-risk patches are applied without delay following vendor notification, ensuring system security.",1,COMPLIANT,CE3_Patching,Cyber Essentials,security updates applied promptly / within 14 days,llm_paraphrase,S0054,High-risk patches are installed promptly once the vendor issues them.,False
P00322,Automatic updates are enabled on all systems to ensure compliance with regulatory requirements.,1,COMPLIANT,CE3_Patching,Cyber Essentials,automatic updates enabled,llm_paraphrase,S0055,Automatic updates are switched on across all our computers and tablets.,False
P00323,All computers and tablets have automatic updates enabled.,1,COMPLIANT,CE3_Patching,Cyber Essentials,automatic updates enabled,llm_paraphrase,S0055,Automatic updates are switched on across all our computers and tablets.,False
P00324,"To maintain regulatory compliance, automatic updates are activated across all devices.",1,COMPLIANT,CE3_Patching,Cyber Essentials,automatic updates enabled,llm_paraphrase,S0055,Automatic updates are switched on across all our computers and tablets.,False
P00325,Compliance with regulatory standards necessitates automatic updates on all computer and tablet systems.,1,COMPLIANT,CE3_Patching,Cyber Essentials,automatic updates enabled,llm_paraphrase,S0055,Automatic updates are switched on across all our computers and tablets.,False
P00326,Automatic updates are mandatory across all our computer and tablet systems to ensure regulatory compliance.,1,COMPLIANT,CE3_Patching,Cyber Essentials,automatic updates enabled,llm_paraphrase,S0055,Automatic updates are switched on across all our computers and tablets.,False
P00327,Regulatory compliance dictates that automatic updates are enabled on all our computers and tablets.,1,COMPLIANT,CE3_Patching,Cyber Essentials,automatic updates enabled,llm_paraphrase,S0055,Automatic updates are switched on across all our computers and tablets.,False
P00328,Windows Update is automatically installed on all devices as part of our regular security update process.,1,COMPLIANT,CE3_Patching,Cyber Essentials,automatic updates enabled,llm_paraphrase,S0056,Windows Update runs automatically on every device in the home.,False
P00329,All devices in the home are configured to run Windows Update automatically.,1,COMPLIANT,CE3_Patching,Cyber Essentials,automatic updates enabled,llm_paraphrase,S0056,Windows Update runs automatically on every device in the home.,False
P00330,Devices in the home are automatically updated with Windows Update.,1,COMPLIANT,CE3_Patching,Cyber Essentials,automatic updates enabled,llm_paraphrase,S0056,Windows Update runs automatically on every device in the home.,False
P00331,The automated Windows Update system is enabled on all devices in the home.,1,COMPLIANT,CE3_Patching,Cyber Essentials,automatic updates enabled,llm_paraphrase,S0056,Windows Update runs automatically on every device in the home.,False
P00332,Windows Update is automatically installed and updated on every device in the home.,1,COMPLIANT,CE3_Patching,Cyber Essentials,automatic updates enabled,llm_paraphrase,S0056,Windows Update runs automatically on every device in the home.,False
P00333,"All devices are configured to run Windows Update automatically, as required by our IT policy.",1,COMPLIANT,CE3_Patching,Cyber Essentials,automatic updates enabled,llm_paraphrase,S0056,Windows Update runs automatically on every device in the home.,False
P00334,All software we use is maintained to receive ongoing security updates.,1,COMPLIANT,CE3_Patching,Cyber Essentials,only supported/maintained software in use,llm_paraphrase,S0057,All software we use is still supported and receives security updates.,False
P00335,All software in use must continue to receive security updates.,1,COMPLIANT,CE3_Patching,Cyber Essentials,only supported/maintained software in use,llm_paraphrase,S0057,All software we use is still supported and receives security updates.,False
P00336,Support for all used software is required until security updates are no longer available.,1,COMPLIANT,CE3_Patching,Cyber Essentials,only supported/maintained software in use,llm_paraphrase,S0057,All software we use is still supported and receives security updates.,False
P00337,We ensure all software is supported to receive regular security updates.,1,COMPLIANT,CE3_Patching,Cyber Essentials,only supported/maintained software in use,llm_paraphrase,S0057,All software we use is still supported and receives security updates.,False
P00338,All software we use must continue to be supported for security update purposes.,1,COMPLIANT,CE3_Patching,Cyber Essentials,only supported/maintained software in use,llm_paraphrase,S0057,All software we use is still supported and receives security updates.,False
P00339,Supported software must continue to receive security updates.,1,COMPLIANT,CE3_Patching,Cyber Essentials,only supported/maintained software in use,llm_paraphrase,S0057,All software we use is still supported and receives security updates.,False
P00340,Our applications are checked to ensure they remain within the vendor's support period,1,COMPLIANT,CE3_Patching,Cyber Essentials,only supported/maintained software in use,llm_paraphrase,S0058,We check that our applications remain within the vendor's support period.,False
P00341,All applications are verified to be within the vendor's support timeframe,1,COMPLIANT,CE3_Patching,Cyber Essentials,only supported/maintained software in use,llm_paraphrase,S0058,We check that our applications remain within the vendor's support period.,False
P00342,Our systems are checked to ensure applications remain within the vendor's support period,1,COMPLIANT,CE3_Patching,Cyber Essentials,only supported/maintained software in use,llm_paraphrase,S0058,We check that our applications remain within the vendor's support period.,False
P00343,All applications are verified to be within the vendor's support period and remain compliant,1,COMPLIANT,CE3_Patching,Cyber Essentials,only supported/maintained software in use,llm_paraphrase,S0058,We check that our applications remain within the vendor's support period.,False
P00344,We verify that all applications fall within the vendor's support period,1,COMPLIANT,CE3_Patching,Cyber Essentials,only supported/maintained software in use,llm_paraphrase,S0058,We check that our applications remain within the vendor's support period.,False
P00345,All applications are checked to ensure they are still within the vendor's support period,1,COMPLIANT,CE3_Patching,Cyber Essentials,only supported/maintained software in use,llm_paraphrase,S0058,We check that our applications remain within the vendor's support period.,False
P00346,Our operating systems are regularly updated with the latest security patches and software enhancements to ensure continuous compliance.,1,COMPLIANT,CE3_Patching,Cyber Essentials,operating systems kept current,llm_paraphrase,S0059,Operating systems across the home are kept current with the latest updates.,False
P00347,It is mandatory that all staff ensure the home's operating systems are updated in accordance with our IT policy.,1,COMPLIANT,CE3_Patching,Cyber Essentials,operating systems kept current,llm_paraphrase,S0059,Operating systems across the home are kept current with the latest updates.,False
P00348,The IT team ensures that all operating systems are current with the latest updates to maintain regulatory compliance.,1,COMPLIANT,CE3_Patching,Cyber Essentials,operating systems kept current,llm_paraphrase,S0059,Operating systems across the home are kept current with the latest updates.,False
P00349,"As part of our IT policy, all staff are expected to update operating systems with the latest updates on a regular basis.",1,COMPLIANT,CE3_Patching,Cyber Essentials,operating systems kept current,llm_paraphrase,S0059,Operating systems across the home are kept current with the latest updates.,False
P00350,"Operating system updates are a critical component of our compliance strategy, and all staff are required to adhere to our update schedule.",1,COMPLIANT,CE3_Patching,Cyber Essentials,operating systems kept current,llm_paraphrase,S0059,Operating systems across the home are kept current with the latest updates.,False
P00351,Our IT policy requires that all operating systems are kept up-to-date with the latest updates to ensure ongoing compliance with regulatory requirements.,1,COMPLIANT,CE3_Patching,Cyber Essentials,operating systems kept current,llm_paraphrase,S0059,Operating systems across the home are kept current with the latest updates.,False
P00352,Our IT provider is responsible for monitoring patch status and reporting on it on a monthly basis.,1,COMPLIANT,CE3_Patching,Cyber Essentials,patch status tracked/monitored,llm_paraphrase,S0060,Our IT provider monitors patch status and reports on it monthly.,False
P00353,Monthly patch status reporting is a requirement for our IT provider.,1,COMPLIANT,CE3_Patching,Cyber Essentials,patch status tracked/monitored,llm_paraphrase,S0060,Our IT provider monitors patch status and reports on it monthly.,False
P00354,The IT provider's monitoring of patch status and reporting obligations are conducted on a monthly cycle.,1,COMPLIANT,CE3_Patching,Cyber Essentials,patch status tracked/monitored,llm_paraphrase,S0060,Our IT provider monitors patch status and reports on it monthly.,False
P00355,It is mandatory that our IT provider reviews patch status monthly and submits a report.,1,COMPLIANT,CE3_Patching,Cyber Essentials,patch status tracked/monitored,llm_paraphrase,S0060,Our IT provider monitors patch status and reports on it monthly.,False
P00356,Our IT provider must perform monthly patch status reviews and provide a report as a condition of our contract.,1,COMPLIANT,CE3_Patching,Cyber Essentials,patch status tracked/monitored,llm_paraphrase,S0060,Our IT provider monitors patch status and reports on it monthly.,False
P00357,Monthly patch status reporting is a contractual requirement for our IT provider.,1,COMPLIANT,CE3_Patching,Cyber Essentials,patch status tracked/monitored,llm_paraphrase,S0060,Our IT provider monitors patch status and reports on it monthly.,False
P00358,We monitor device software status through our management console.,1,COMPLIANT,CE3_Patching,Cyber Essentials,patch status tracked/monitored,llm_paraphrase,S0061,We track which devices are up to date using our management console.,False
P00359,Our console tracks device updates for compliance purposes.,1,COMPLIANT,CE3_Patching,Cyber Essentials,patch status tracked/monitored,llm_paraphrase,S0061,We track which devices are up to date using our management console.,False
P00360,The management console is used to ensure device software is up to date.,1,COMPLIANT,CE3_Patching,Cyber Essentials,patch status tracked/monitored,llm_paraphrase,S0061,We track which devices are up to date using our management console.,False
P00361,All devices must be checked via our management console on a regular basis.,1,COMPLIANT,CE3_Patching,Cyber Essentials,patch status tracked/monitored,llm_paraphrase,S0061,We track which devices are up to date using our management console.,False
P00362,Our management console logs device software status for tracking purposes.,1,COMPLIANT,CE3_Patching,Cyber Essentials,patch status tracked/monitored,llm_paraphrase,S0061,We track which devices are up to date using our management console.,False
P00363,Device software updates are regularly checked via our management console.,1,COMPLIANT,CE3_Patching,Cyber Essentials,patch status tracked/monitored,llm_paraphrase,S0061,We track which devices are up to date using our management console.,False
P00364,Equipment that is no longer supported is removed from service,1,COMPLIANT,CE3_Patching,Cyber Essentials,unsupported items removed or replaced,llm_paraphrase,S0062,Equipment that can no longer be updated is replaced rather than kept in use.,False
P00365,Outdated equipment is replaced with newer models,1,COMPLIANT,CE3_Patching,Cyber Essentials,unsupported items removed or replaced,llm_paraphrase,S0062,Equipment that can no longer be updated is replaced rather than kept in use.,False
P00366,Non-supported equipment is phased out,1,COMPLIANT,CE3_Patching,Cyber Essentials,unsupported items removed or replaced,llm_paraphrase,S0062,Equipment that can no longer be updated is replaced rather than kept in use.,False
P00367,Equipment beyond its support life is withdrawn,1,COMPLIANT,CE3_Patching,Cyber Essentials,unsupported items removed or replaced,llm_paraphrase,S0062,Equipment that can no longer be updated is replaced rather than kept in use.,False
P00368,Unsupported equipment is not retained,1,COMPLIANT,CE3_Patching,Cyber Essentials,unsupported items removed or replaced,llm_paraphrase,S0062,Equipment that can no longer be updated is replaced rather than kept in use.,False
P00369,Older equipment that can no longer be updated is replaced,1,COMPLIANT,CE3_Patching,Cyber Essentials,unsupported items removed or replaced,llm_paraphrase,S0062,Equipment that can no longer be updated is replaced rather than kept in use.,False
P00370,Security updates have not been applied for an unacceptable period.,0,NON_COMPLIANT,CE3_Patching,Cyber Essentials,updates delayed weeks/months or not applied,llm_paraphrase,S0063,Security updates have not been applied for several months.,False
P00371,Failure to apply security updates within the stipulated timeframe has occurred.,0,NON_COMPLIANT,CE3_Patching,Cyber Essentials,updates delayed weeks/months or not applied,llm_paraphrase,S0063,Security updates have not been applied for several months.,False
P00372,The required security updates have not been installed for a significant duration.,0,NON_COMPLIANT,CE3_Patching,Cyber Essentials,updates delayed weeks/months or not applied,llm_paraphrase,S0063,Security updates have not been applied for several months.,False
P00373,Compliance with security update instalation has been breached for several months.,0,NON_COMPLIANT,CE3_Patching,Cyber Essentials,updates delayed weeks/months or not applied,llm_paraphrase,S0063,Security updates have not been applied for several months.,False
P00374,There has been a substantial delay in applying security updates.,0,NON_COMPLIANT,CE3_Patching,Cyber Essentials,updates delayed weeks/months or not applied,llm_paraphrase,S0063,Security updates have not been applied for several months.,False
P00375,The mandatory security update instalation deadline has been consistently missed.,0,NON_COMPLIANT,CE3_Patching,Cyber Essentials,updates delayed weeks/months or not applied,llm_paraphrase,S0063,Security updates have not been applied for several months.,False
P00376,Patches are applied during scheduled maintenance only when the necessary resources are allocated,0,NON_COMPLIANT,CE3_Patching,Cyber Essentials,updates delayed weeks/months or not applied,llm_paraphrase,S0064,"Patches are installed only when someone remembers, sometimes months late.",False
P00377,Patches must be installed as part of a scheduled routine to ensure timely intervention,0,NON_COMPLIANT,CE3_Patching,Cyber Essentials,updates delayed weeks/months or not applied,llm_paraphrase,S0064,"Patches are installed only when someone remembers, sometimes months late.",False
P00378,Our policy requires that all necessary personnel are aware and allocate time for patch installations,0,NON_COMPLIANT,CE3_Patching,Cyber Essentials,updates delayed weeks/months or not applied,llm_paraphrase,S0064,"Patches are installed only when someone remembers, sometimes months late.",False
P00379,It is mandatory that all scheduled patching is completed to prevent security breaches,0,NON_COMPLIANT,CE3_Patching,Cyber Essentials,updates delayed weeks/months or not applied,llm_paraphrase,S0064,"Patches are installed only when someone remembers, sometimes months late.",False
P00380,All patch installations are recorded and scheduled during routine maintenance sessions,0,NON_COMPLIANT,CE3_Patching,Cyber Essentials,updates delayed weeks/months or not applied,llm_paraphrase,S0064,"Patches are installed only when someone remembers, sometimes months late.",False
P00381,"Patches are applied as part of a scheduled routine, with allocation of necessary personnel and resources ensured",0,NON_COMPLIANT,CE3_Patching,Cyber Essentials,updates delayed weeks/months or not applied,llm_paraphrase,S0064,"Patches are installed only when someone remembers, sometimes months late.",False
P00382,Automatic updates have been disabled due to staff concerns over disruptions.,0,NON_COMPLIANT,CE3_Patching,Cyber Essentials,automatic updates disabled,llm_paraphrase,S0065,Automatic updates have been turned off because staff found them disruptive.,False
P00383,Staff have opted out of automatic updates to prevent service interruptions.,0,NON_COMPLIANT,CE3_Patching,Cyber Essentials,automatic updates disabled,llm_paraphrase,S0065,Automatic updates have been turned off because staff found them disruptive.,False
P00384,"Due to staff objections, automatic updates have been disabled.",0,NON_COMPLIANT,CE3_Patching,Cyber Essentials,automatic updates disabled,llm_paraphrase,S0065,Automatic updates have been turned off because staff found them disruptive.,False
P00385,"Staff have expressed concerns that automatic updates cause disruptions, so they have been disabled.",0,NON_COMPLIANT,CE3_Patching,Cyber Essentials,automatic updates disabled,llm_paraphrase,S0065,Automatic updates have been turned off because staff found them disruptive.,False
P00386,Automatic updates have been disabled in line with staff preferences for minimal service disruption.,0,NON_COMPLIANT,CE3_Patching,Cyber Essentials,automatic updates disabled,llm_paraphrase,S0065,Automatic updates have been turned off because staff found them disruptive.,False
P00387,"Staff have reported disruptions from automatic updates, so these have been switched off.",0,NON_COMPLIANT,CE3_Patching,Cyber Essentials,automatic updates disabled,llm_paraphrase,S0065,Automatic updates have been turned off because staff found them disruptive.,False
P00388,Updates are not enabled on the medication system computer.,0,NON_COMPLIANT,CE3_Patching,Cyber Essentials,automatic updates disabled,llm_paraphrase,S0066,Updates are disabled on the medication system computer.,False
P00389,The medication system computer does not allow updates to be applied.,0,NON_COMPLIANT,CE3_Patching,Cyber Essentials,automatic updates disabled,llm_paraphrase,S0066,Updates are disabled on the medication system computer.,False
P00390,No updates are permitted on the medication system computer.,0,NON_COMPLIANT,CE3_Patching,Cyber Essentials,automatic updates disabled,llm_paraphrase,S0066,Updates are disabled on the medication system computer.,False
P00391,Medication system computer configuration excludes update capabilities.,0,NON_COMPLIANT,CE3_Patching,Cyber Essentials,automatic updates disabled,llm_paraphrase,S0066,Updates are disabled on the medication system computer.,False
P00392,Updates are not permitted on the medication system computer.,0,NON_COMPLIANT,CE3_Patching,Cyber Essentials,automatic updates disabled,llm_paraphrase,S0066,Updates are disabled on the medication system computer.,False
P00393,The medication system computer's configuration precludes updates.,0,NON_COMPLIANT,CE3_Patching,Cyber Essentials,automatic updates disabled,llm_paraphrase,S0066,Updates are disabled on the medication system computer.,False
P00394,Certain systems are presently using outdated software supplied by the supplier.,0,NON_COMPLIANT,CE3_Patching,Cyber Essentials,unsupported/end-of-life software in use,llm_paraphrase,S0067,Several computers are running software the vendor no longer supports.,False
P00395,It is imperative that all computers are upgraded to current software supplied by the vendor.,0,NON_COMPLIANT,CE3_Patching,Cyber Essentials,unsupported/end-of-life software in use,llm_paraphrase,S0067,Several computers are running software the vendor no longer supports.,False
P00396,Our IT systems must immediately be updated to utilise supported software supplied by the vendor.,0,NON_COMPLIANT,CE3_Patching,Cyber Essentials,unsupported/end-of-life software in use,llm_paraphrase,S0067,Several computers are running software the vendor no longer supports.,False
P00397,Outdated software supplied by the vendor is currently being used on several computers.,0,NON_COMPLIANT,CE3_Patching,Cyber Essentials,unsupported/end-of-life software in use,llm_paraphrase,S0067,Several computers are running software the vendor no longer supports.,False
P00398,"All computers are required to use software supplied by the vendor, not previously supplied by them.",0,NON_COMPLIANT,CE3_Patching,Cyber Essentials,unsupported/end-of-life software in use,llm_paraphrase,S0067,Several computers are running software the vendor no longer supports.,False
P00399,The use of unsupported software supplied by the vendor is currently present on several systems.,0,NON_COMPLIANT,CE3_Patching,Cyber Essentials,unsupported/end-of-life software in use,llm_paraphrase,S0067,Several computers are running software the vendor no longer supports.,False
P00400,The PC's operating system remains unsupported due to the end of maintenance,0,NON_COMPLIANT,CE3_Patching,Cyber Essentials,unsupported/end-of-life software in use,llm_paraphrase,S0068,The office PC still runs an operating system that stopped receiving updates.,False
P00401,Failure to update the PC's OS is not compliant with our IT policy,0,NON_COMPLIANT,CE3_Patching,Cyber Essentials,unsupported/end-of-life software in use,llm_paraphrase,S0068,The office PC still runs an operating system that stopped receiving updates.,False
P00402,Non-compliant operating system on office PC is unacceptable,0,NON_COMPLIANT,CE3_Patching,Cyber Essentials,unsupported/end-of-life software in use,llm_paraphrase,S0068,The office PC still runs an operating system that stopped receiving updates.,False
P00403,"The office PC's OS is not updated, contravening our IT policy guidelines",0,NON_COMPLIANT,CE3_Patching,Cyber Essentials,unsupported/end-of-life software in use,llm_paraphrase,S0068,The office PC still runs an operating system that stopped receiving updates.,False
P00404,"Our IT policy requires regular OS updates, but this PC has fallen behind",0,NON_COMPLIANT,CE3_Patching,Cyber Essentials,unsupported/end-of-life software in use,llm_paraphrase,S0068,The office PC still runs an operating system that stopped receiving updates.,False
P00405,"The office PC's OS no longer receives updates, breaching our IT policy and putting the system at risk",0,NON_COMPLIANT,CE3_Patching,Cyber Essentials,unsupported/end-of-life software in use,llm_paraphrase,S0068,The office PC still runs an operating system that stopped receiving updates.,False
P00406,Certain computer systems utilise outdated operating systems beyond their official end-of-life dates.,0,NON_COMPLIANT,CE3_Patching,Cyber Essentials,outdated operating systems running,llm_paraphrase,S0069,Some machines are running outdated operating systems that are past end-of-life.,False
P00407,The operation of some machines is dependent on outdated operating systems that have reached their end-of-life.,0,NON_COMPLIANT,CE3_Patching,Cyber Essentials,outdated operating systems running,llm_paraphrase,S0069,Some machines are running outdated operating systems that are past end-of-life.,False
P00408,It has been identified that some machines are running operating systems that are no longer supported due to their age.,0,NON_COMPLIANT,CE3_Patching,Cyber Essentials,outdated operating systems running,llm_paraphrase,S0069,Some machines are running outdated operating systems that are past end-of-life.,False
P00409,"Machines with outdated operating systems are in use, which contravenes the organisation's end-of-life policy.",0,NON_COMPLIANT,CE3_Patching,Cyber Essentials,outdated operating systems running,llm_paraphrase,S0069,Some machines are running outdated operating systems that are past end-of-life.,False
P00410,There are instances where computer systems are operating with outdated operating systems that are no longer receiving security updates.,0,NON_COMPLIANT,CE3_Patching,Cyber Essentials,outdated operating systems running,llm_paraphrase,S0069,Some machines are running outdated operating systems that are past end-of-life.,False
P00411,The continued use of some machines by outdated operating systems constitutes a breach of our organisation's end-of-life policy.,0,NON_COMPLIANT,CE3_Patching,Cyber Essentials,outdated operating systems running,llm_paraphrase,S0069,Some machines are running outdated operating systems that are past end-of-life.,False
P00412,Machines that continue to operate with outdated operating systems are considered to be non-compliant with our end-of-life guidelines.,0,NON_COMPLIANT,CE3_Patching,Cyber Essentials,outdated operating systems running,llm_paraphrase,S0069,Some machines are running outdated operating systems that are past end-of-life.,False
P00413,The operation of certain machines is non-compliant with our end-of-life policy due to the use of outdated operating systems.,0,NON_COMPLIANT,CE3_Patching,Cyber Essentials,outdated operating systems running,llm_paraphrase,S0069,Some machines are running outdated operating systems that are past end-of-life.,False
P00414,"Older operating systems are still being used on some machines, which poses a risk to the security of the system and our organisation.",0,NON_COMPLIANT,CE3_Patching,Cyber Essentials,outdated operating systems running,llm_paraphrase,S0069,Some machines are running outdated operating systems that are past end-of-life.,False
P00415,No method exists for verifying device updates have been applied.,0,NON_COMPLIANT,CE3_Patching,Cyber Essentials,no process for tracking patches,llm_paraphrase,S0070,There is no way of knowing whether devices have received their updates.,False
P00416,Device updates are not checked for compliance.,0,NON_COMPLIANT,CE3_Patching,Cyber Essentials,no process for tracking patches,llm_paraphrase,S0070,There is no way of knowing whether devices have received their updates.,False
P00417,The process of updating devices is not tracked or verified.,0,NON_COMPLIANT,CE3_Patching,Cyber Essentials,no process for tracking patches,llm_paraphrase,S0070,There is no way of knowing whether devices have received their updates.,False
P00418,Device updates are not routinely confirmed as received.,0,NON_COMPLIANT,CE3_Patching,Cyber Essentials,no process for tracking patches,llm_paraphrase,S0070,There is no way of knowing whether devices have received their updates.,False
P00419,There is no system in place to confirm device update receipt.,0,NON_COMPLIANT,CE3_Patching,Cyber Essentials,no process for tracking patches,llm_paraphrase,S0070,There is no way of knowing whether devices have received their updates.,False
P00420,Device updates are not verified as having been successfully installed.,0,NON_COMPLIANT,CE3_Patching,Cyber Essentials,no process for tracking patches,llm_paraphrase,S0070,There is no way of knowing whether devices have received their updates.,False
P00421,Patches are not currently being monitored for installation,0,NON_COMPLIANT,CE3_Patching,Cyber Essentials,no process for tracking patches,llm_paraphrase,S0071,Nobody monitors whether patches have actually been installed.,False
P00422,There is no ongoing review of patch deployments in place,0,NON_COMPLIANT,CE3_Patching,Cyber Essentials,no process for tracking patches,llm_paraphrase,S0071,Nobody monitors whether patches have actually been installed.,False
P00423,Patch installation is not routinely checked by the IT team,0,NON_COMPLIANT,CE3_Patching,Cyber Essentials,no process for tracking patches,llm_paraphrase,S0071,Nobody monitors whether patches have actually been installed.,False
P00424,Monitoring of patch installations has been discontinued,0,NON_COMPLIANT,CE3_Patching,Cyber Essentials,no process for tracking patches,llm_paraphrase,S0071,Nobody monitors whether patches have actually been installed.,False
P00425,Patches are not verified for successful installation after deployment,0,NON_COMPLIANT,CE3_Patching,Cyber Essentials,no process for tracking patches,llm_paraphrase,S0071,Nobody monitors whether patches have actually been installed.,False
P00426,No procedure exists to confirm patch installations have been successfully applied,0,NON_COMPLIANT,CE3_Patching,Cyber Essentials,no process for tracking patches,llm_paraphrase,S0071,Nobody monitors whether patches have actually been installed.,False
P00427,Unsupported equipment is still being used daily without a replacement plan in place.,0,NON_COMPLIANT,CE3_Patching,Cyber Essentials,unsupported items knowingly retained without action,llm_paraphrase,S0072,Unsupported equipment is still in daily use with no plan to replace it.,False
P00428,Daily use of unsupported equipment is still permitted without a scheduled replacement.,0,NON_COMPLIANT,CE3_Patching,Cyber Essentials,unsupported items knowingly retained without action,llm_paraphrase,S0072,Unsupported equipment is still in daily use with no plan to replace it.,False
P00429,"Unsupported equipment is currently being used daily, despite the need for a replacement plan.",0,NON_COMPLIANT,CE3_Patching,Cyber Essentials,unsupported items knowingly retained without action,llm_paraphrase,S0072,Unsupported equipment is still in daily use with no plan to replace it.,False
P00430,Daily use of unapproved equipment is still allowed without a replacement plan.,0,NON_COMPLIANT,CE3_Patching,Cyber Essentials,unsupported items knowingly retained without action,llm_paraphrase,S0072,Unsupported equipment is still in daily use with no plan to replace it.,False
P00431,"Unsupported equipment continues to be used daily, with no scheduled replacement implemented.",0,NON_COMPLIANT,CE3_Patching,Cyber Essentials,unsupported items knowingly retained without action,llm_paraphrase,S0072,Unsupported equipment is still in daily use with no plan to replace it.,False
P00432,Daily use of non-approved equipment is still permitted without a replacement plan in effect.,0,NON_COMPLIANT,CE3_Patching,Cyber Essentials,unsupported items knowingly retained without action,llm_paraphrase,S0072,Unsupported equipment is still in daily use with no plan to replace it.,False
P00433,Multi-factor authentication is mandatory for all remote system access.,1,COMPLIANT,CE4_AccessControl,Cyber Essentials,MFA enabled on remote/cloud/internet-facing access,llm_paraphrase,S0073,Multi-factor authentication is enabled for all remote access to our systems.,False
P00434,Remote access to our systems is only permitted via multi-factor authentication.,1,COMPLIANT,CE4_AccessControl,Cyber Essentials,MFA enabled on remote/cloud/internet-facing access,llm_paraphrase,S0073,Multi-factor authentication is enabled for all remote access to our systems.,False
P00435,All staff accessing our systems remotely must use multi-factor authentication.,1,COMPLIANT,CE4_AccessControl,Cyber Essentials,MFA enabled on remote/cloud/internet-facing access,llm_paraphrase,S0073,Multi-factor authentication is enabled for all remote access to our systems.,False
P00436,Multi-factor authentication is required for all remote system access to our systems.,1,COMPLIANT,CE4_AccessControl,Cyber Essentials,MFA enabled on remote/cloud/internet-facing access,llm_paraphrase,S0073,Multi-factor authentication is enabled for all remote access to our systems.,False
P00437,Staff accessing our systems remotely must use multi-factor authentication.,1,COMPLIANT,CE4_AccessControl,Cyber Essentials,MFA enabled on remote/cloud/internet-facing access,llm_paraphrase,S0073,Multi-factor authentication is enabled for all remote access to our systems.,False
P00438,Multi-factor authentication is obligatory for all remote access to our systems.,1,COMPLIANT,CE4_AccessControl,Cyber Essentials,MFA enabled on remote/cloud/internet-facing access,llm_paraphrase,S0073,Multi-factor authentication is enabled for all remote access to our systems.,False
P00439,"Staff must use a second factor to sign in to our cloud care records,",1,COMPLIANT,CE4_AccessControl,Cyber Essentials,MFA enabled on remote/cloud/internet-facing access,llm_paraphrase,S0074,Staff must use a second factor to sign in to our cloud care records.,False
P00440,"By policy, staff must authenticate with a secondary factor when accessing our cloud-based records system.",1,COMPLIANT,CE4_AccessControl,Cyber Essentials,MFA enabled on remote/cloud/internet-facing access,llm_paraphrase,S0074,Staff must use a second factor to sign in to our cloud care records.,False
P00441,All staff must implement two-factor authentication for cloud access to our care records.,1,COMPLIANT,CE4_AccessControl,Cyber Essentials,MFA enabled on remote/cloud/internet-facing access,llm_paraphrase,S0074,Staff must use a second factor to sign in to our cloud care records.,False
P00442,It is mandatory for staff to use a second authentication method to sign in to our cloud care records system.,1,COMPLIANT,CE4_AccessControl,Cyber Essentials,MFA enabled on remote/cloud/internet-facing access,llm_paraphrase,S0074,Staff must use a second factor to sign in to our cloud care records.,False
P00443,The use of a second factor is a requirement for staff access to our cloud records; all staff must use it.,1,COMPLIANT,CE4_AccessControl,Cyber Essentials,MFA enabled on remote/cloud/internet-facing access,llm_paraphrase,S0074,Staff must use a second factor to sign in to our cloud care records.,False
P00444,Our policy specifies that staff must use a secondary authentication method to sign in to the cloud-based care records system.,1,COMPLIANT,CE4_AccessControl,Cyber Essentials,MFA enabled on remote/cloud/internet-facing access,llm_paraphrase,S0074,Staff must use a second factor to sign in to our cloud care records.,False
P00445,Staff are required by policy to use a second authentication factor to access our cloud care records.,1,COMPLIANT,CE4_AccessControl,Cyber Essentials,MFA enabled on remote/cloud/internet-facing access,llm_paraphrase,S0074,Staff must use a second factor to sign in to our cloud care records.,False
P00446,Multi-factor authentication is implemented for all staff email accounts.,1,COMPLIANT,CE4_AccessControl,Cyber Essentials,MFA enabled on remote/cloud/internet-facing access,llm_paraphrase,S0075,Our email accounts are protected by multi-factor authentication.,False
P00447,All staff email accounts are secured with multi-factor authentication.,1,COMPLIANT,CE4_AccessControl,Cyber Essentials,MFA enabled on remote/cloud/internet-facing access,llm_paraphrase,S0075,Our email accounts are protected by multi-factor authentication.,False
P00448,Multi-factor authentication is a mandatory requirement for all staff email usage.,1,COMPLIANT,CE4_AccessControl,Cyber Essentials,MFA enabled on remote/cloud/internet-facing access,llm_paraphrase,S0075,Our email accounts are protected by multi-factor authentication.,False
P00449,Staff email accounts must have multi-factor authentication enabled at all times.,1,COMPLIANT,CE4_AccessControl,Cyber Essentials,MFA enabled on remote/cloud/internet-facing access,llm_paraphrase,S0075,Our email accounts are protected by multi-factor authentication.,False
P00450,Multi-factor authentication is a mandatory feature for all staff email accounts.,1,COMPLIANT,CE4_AccessControl,Cyber Essentials,MFA enabled on remote/cloud/internet-facing access,llm_paraphrase,S0075,Our email accounts are protected by multi-factor authentication.,False
P00451,Staff are permitted to access only the systems and records necessary for their designated role.,1,COMPLIANT,CE4_AccessControl,Cyber Essentials,least-privilege access,llm_paraphrase,S0076,Staff only have access to the systems and records their role requires.,False
P00452,All staff access is restricted to systems and records relevant to their assigned responsibilities.,1,COMPLIANT,CE4_AccessControl,Cyber Essentials,least-privilege access,llm_paraphrase,S0076,Staff only have access to the systems and records their role requires.,False
P00453,Only personnel in their defined role may access the systems and records required by their position.,1,COMPLIANT,CE4_AccessControl,Cyber Essentials,least-privilege access,llm_paraphrase,S0076,Staff only have access to the systems and records their role requires.,False
P00454,Staff are only granted access to systems and records that align with their specific duties.,1,COMPLIANT,CE4_AccessControl,Cyber Essentials,least-privilege access,llm_paraphrase,S0076,Staff only have access to the systems and records their role requires.,False
P00455,Access to all systems and records is controlled and limited to personnel in their assigned roles.,1,COMPLIANT,CE4_AccessControl,Cyber Essentials,least-privilege access,llm_paraphrase,S0076,Staff only have access to the systems and records their role requires.,False
P00456,Staff are permitted to access only those systems and records that are relevant to their specific job functions.,1,COMPLIANT,CE4_AccessControl,Cyber Essentials,least-privilege access,llm_paraphrase,S0076,Staff only have access to the systems and records their role requires.,False
P00457,Access rights are granted with least-privilege access and reviewed at regular intervals.,1,COMPLIANT,CE4_AccessControl,Cyber Essentials,least-privilege access,llm_paraphrase,S0077,Access rights are granted on a least-privilege basis and reviewed regularly.,False
P00458,Least-privilege access is granted to users and regularly reviewed for update.,1,COMPLIANT,CE4_AccessControl,Cyber Essentials,least-privilege access,llm_paraphrase,S0077,Access rights are granted on a least-privilege basis and reviewed regularly.,False
P00459,All access rights are granted with least-privilege access and are reviewed on a regular basis.,1,COMPLIANT,CE4_AccessControl,Cyber Essentials,least-privilege access,llm_paraphrase,S0077,Access rights are granted on a least-privilege basis and reviewed regularly.,False
P00460,"The grant of access is subject to least-privilege access, with regular review being a mandatory requirement.",1,COMPLIANT,CE4_AccessControl,Cyber Essentials,least-privilege access,llm_paraphrase,S0077,Access rights are granted on a least-privilege basis and reviewed regularly.,False
P00461,All users' access rights are granted with least-privilege access and are subject to regular review.,1,COMPLIANT,CE4_AccessControl,Cyber Essentials,least-privilege access,llm_paraphrase,S0077,Access rights are granted on a least-privilege basis and reviewed regularly.,False
P00462,Least-privilege access is mandatory for all users and their access rights are regularly reviewed.,1,COMPLIANT,CE4_AccessControl,Cyber Essentials,least-privilege access,llm_paraphrase,S0077,Access rights are granted on a least-privilege basis and reviewed regularly.,False
P00463,"Care assistants have access to care plans, but are denied access to payroll information.",1,COMPLIANT,CE4_AccessControl,Cyber Essentials,least-privilege access,llm_paraphrase,S0078,Care assistants can view care plans but cannot access payroll information.,False
P00464,Payroll information is restricted from care assistants' view.,1,COMPLIANT,CE4_AccessControl,Cyber Essentials,least-privilege access,llm_paraphrase,S0078,Care assistants can view care plans but cannot access payroll information.,False
P00465,"Care assistants can view care plans, but do not have access to payroll details.",1,COMPLIANT,CE4_AccessControl,Cyber Essentials,least-privilege access,llm_paraphrase,S0078,Care assistants can view care plans but cannot access payroll information.,False
P00466,"Viewing care plans is permitted, but payroll information is off-limits.",1,COMPLIANT,CE4_AccessControl,Cyber Essentials,least-privilege access,llm_paraphrase,S0078,Care assistants can view care plans but cannot access payroll information.,False
P00467,"Care assistants can access care plans, but payroll info remains inaccessible.",1,COMPLIANT,CE4_AccessControl,Cyber Essentials,least-privilege access,llm_paraphrase,S0078,Care assistants can view care plans but cannot access payroll information.,False
P00468,"Care plans are visible, but payroll data is not accessible to staff.",1,COMPLIANT,CE4_AccessControl,Cyber Essentials,least-privilege access,llm_paraphrase,S0078,Care assistants can view care plans but cannot access payroll information.,False
P00469,Administrator accounts must be kept separate from daily work accounts,1,COMPLIANT,CE4_AccessControl,Cyber Essentials,"separate admin accounts, not used for daily work",llm_paraphrase,S0079,Administrator accounts are separate from the accounts used for daily work.,False
P00470,Separate administrator accounts are required for day-to-day financial management,1,COMPLIANT,CE4_AccessControl,Cyber Essentials,"separate admin accounts, not used for daily work",llm_paraphrase,S0079,Administrator accounts are separate from the accounts used for daily work.,False
P00471,Daily work accounts and administrator accounts must be kept separate,1,COMPLIANT,CE4_AccessControl,Cyber Essentials,"separate admin accounts, not used for daily work",llm_paraphrase,S0079,Administrator accounts are separate from the accounts used for daily work.,False
P00472,The administrator's accounting system must be distinct from the daily work accounting system,1,COMPLIANT,CE4_AccessControl,Cyber Essentials,"separate admin accounts, not used for daily work",llm_paraphrase,S0079,Administrator accounts are separate from the accounts used for daily work.,False
P00473,Daily work and administrator accounts must be segregated for financial purposes,1,COMPLIANT,CE4_AccessControl,Cyber Essentials,"separate admin accounts, not used for daily work",llm_paraphrase,S0079,Administrator accounts are separate from the accounts used for daily work.,False
P00474,Administrator accounts must be maintained independently of daily work accounting,1,COMPLIANT,CE4_AccessControl,Cyber Essentials,"separate admin accounts, not used for daily work",llm_paraphrase,S0079,Administrator accounts are separate from the accounts used for daily work.,False
P00475,"The manager adheres to a dual account policy, using a standard account for emails and a separate one for administrative tasks.",1,COMPLIANT,CE4_AccessControl,Cyber Essentials,"separate admin accounts, not used for daily work",llm_paraphrase,S0080,The manager uses a standard account for email and a separate one for admin tasks.,False
P00476,It is essential that the manager uses two distinct accounts: one for email communication and another for admin tasks.,1,COMPLIANT,CE4_AccessControl,Cyber Essentials,"separate admin accounts, not used for daily work",llm_paraphrase,S0080,The manager uses a standard account for email and a separate one for admin tasks.,False
P00477,The manager must maintain separate accounts for email and administrative purposes to ensure compliance.,1,COMPLIANT,CE4_AccessControl,Cyber Essentials,"separate admin accounts, not used for daily work",llm_paraphrase,S0080,The manager uses a standard account for email and a separate one for admin tasks.,False
P00478,All managerial emails and admin tasks must be conducted using two distinct accounts.,1,COMPLIANT,CE4_AccessControl,Cyber Essentials,"separate admin accounts, not used for daily work",llm_paraphrase,S0080,The manager uses a standard account for email and a separate one for admin tasks.,False
P00479,The standard procedure requires the manager to use a single account for emails and a separate one for administrative tasks.,1,COMPLIANT,CE4_AccessControl,Cyber Essentials,"separate admin accounts, not used for daily work",llm_paraphrase,S0080,The manager uses a standard account for email and a separate one for admin tasks.,False
P00480,"A dual account policy is mandatory, requiring the manager to use two distinct accounts for email and admin tasks.",1,COMPLIANT,CE4_AccessControl,Cyber Essentials,"separate admin accounts, not used for daily work",llm_paraphrase,S0080,The manager uses a standard account for email and a separate one for admin tasks.,False
P00481,Accounts are disabled on a member of staff's last working day to prevent data breaches.,1,COMPLIANT,CE4_AccessControl,Cyber Essentials,leavers' accounts disabled promptly,llm_paraphrase,S0081,Accounts are disabled on a member of staff's last working day.,False
P00482,Staff members cease access to accounts at the end of their employment.,1,COMPLIANT,CE4_AccessControl,Cyber Essentials,leavers' accounts disabled promptly,llm_paraphrase,S0081,Accounts are disabled on a member of staff's last working day.,False
P00483,All staff accounts are deactivated on their final working day.,1,COMPLIANT,CE4_AccessControl,Cyber Essentials,leavers' accounts disabled promptly,llm_paraphrase,S0081,Accounts are disabled on a member of staff's last working day.,False
P00484,"On a staff member's last working day, all accounts are disabled.",1,COMPLIANT,CE4_AccessControl,Cyber Essentials,leavers' accounts disabled promptly,llm_paraphrase,S0081,Accounts are disabled on a member of staff's last working day.,False
P00485,Staff accounts are deactivated at the completion of a member of staff's employment period.,1,COMPLIANT,CE4_AccessControl,Cyber Essentials,leavers' accounts disabled promptly,llm_paraphrase,S0081,Accounts are disabled on a member of staff's last working day.,False
P00486,Accounts are suspended on a staff member's final working day.,1,COMPLIANT,CE4_AccessControl,Cyber Essentials,leavers' accounts disabled promptly,llm_paraphrase,S0081,Accounts are disabled on a member of staff's last working day.,False
P00487,Leavers' access should be terminated within 24 hours of departure.,1,COMPLIANT,CE4_AccessControl,Cyber Essentials,leavers' accounts disabled promptly,llm_paraphrase,S0082,Leavers' access is removed within twenty-four hours of their departure.,False
P00488,The system will automatically disable access to leavers 24 hours after their departure.,1,COMPLIANT,CE4_AccessControl,Cyber Essentials,leavers' accounts disabled promptly,llm_paraphrase,S0082,Leavers' access is removed within twenty-four hours of their departure.,False
P00489,"In accordance with policy, leavers' access is revoked 24 hours post-departure.",1,COMPLIANT,CE4_AccessControl,Cyber Essentials,leavers' accounts disabled promptly,llm_paraphrase,S0082,Leavers' access is removed within twenty-four hours of their departure.,False
P00490,Leavers' access is invalid from 24 hours after they leave the care home.,1,COMPLIANT,CE4_AccessControl,Cyber Essentials,leavers' accounts disabled promptly,llm_paraphrase,S0082,Leavers' access is removed within twenty-four hours of their departure.,False
P00491,Leavers' access will expire 24 hours after their departure date.,1,COMPLIANT,CE4_AccessControl,Cyber Essentials,leavers' accounts disabled promptly,llm_paraphrase,S0082,Leavers' access is removed within twenty-four hours of their departure.,False
P00492,Policy states that leavers' access is deactivated 24 hours following their actual departure.,1,COMPLIANT,CE4_AccessControl,Cyber Essentials,leavers' accounts disabled promptly,llm_paraphrase,S0082,Leavers' access is removed within twenty-four hours of their departure.,False
P00493,"Each member of staff has a unique named login to the care system,",1,COMPLIANT,CE4_AccessControl,Cyber Essentials,individual accounts per user,llm_paraphrase,S0083,Every member of staff has their own named login to the care system.,False
P00494,"Staff members are required to use their own designated login for the care system,",1,COMPLIANT,CE4_AccessControl,Cyber Essentials,individual accounts per user,llm_paraphrase,S0083,Every member of staff has their own named login to the care system.,False
P00495,"All staff have a dedicated login account for use within the care system,",1,COMPLIANT,CE4_AccessControl,Cyber Essentials,individual accounts per user,llm_paraphrase,S0083,Every member of staff has their own named login to the care system.,False
P00496,"Staff must access the care system using their own assigned login details,",1,COMPLIANT,CE4_AccessControl,Cyber Essentials,individual accounts per user,llm_paraphrase,S0083,Every member of staff has their own named login to the care system.,False
P00497,"The care system requires each staff member to have a named login for access,",1,COMPLIANT,CE4_AccessControl,Cyber Essentials,individual accounts per user,llm_paraphrase,S0083,Every member of staff has their own named login to the care system.,False
P00498,All personnel are expected to use their own specific login credentials for the care system.,1,COMPLIANT,CE4_AccessControl,Cyber Essentials,individual accounts per user,llm_paraphrase,S0083,Every member of staff has their own named login to the care system.,False
P00499,All access to personal care home records must be logged and attributed to a named individual,1,COMPLIANT,CE4_AccessControl,Cyber Essentials,individual accounts per user,llm_paraphrase,S0084,Individual accounts mean we can see who accessed each record.,False
P00500,Individual access to records is strictly controlled and documented,1,COMPLIANT,CE4_AccessControl,Cyber Essentials,individual accounts per user,llm_paraphrase,S0084,Individual accounts mean we can see who accessed each record.,False
P00501,Record access is mandatory and must be logged in accordance with established protocols,1,COMPLIANT,CE4_AccessControl,Cyber Essentials,individual accounts per user,llm_paraphrase,S0084,Individual accounts mean we can see who accessed each record.,False
P00502,Each record access must be documented with the name and job title of the individual involved,1,COMPLIANT,CE4_AccessControl,Cyber Essentials,individual accounts per user,llm_paraphrase,S0084,Individual accounts mean we can see who accessed each record.,False
P00503,Record access must be logged with the name and job title of the person who accessed it,1,COMPLIANT,CE4_AccessControl,Cyber Essentials,individual accounts per user,llm_paraphrase,S0084,Individual accounts mean we can see who accessed each record.,False
P00504,All record access is monitored and must be recorded with the name and job title of the individual who performed the action,1,COMPLIANT,CE4_AccessControl,Cyber Essentials,individual accounts per user,llm_paraphrase,S0084,Individual accounts mean we can see who accessed each record.,False
P00505,"A robust password policy is mandated for all staff accounts, ensuring robust security measures.",1,COMPLIANT,CE4_AccessControl,Cyber Essentials,a strong password policy enforced,llm_paraphrase,S0085,A password policy requiring strong passwords is enforced on all accounts.,False
P00506,"All staff accounts are subject to a strict password policy, requiring robust password strength.",1,COMPLIANT,CE4_AccessControl,Cyber Essentials,a strong password policy enforced,llm_paraphrase,S0085,A password policy requiring strong passwords is enforced on all accounts.,False
P00507,"Staff accounts must adhere to a stringent password policy, ensuring the security of all accounts.",1,COMPLIANT,CE4_AccessControl,Cyber Essentials,a strong password policy enforced,llm_paraphrase,S0085,A password policy requiring strong passwords is enforced on all accounts.,False
P00508,"The password policy for staff accounts is strictly enforced, necessitating robust password management.",1,COMPLIANT,CE4_AccessControl,Cyber Essentials,a strong password policy enforced,llm_paraphrase,S0085,A password policy requiring strong passwords is enforced on all accounts.,False
P00509,"Staff passwords are subject to a mandatory, robust policy, ensuring the security and integrity of all accounts.",1,COMPLIANT,CE4_AccessControl,Cyber Essentials,a strong password policy enforced,llm_paraphrase,S0085,A password policy requiring strong passwords is enforced on all accounts.,False
P00510,"A mandatory, robust password policy is enforced on all staff accounts, safeguarding against unauthorised access.",1,COMPLIANT,CE4_AccessControl,Cyber Essentials,a strong password policy enforced,llm_paraphrase,S0085,A password policy requiring strong passwords is enforced on all accounts.,False
P00511,Accounts are secured with a lockdown mechanism following multiple consecutive unsuccessful log-in attempts.,1,COMPLIANT,CE4_AccessControl,Cyber Essentials,a strong password policy enforced,llm_paraphrase,S0086,Accounts lock after repeated failed sign-in attempts.,False
P00512,"Upon repeated failed log-in attempts, accounts are automatically locked.",1,COMPLIANT,CE4_AccessControl,Cyber Essentials,a strong password policy enforced,llm_paraphrase,S0086,Accounts lock after repeated failed sign-in attempts.,False
P00513,Critical: accounts are locked after three consecutive failed sign-in attempts.,1,COMPLIANT,CE4_AccessControl,Cyber Essentials,a strong password policy enforced,llm_paraphrase,S0086,Accounts lock after repeated failed sign-in attempts.,False
P00514,A locking mechanism is triggered after a series of unsuccessful log-in attempts.,1,COMPLIANT,CE4_AccessControl,Cyber Essentials,a strong password policy enforced,llm_paraphrase,S0086,Accounts lock after repeated failed sign-in attempts.,False
P00515,Locked accounts are secured after repeated failed log-in attempts.,1,COMPLIANT,CE4_AccessControl,Cyber Essentials,a strong password policy enforced,llm_paraphrase,S0086,Accounts lock after repeated failed sign-in attempts.,False
P00516,"Following multiple consecutive log-in failures, account access is restricted via an automated lockdown mechanism.",1,COMPLIANT,CE4_AccessControl,Cyber Essentials,a strong password policy enforced,llm_paraphrase,S0086,Accounts lock after repeated failed sign-in attempts.,False
P00517,Remote access to the care system does not necessitate the use of multi-factor authentication.,0,NON_COMPLIANT,CE4_AccessControl,Cyber Essentials,no MFA on remote/cloud access,llm_paraphrase,S0087,Remote access to the care system does not require multi-factor authentication.,False
P00518,The care system does not require multi-factor authentication for remote access.,0,NON_COMPLIANT,CE4_AccessControl,Cyber Essentials,no MFA on remote/cloud access,llm_paraphrase,S0087,Remote access to the care system does not require multi-factor authentication.,False
P00519,Remote access to the care system does not demand multi-factor authentication.,0,NON_COMPLIANT,CE4_AccessControl,Cyber Essentials,no MFA on remote/cloud access,llm_paraphrase,S0087,Remote access to the care system does not require multi-factor authentication.,False
P00520,It is not required for remote access to the care system to use multi-factor authentication.,0,NON_COMPLIANT,CE4_AccessControl,Cyber Essentials,no MFA on remote/cloud access,llm_paraphrase,S0087,Remote access to the care system does not require multi-factor authentication.,False
P00521,No multi-factor authentication is necessary for remote access to the care system.,0,NON_COMPLIANT,CE4_AccessControl,Cyber Essentials,no MFA on remote/cloud access,llm_paraphrase,S0087,Remote access to the care system does not require multi-factor authentication.,False
P00522,Staff are required to use a password to access email from home,0,NON_COMPLIANT,CE4_AccessControl,Cyber Essentials,no MFA on remote/cloud access,llm_paraphrase,S0088,Staff can sign in to email from home using only a password.,False
P00523,Password is the only acceptable authentication method for remote email access,0,NON_COMPLIANT,CE4_AccessControl,Cyber Essentials,no MFA on remote/cloud access,llm_paraphrase,S0088,Staff can sign in to email from home using only a password.,False
P00524,Home users must use a password for email access,0,NON_COMPLIANT,CE4_AccessControl,Cyber Essentials,no MFA on remote/cloud access,llm_paraphrase,S0088,Staff can sign in to email from home using only a password.,False
P00525,Remote email access is restricted to password authentication only,0,NON_COMPLIANT,CE4_AccessControl,Cyber Essentials,no MFA on remote/cloud access,llm_paraphrase,S0088,Staff can sign in to email from home using only a password.,False
P00526,Staff are expected to use passwords for home email access,0,NON_COMPLIANT,CE4_AccessControl,Cyber Essentials,no MFA on remote/cloud access,llm_paraphrase,S0088,Staff can sign in to email from home using only a password.,False
P00527,Password authentication is the sole method for accessing email from home,0,NON_COMPLIANT,CE4_AccessControl,Cyber Essentials,no MFA on remote/cloud access,llm_paraphrase,S0088,Staff can sign in to email from home using only a password.,False
P00528,"All staff members have access to every resident's full record, irrespective of their role or position.",0,NON_COMPLIANT,CE4_AccessControl,Cyber Essentials,staff have excessive or blanket access,llm_paraphrase,S0089,All staff can see every resident's full record regardless of their role.,False
P00529,"Staff are entitled to view every resident's comprehensive record, regardless of their job title or duties.",0,NON_COMPLIANT,CE4_AccessControl,Cyber Essentials,staff have excessive or blanket access,llm_paraphrase,S0089,All staff can see every resident's full record regardless of their role.,False
P00530,"Access to every resident's full record is guaranteed for all staff, regardless of their role or responsibilities.",0,NON_COMPLIANT,CE4_AccessControl,Cyber Essentials,staff have excessive or blanket access,llm_paraphrase,S0089,All staff can see every resident's full record regardless of their role.,False
P00531,"Resident records are accessible to all staff, unaffected by job title or role.",0,NON_COMPLIANT,CE4_AccessControl,Cyber Essentials,staff have excessive or blanket access,llm_paraphrase,S0089,All staff can see every resident's full record regardless of their role.,False
P00532,"Every resident's full record is available to all staff, irrespective of any role or position they may hold.",0,NON_COMPLIANT,CE4_AccessControl,Cyber Essentials,staff have excessive or blanket access,llm_paraphrase,S0089,All staff can see every resident's full record regardless of their role.,False
P00533,"All staff have unrestricted access to every resident's full record, irrespective of their current or future role.",0,NON_COMPLIANT,CE4_AccessControl,Cyber Essentials,staff have excessive or blanket access,llm_paraphrase,S0089,All staff can see every resident's full record regardless of their role.,False
P00534,Kitchen staff have equal system access to senior care staff as per organisational protocol.,0,NON_COMPLIANT,CE4_AccessControl,Cyber Essentials,staff have excessive or blanket access,llm_paraphrase,S0090,Kitchen staff have the same system access as senior care staff.,False
P00535,All kitchen staff have the same level of system access as senior care staff are entitled to.,0,NON_COMPLIANT,CE4_AccessControl,Cyber Essentials,staff have excessive or blanket access,llm_paraphrase,S0090,Kitchen staff have the same system access as senior care staff.,False
P00536,System access for kitchen and senior care staff staff are in line with our policies and procedures.,0,NON_COMPLIANT,CE4_AccessControl,Cyber Essentials,staff have excessive or blanket access,llm_paraphrase,S0090,Kitchen staff have the same system access as senior care staff.,False
P00537,"Kitchen staff's system access is equivalent to that of senior care staff, as stipulated in our IT guidelines.",0,NON_COMPLIANT,CE4_AccessControl,Cyber Essentials,staff have excessive or blanket access,llm_paraphrase,S0090,Kitchen staff have the same system access as senior care staff.,False
P00538,"The kitchen staff's system access is identical to that of senior care staff, as detailed in our staff handbook.",0,NON_COMPLIANT,CE4_AccessControl,Cyber Essentials,staff have excessive or blanket access,llm_paraphrase,S0090,Kitchen staff have the same system access as senior care staff.,False
P00539,"Kitchen staff system access mirrors that of senior care staff, in accordance with our standard operating procedures.",0,NON_COMPLIANT,CE4_AccessControl,Cyber Essentials,staff have excessive or blanket access,llm_paraphrase,S0090,Kitchen staff have the same system access as senior care staff.,False
P00540,All staff must use an administrator account to perform their daily tasks.,0,NON_COMPLIANT,CE4_AccessControl,Cyber Essentials,admin accounts used for everyday tasks,llm_paraphrase,S0091,Everyone signs in with an administrator account to do their everyday work.,False
P00541,Staff are required to log in with an administrator account for work activities.,0,NON_COMPLIANT,CE4_AccessControl,Cyber Essentials,admin accounts used for everyday tasks,llm_paraphrase,S0091,Everyone signs in with an administrator account to do their everyday work.,False
P00542,Administrative accounts are mandatory for all staff members during work hours.,0,NON_COMPLIANT,CE4_AccessControl,Cyber Essentials,admin accounts used for everyday tasks,llm_paraphrase,S0091,Everyone signs in with an administrator account to do their everyday work.,False
P00543,Staff are obliged to use an administrator account to complete their daily duties.,0,NON_COMPLIANT,CE4_AccessControl,Cyber Essentials,admin accounts used for everyday tasks,llm_paraphrase,S0091,Everyone signs in with an administrator account to do their everyday work.,False
P00544,All employees are expected to log in with an administrator account for work purposes.,0,NON_COMPLIANT,CE4_AccessControl,Cyber Essentials,admin accounts used for everyday tasks,llm_paraphrase,S0091,Everyone signs in with an administrator account to do their everyday work.,False
P00545,Logging in with an administrator account is compulsory for all staff during work hours.,0,NON_COMPLIANT,CE4_AccessControl,Cyber Essentials,admin accounts used for everyday tasks,llm_paraphrase,S0091,Everyone signs in with an administrator account to do their everyday work.,False
P00546,The manager must use a designated staff email account and internet access portal for work-related activities.,0,NON_COMPLIANT,CE4_AccessControl,Cyber Essentials,admin accounts used for everyday tasks,llm_paraphrase,S0092,The manager uses the admin login for email and browsing the internet.,False
P00547,It is essential that the manager adheres to the staff internet usage policy.,0,NON_COMPLIANT,CE4_AccessControl,Cyber Essentials,admin accounts used for everyday tasks,llm_paraphrase,S0092,The manager uses the admin login for email and browsing the internet.,False
P00548,The manager is expected to use the designated staff login for work purposes only.,0,NON_COMPLIANT,CE4_AccessControl,Cyber Essentials,admin accounts used for everyday tasks,llm_paraphrase,S0092,The manager uses the admin login for email and browsing the internet.,False
P00549,"Proper use of the designated staff login is mandatory for all staff members, including the manager.",0,NON_COMPLIANT,CE4_AccessControl,Cyber Essentials,admin accounts used for everyday tasks,llm_paraphrase,S0092,The manager uses the admin login for email and browsing the internet.,False
P00550,The manager is required to use the admin login solely for work-related activities.,0,NON_COMPLIANT,CE4_AccessControl,Cyber Essentials,admin accounts used for everyday tasks,llm_paraphrase,S0092,The manager uses the admin login for email and browsing the internet.,False
P00551,"All staff, including the manager, must use the designated staff login for work purposes.",0,NON_COMPLIANT,CE4_AccessControl,Cyber Essentials,admin accounts used for everyday tasks,llm_paraphrase,S0092,The manager uses the admin login for email and browsing the internet.,False
P00552,"Staff should retain their logins after leaving the premises, ensuring continuity of care records.",0,NON_COMPLIANT,CE4_AccessControl,Cyber Essentials,former staff accounts still active,llm_paraphrase,S0093,Staff who left the home still have working logins to the care system.,False
P00553,It is mandatory for staff to maintain their logins throughout the duration of employment.,0,NON_COMPLIANT,CE4_AccessControl,Cyber Essentials,former staff accounts still active,llm_paraphrase,S0093,Staff who left the home still have working logins to the care system.,False
P00554,Leaving staff must retain their access credentials to the care system.,0,NON_COMPLIANT,CE4_AccessControl,Cyber Essentials,former staff accounts still active,llm_paraphrase,S0093,Staff who left the home still have working logins to the care system.,False
P00555,Employees who depart the premises must retain their login details for record-keeping purposes.,0,NON_COMPLIANT,CE4_AccessControl,Cyber Essentials,former staff accounts still active,llm_paraphrase,S0093,Staff who left the home still have working logins to the care system.,False
P00556,All staff leaving the home are required to maintain their access to the care system.,0,NON_COMPLIANT,CE4_AccessControl,Cyber Essentials,former staff accounts still active,llm_paraphrase,S0093,Staff who left the home still have working logins to the care system.,False
P00557,It is a mandatory requirement for departing staff to retain their logins.,0,NON_COMPLIANT,CE4_AccessControl,Cyber Essentials,former staff accounts still active,llm_paraphrase,S0093,Staff who left the home still have working logins to the care system.,False
P00558,Accounts are only removed when they are no longer required.,0,NON_COMPLIANT,CE4_AccessControl,Cyber Essentials,former staff accounts still active,llm_paraphrase,S0094,Accounts are only removed when someone notices they are no longer needed.,False
P00559,Removing accounts without a valid reason is unacceptable.,0,NON_COMPLIANT,CE4_AccessControl,Cyber Essentials,former staff accounts still active,llm_paraphrase,S0094,Accounts are only removed when someone notices they are no longer needed.,False
P00560,Accounts are not deleted until they are redundant and no longer in use.,0,NON_COMPLIANT,CE4_AccessControl,Cyber Essentials,former staff accounts still active,llm_paraphrase,S0094,Accounts are only removed when someone notices they are no longer needed.,False
P00561,Failure to review and update accounts regularly is a compliance issue.,0,NON_COMPLIANT,CE4_AccessControl,Cyber Essentials,former staff accounts still active,llm_paraphrase,S0094,Accounts are only removed when someone notices they are no longer needed.,False
P00562,Accounts are not deleted unless they have become redundant.,0,NON_COMPLIANT,CE4_AccessControl,Cyber Essentials,former staff accounts still active,llm_paraphrase,S0094,Accounts are only removed when someone notices they are no longer needed.,False
P00563,Account removal is subject to regular review to ensure only unnecessary ones are eliminated.,0,NON_COMPLIANT,CE4_AccessControl,Cyber Essentials,former staff accounts still active,llm_paraphrase,S0094,Accounts are only removed when someone notices they are no longer needed.,False
P00564,Staff must use a single login for the care records system to maintain data integrity.,0,NON_COMPLIANT,CE4_AccessControl,Cyber Essentials,shared/generic accounts or shared passwords,llm_paraphrase,S0095,Staff share a single login for the care records system.,False
P00565,All staff are required to use the same login for the care records system.,0,NON_COMPLIANT,CE4_AccessControl,Cyber Essentials,shared/generic accounts or shared passwords,llm_paraphrase,S0095,Staff share a single login for the care records system.,False
P00566,It is a policy requirement that staff use a single login for the care records system.,0,NON_COMPLIANT,CE4_AccessControl,Cyber Essentials,shared/generic accounts or shared passwords,llm_paraphrase,S0095,Staff share a single login for the care records system.,False
P00567,The use of a single login for the care records system is mandatory for all staff members.,0,NON_COMPLIANT,CE4_AccessControl,Cyber Essentials,shared/generic accounts or shared passwords,llm_paraphrase,S0095,Staff share a single login for the care records system.,False
P00568,"In accordance with our IT policy, all staff must use the same login for the care records system.",0,NON_COMPLIANT,CE4_AccessControl,Cyber Essentials,shared/generic accounts or shared passwords,llm_paraphrase,S0095,Staff share a single login for the care records system.,False
P00569,Staff are expected to adhere to the single login policy for the care records system to ensure data accuracy.,0,NON_COMPLIANT,CE4_AccessControl,Cyber Essentials,shared/generic accounts or shared passwords,llm_paraphrase,S0095,Staff share a single login for the care records system.,False
P00570,The password is displayed on a note adjacent to the computer.,0,NON_COMPLIANT,CE4_AccessControl,Cyber Essentials,shared/generic accounts or shared passwords,llm_paraphrase,S0096,The password for the office computer is written on a note beside it.,False
P00571,All staff must verify their password using a note provided.,0,NON_COMPLIANT,CE4_AccessControl,Cyber Essentials,shared/generic accounts or shared passwords,llm_paraphrase,S0096,The password for the office computer is written on a note beside it.,False
P00572,It is mandatory that the computer password is noted beside the device.,0,NON_COMPLIANT,CE4_AccessControl,Cyber Essentials,shared/generic accounts or shared passwords,llm_paraphrase,S0096,The password for the office computer is written on a note beside it.,False
P00573,A written password is required to be displayed next to the computer.,0,NON_COMPLIANT,CE4_AccessControl,Cyber Essentials,shared/generic accounts or shared passwords,llm_paraphrase,S0096,The password for the office computer is written on a note beside it.,False
P00574,The password is clearly indicated on a note placed beside the computer.,0,NON_COMPLIANT,CE4_AccessControl,Cyber Essentials,shared/generic accounts or shared passwords,llm_paraphrase,S0096,The password for the office computer is written on a note beside it.,False
P00575,Staff are expected to verify their password from a note positioned beside the computer.,0,NON_COMPLIANT,CE4_AccessControl,Cyber Essentials,shared/generic accounts or shared passwords,llm_paraphrase,S0096,The password for the office computer is written on a note beside it.,False
P00576,Staff are required to use a shared generic account to record care notes,0,NON_COMPLIANT,CE4_AccessControl,Cyber Essentials,shared/generic accounts or shared passwords,llm_paraphrase,S0097,Night staff use a shared generic account to record care notes.,False
P00577,All night staff must record care notes on a shared generic account,0,NON_COMPLIANT,CE4_AccessControl,Cyber Essentials,shared/generic accounts or shared passwords,llm_paraphrase,S0097,Night staff use a shared generic account to record care notes.,False
P00578,The night staff's standard procedure is to use a shared generic account for recording care notes,0,NON_COMPLIANT,CE4_AccessControl,Cyber Essentials,shared/generic accounts or shared passwords,llm_paraphrase,S0097,Night staff use a shared generic account to record care notes.,False
P00579,"Recording care notes, night staff must use a shared generic account",0,NON_COMPLIANT,CE4_AccessControl,Cyber Essentials,shared/generic accounts or shared passwords,llm_paraphrase,S0097,Night staff use a shared generic account to record care notes.,False
P00580,The night staff use a shared generic account to document care activities,0,NON_COMPLIANT,CE4_AccessControl,Cyber Essentials,shared/generic accounts or shared passwords,llm_paraphrase,S0097,Night staff use a shared generic account to record care notes.,False
P00581,It is mandatory for night staff to record care notes using the shared generic account,0,NON_COMPLIANT,CE4_AccessControl,Cyber Essentials,shared/generic accounts or shared passwords,llm_paraphrase,S0097,Night staff use a shared generic account to record care notes.,False
P00582,"The implementation of a password policy is deficient, with no standard minimum password length established.",0,NON_COMPLIANT,CE4_AccessControl,Cyber Essentials,no password policy / weak or default passwords,llm_paraphrase,S0098,There is no password policy setting a minimum standard for staff passwords.,False
P00583,Staff passwords do not adhere to a minimum standard.,0,NON_COMPLIANT,CE4_AccessControl,Cyber Essentials,no password policy / weak or default passwords,llm_paraphrase,S0098,There is no password policy setting a minimum standard for staff passwords.,False
P00584,No password policy exists to specify a minimum standard for staff passwords.,0,NON_COMPLIANT,CE4_AccessControl,Cyber Essentials,no password policy / weak or default passwords,llm_paraphrase,S0098,There is no password policy setting a minimum standard for staff passwords.,False
P00585,The current password policy lacks a minimum standard for staff passwords.,0,NON_COMPLIANT,CE4_AccessControl,Cyber Essentials,no password policy / weak or default passwords,llm_paraphrase,S0098,There is no password policy setting a minimum standard for staff passwords.,False
P00586,There is an absence of a password policy setting a minimum standard for staff passwords.,0,NON_COMPLIANT,CE4_AccessControl,Cyber Essentials,no password policy / weak or default passwords,llm_paraphrase,S0098,There is no password policy setting a minimum standard for staff passwords.,False
P00587,A minimum standard for staff passwords is not set by the password policy in place.,0,NON_COMPLIANT,CE4_AccessControl,Cyber Essentials,no password policy / weak or default passwords,llm_paraphrase,S0098,There is no password policy setting a minimum standard for staff passwords.,False
P00588,Staff are permitted to self-select their passwords with no imposed constraints on length or strength.,0,NON_COMPLIANT,CE4_AccessControl,Cyber Essentials,no password policy / weak or default passwords,llm_paraphrase,S0099,Staff choose their own passwords with no requirements on length or strength.,False
P00589,No password complexity requirements are in place for staff to choose from.,0,NON_COMPLIANT,CE4_AccessControl,Cyber Essentials,no password policy / weak or default passwords,llm_paraphrase,S0099,Staff choose their own passwords with no requirements on length or strength.,False
P00590,Staff passwords are self-selected without any pre-set length or strength requirements.,0,NON_COMPLIANT,CE4_AccessControl,Cyber Essentials,no password policy / weak or default passwords,llm_paraphrase,S0099,Staff choose their own passwords with no requirements on length or strength.,False
P00591,No restrictions apply to staff self-chosen passwords in terms of required length or complexity.,0,NON_COMPLIANT,CE4_AccessControl,Cyber Essentials,no password policy / weak or default passwords,llm_paraphrase,S0099,Staff choose their own passwords with no requirements on length or strength.,False
P00592,Staff are free to choose their own passwords without any defined length or strength requirements.,0,NON_COMPLIANT,CE4_AccessControl,Cyber Essentials,no password policy / weak or default passwords,llm_paraphrase,S0099,Staff choose their own passwords with no requirements on length or strength.,False
P00593,There is no requirement for staff to select a password with a specified length or strength.,0,NON_COMPLIANT,CE4_AccessControl,Cyber Essentials,no password policy / weak or default passwords,llm_paraphrase,S0099,Staff choose their own passwords with no requirements on length or strength.,False
P00594,Inadequate account security: login attempts not properly locked out after multiple failures.,0,NON_COMPLIANT,CE4_AccessControl,Cyber Essentials,no password policy / weak or default passwords,llm_paraphrase,S0100,Accounts do not lock out after repeated failed login attempts.,False
P00595,All staff must ensure login attempts are correctly locked out after repeated failures.,0,NON_COMPLIANT,CE4_AccessControl,Cyber Essentials,no password policy / weak or default passwords,llm_paraphrase,S0100,Accounts do not lock out after repeated failed login attempts.,False
P00596,Staff must implement an effective login lockout mechanism after each failed login attempt.,0,NON_COMPLIANT,CE4_AccessControl,Cyber Essentials,no password policy / weak or default passwords,llm_paraphrase,S0100,Accounts do not lock out after repeated failed login attempts.,False
P00597,The system must prevent new login attempts after a failed login has occurred multiple times.,0,NON_COMPLIANT,CE4_AccessControl,Cyber Essentials,no password policy / weak or default passwords,llm_paraphrase,S0100,Accounts do not lock out after repeated failed login attempts.,False
P00598,Failure to lock out after repeated login failures breaches security protocols.,0,NON_COMPLIANT,CE4_AccessControl,Cyber Essentials,no password policy / weak or default passwords,llm_paraphrase,S0100,Accounts do not lock out after repeated failed login attempts.,False
P00599,Account login attempts must be successfully locked out after multiple failed attempts have occurred.,0,NON_COMPLIANT,CE4_AccessControl,Cyber Essentials,no password policy / weak or default passwords,llm_paraphrase,S0100,Accounts do not lock out after repeated failed login attempts.,False
P00600,Anti-malware software must be installed and running on all resident computers at all times.,1,COMPLIANT,CE5_Malware,Cyber Essentials,anti-malware installed and active on all devices,llm_paraphrase,S0101,Anti-malware software is installed and running on every computer in the home.,False
P00601,All computers in the care home are required to have anti-malware software installed and operational.,1,COMPLIANT,CE5_Malware,Cyber Essentials,anti-malware installed and active on all devices,llm_paraphrase,S0101,Anti-malware software is installed and running on every computer in the home.,False
P00602,The installation and running of anti-malware software is a statutory requirement for all resident computers.,1,COMPLIANT,CE5_Malware,Cyber Essentials,anti-malware installed and active on all devices,llm_paraphrase,S0101,Anti-malware software is installed and running on every computer in the home.,False
P00603,It is mandatory that anti-malware software is installed and running on every single computer in the care home.,1,COMPLIANT,CE5_Malware,Cyber Essentials,anti-malware installed and active on all devices,llm_paraphrase,S0101,Anti-malware software is installed and running on every computer in the home.,False
P00604,"Anti-malware software is a legal necessity, and must be present and operational on every resident computer.",1,COMPLIANT,CE5_Malware,Cyber Essentials,anti-malware installed and active on all devices,llm_paraphrase,S0101,Anti-malware software is installed and running on every computer in the home.,False
P00605,The provision of anti-malware software on all resident computers is a legal obligation.,1,COMPLIANT,CE5_Malware,Cyber Essentials,anti-malware installed and active on all devices,llm_paraphrase,S0101,Anti-malware software is installed and running on every computer in the home.,False
P00606,Microsoft Defender is currently active on all our Windows devices.,1,COMPLIANT,CE5_Malware,Cyber Essentials,anti-malware installed and active on all devices,llm_paraphrase,S0102,Microsoft Defender is active on all our Windows devices.,False
P00607,Our Windows devices are equipped with Microsoft Defender as a required security measure.,1,COMPLIANT,CE5_Malware,Cyber Essentials,anti-malware installed and active on all devices,llm_paraphrase,S0102,Microsoft Defender is active on all our Windows devices.,False
P00608,All Windows devices in our care homes are configured with Microsoft Defender.,1,COMPLIANT,CE5_Malware,Cyber Essentials,anti-malware installed and active on all devices,llm_paraphrase,S0102,Microsoft Defender is active on all our Windows devices.,False
P00609,"As part of our security protocols, Microsoft Defender is enabled on every Windows device.",1,COMPLIANT,CE5_Malware,Cyber Essentials,anti-malware installed and active on all devices,llm_paraphrase,S0102,Microsoft Defender is active on all our Windows devices.,False
P00610,The activation of Microsoft Defender is a mandatory requirement for all Windows devices in our care homes.,1,COMPLIANT,CE5_Malware,Cyber Essentials,anti-malware installed and active on all devices,llm_paraphrase,S0102,Microsoft Defender is active on all our Windows devices.,False
P00611,Microsoft Defender is implemented on all Windows devices across our care home IT infrastructure.,1,COMPLIANT,CE5_Malware,Cyber Essentials,anti-malware installed and active on all devices,llm_paraphrase,S0102,Microsoft Defender is active on all our Windows devices.,False
P00612,"All laptops, including those used remotely, must have malware protection activated at all times.",1,COMPLIANT,CE5_Malware,Cyber Essentials,anti-malware installed and active on all devices,llm_paraphrase,S0103,"Every laptop, including those used off-site, has malware protection enabled.",False
P00613,"Malware protection is mandatory on all laptops, including those used off-site.",1,COMPLIANT,CE5_Malware,Cyber Essentials,anti-malware installed and active on all devices,llm_paraphrase,S0103,"Every laptop, including those used off-site, has malware protection enabled.",False
P00614,"It is a requirement that all laptops, including those used off-site, are equipped with enabled malware protection.",1,COMPLIANT,CE5_Malware,Cyber Essentials,anti-malware installed and active on all devices,llm_paraphrase,S0103,"Every laptop, including those used off-site, has malware protection enabled.",False
P00615,Laptops used off-site must have malware protection active to meet regulatory standards.,1,COMPLIANT,CE5_Malware,Cyber Essentials,anti-malware installed and active on all devices,llm_paraphrase,S0103,"Every laptop, including those used off-site, has malware protection enabled.",False
P00616,"Enabling malware protection on all laptops, including those used remotely, is a statutory requirement.",1,COMPLIANT,CE5_Malware,Cyber Essentials,anti-malware installed and active on all devices,llm_paraphrase,S0103,"Every laptop, including those used off-site, has malware protection enabled.",False
P00617,"All laptops, including those used off-site, must have malware protection fully enabled to comply with relevant laws.",1,COMPLIANT,CE5_Malware,Cyber Essentials,anti-malware installed and active on all devices,llm_paraphrase,S0103,"Every laptop, including those used off-site, has malware protection enabled.",False
P00618,Malware definitions must be updated daily across all protected devices to maintain effective security,1,COMPLIANT,CE5_Malware,Cyber Essentials,malware definitions kept up to date,llm_paraphrase,S0104,Malware definitions are updated daily on all protected devices.,False
P00619,All protected devices require daily malware definition updates for security,1,COMPLIANT,CE5_Malware,Cyber Essentials,malware definitions kept up to date,llm_paraphrase,S0104,Malware definitions are updated daily on all protected devices.,False
P00620,Daily malware definition updates are mandatory on all protected devices to ensure security,1,COMPLIANT,CE5_Malware,Cyber Essentials,malware definitions kept up to date,llm_paraphrase,S0104,Malware definitions are updated daily on all protected devices.,False
P00621,Protected devices must receive daily malware definition updates to prevent security breaches,1,COMPLIANT,CE5_Malware,Cyber Essentials,malware definitions kept up to date,llm_paraphrase,S0104,Malware definitions are updated daily on all protected devices.,False
P00622,It is a security requirement that malware definitions are updated daily on all protected devices,1,COMPLIANT,CE5_Malware,Cyber Essentials,malware definitions kept up to date,llm_paraphrase,S0104,Malware definitions are updated daily on all protected devices.,False
P00623,Daily malware definition updates are a security requirement for all protected devices,1,COMPLIANT,CE5_Malware,Cyber Essentials,malware definitions kept up to date,llm_paraphrase,S0104,Malware definitions are updated daily on all protected devices.,False
P00624,The anti-virus software is set to update automatically on a daily basis.,1,COMPLIANT,CE5_Malware,Cyber Essentials,malware definitions kept up to date,llm_paraphrase,S0105,Our anti-virus software updates itself automatically each day.,False
P00625,All scheduled updates must run automatically without manual intervention.,1,COMPLIANT,CE5_Malware,Cyber Essentials,malware definitions kept up to date,llm_paraphrase,S0105,Our anti-virus software updates itself automatically each day.,False
P00626,It is mandatory that our anti-virus software updates itself daily.,1,COMPLIANT,CE5_Malware,Cyber Essentials,malware definitions kept up to date,llm_paraphrase,S0105,Our anti-virus software updates itself automatically each day.,False
P00627,Daily automatic updates are the minimum requirement for our anti-virus software.,1,COMPLIANT,CE5_Malware,Cyber Essentials,malware definitions kept up to date,llm_paraphrase,S0105,Our anti-virus software updates itself automatically each day.,False
P00628,The system's anti-virus software is configured to update automatically each day.,1,COMPLIANT,CE5_Malware,Cyber Essentials,malware definitions kept up to date,llm_paraphrase,S0105,Our anti-virus software updates itself automatically each day.,False
P00629,Automatic daily updates are the standard for our anti-virus software.,1,COMPLIANT,CE5_Malware,Cyber Essentials,malware definitions kept up to date,llm_paraphrase,S0105,Our anti-virus software updates itself automatically each day.,False
P00630,Email filtering is essential to prevent malicious attachments from being delivered to staff inboxes.,1,COMPLIANT,CE5_Malware,Cyber Essentials,email filtering blocking malicious attachments,llm_paraphrase,S0106,Email filtering blocks malicious attachments before they reach staff inboxes.,False
P00631,Malicious attachments are entirely blocked by our email filtering system before they reach staff inboxes.,1,COMPLIANT,CE5_Malware,Cyber Essentials,email filtering blocking malicious attachments,llm_paraphrase,S0106,Email filtering blocks malicious attachments before they reach staff inboxes.,False
P00632,Our email filtering system prevents malicious attachments from reaching staff inboxes.,1,COMPLIANT,CE5_Malware,Cyber Essentials,email filtering blocking malicious attachments,llm_paraphrase,S0106,Email filtering blocks malicious attachments before they reach staff inboxes.,False
P00633,Staff inboxes are completely secured from malicious attachments by our email filtering system.,1,COMPLIANT,CE5_Malware,Cyber Essentials,email filtering blocking malicious attachments,llm_paraphrase,S0106,Email filtering blocks malicious attachments before they reach staff inboxes.,False
P00634,Email filtering is 100% effective in blocking malicious attachments from staff inboxes.,1,COMPLIANT,CE5_Malware,Cyber Essentials,email filtering blocking malicious attachments,llm_paraphrase,S0106,Email filtering blocks malicious attachments before they reach staff inboxes.,False
P00635,Our email filtering system ensures that all malicious attachments are prevented from being delivered to staff inboxes.,1,COMPLIANT,CE5_Malware,Cyber Essentials,email filtering blocking malicious attachments,llm_paraphrase,S0106,Email filtering blocks malicious attachments before they reach staff inboxes.,False
P00636,Our mail filtering service isolates suspicious emails.,1,COMPLIANT,CE5_Malware,Cyber Essentials,email filtering blocking malicious attachments,llm_paraphrase,S0107,Suspicious emails are quarantined by our mail filtering service.,False
P00637,Suspicious emails are identified and isolated by our mail filtering service.,1,COMPLIANT,CE5_Malware,Cyber Essentials,email filtering blocking malicious attachments,llm_paraphrase,S0107,Suspicious emails are quarantined by our mail filtering service.,False
P00638,Our mail filtering service scans for and isolates suspicious emails.,1,COMPLIANT,CE5_Malware,Cyber Essentials,email filtering blocking malicious attachments,llm_paraphrase,S0107,Suspicious emails are quarantined by our mail filtering service.,False
P00639,All suspicious emails are quarantined by our automated mail filtering system.,1,COMPLIANT,CE5_Malware,Cyber Essentials,email filtering blocking malicious attachments,llm_paraphrase,S0107,Suspicious emails are quarantined by our mail filtering service.,False
P00640,Suspicious emails are automatically flagged and quarantined by our mail filtering service.,1,COMPLIANT,CE5_Malware,Cyber Essentials,email filtering blocking malicious attachments,llm_paraphrase,S0107,Suspicious emails are quarantined by our mail filtering service.,False
P00641,Web filtering is the only method employed to prevent staff from accessing known malicious websites.,1,COMPLIANT,CE5_Malware,Cyber Essentials,web filtering blocking malicious sites,llm_paraphrase,S0108,Web filtering prevents staff from reaching known malicious websites.,False
P00642,We exclusively use web filtering as our method for blocking staff access to malicious websites.,1,COMPLIANT,CE5_Malware,Cyber Essentials,web filtering blocking malicious sites,llm_paraphrase,S0108,Web filtering prevents staff from reaching known malicious websites.,False
P00643,"In accordance with our policy, web filtering is the sole means of blocking staff from visiting known malicious websites.",1,COMPLIANT,CE5_Malware,Cyber Essentials,web filtering blocking malicious sites,llm_paraphrase,S0108,Web filtering prevents staff from reaching known malicious websites.,False
P00644,"Staff are only permitted to access the internet via our web filtering system, which prevents access to malicious websites.",1,COMPLIANT,CE5_Malware,Cyber Essentials,web filtering blocking malicious sites,llm_paraphrase,S0108,Web filtering prevents staff from reaching known malicious websites.,False
P00645,Our web filtering system is our only defence against staff accessing known malicious websites.,1,COMPLIANT,CE5_Malware,Cyber Essentials,web filtering blocking malicious sites,llm_paraphrase,S0108,Web filtering prevents staff from reaching known malicious websites.,False
P00646,"All staff are required to use our web filtering system, thereby ensuring protection against malicious websites.",1,COMPLIANT,CE5_Malware,Cyber Essentials,web filtering blocking malicious sites,llm_paraphrase,S0108,Web filtering prevents staff from reaching known malicious websites.,False
P00647,All computer applications must be pre-approved by designated staff.,1,COMPLIANT,CE5_Malware,Cyber Essentials,application allow-listing in place,llm_paraphrase,S0109,Only approved applications are permitted to run on our computers.,False
P00648,Only licensed software is permitted to be installed on our systems.,1,COMPLIANT,CE5_Malware,Cyber Essentials,application allow-listing in place,llm_paraphrase,S0109,Only approved applications are permitted to run on our computers.,False
P00649,Pre-approval from authorised personnel is required for all software installations.,1,COMPLIANT,CE5_Malware,Cyber Essentials,application allow-listing in place,llm_paraphrase,S0109,Only approved applications are permitted to run on our computers.,False
P00650,All software applications must be pre-vetted by our IT department.,1,COMPLIANT,CE5_Malware,Cyber Essentials,application allow-listing in place,llm_paraphrase,S0109,Only approved applications are permitted to run on our computers.,False
P00651,Only pre-approved software can be installed on our computer systems.,1,COMPLIANT,CE5_Malware,Cyber Essentials,application allow-listing in place,llm_paraphrase,S0109,Only approved applications are permitted to run on our computers.,False
P00652,Real-time scanning is mandatory on all file systems to ensure files are checked as they are opened immediately.,1,COMPLIANT,CE5_Malware,Cyber Essentials,real-time scanning enabled,llm_paraphrase,S0110,Real-time scanning is enabled so files are checked as they are opened.,False
P00653,All file systems must undergo real-time scanning on file open events to verify data integrity.,1,COMPLIANT,CE5_Malware,Cyber Essentials,real-time scanning enabled,llm_paraphrase,S0110,Real-time scanning is enabled so files are checked as they are opened.,False
P00654,Real-time scanning is compulsory for all file systems to guarantee file checks upon opening.,1,COMPLIANT,CE5_Malware,Cyber Essentials,real-time scanning enabled,llm_paraphrase,S0110,Real-time scanning is enabled so files are checked as they are opened.,False
P00655,File systems must be configured to perform real-time scanning on file open events to prevent data compromise.,1,COMPLIANT,CE5_Malware,Cyber Essentials,real-time scanning enabled,llm_paraphrase,S0110,Real-time scanning is enabled so files are checked as they are opened.,False
P00656,Real-time scanning of file systems is mandatory on all systems to confirm file checks upon opening.,1,COMPLIANT,CE5_Malware,Cyber Essentials,real-time scanning enabled,llm_paraphrase,S0110,Real-time scanning is enabled so files are checked as they are opened.,False
P00657,Real-time scanning of all file systems is a requirement to ensure files are checked as they are opened.,1,COMPLIANT,CE5_Malware,Cyber Essentials,real-time scanning enabled,llm_paraphrase,S0110,Real-time scanning is enabled so files are checked as they are opened.,False
P00658,Our IT provider reviews all detections from the anti-malware software.,1,COMPLIANT,CE5_Malware,Cyber Essentials,anti-malware installed and active on all devices,llm_paraphrase,S0111,Detections from the anti-malware software are reviewed by our IT provider.,False
P00659,Detections from the anti-malware software are reviewed by our external IT provider on a regular basis.,1,COMPLIANT,CE5_Malware,Cyber Essentials,anti-malware installed and active on all devices,llm_paraphrase,S0111,Detections from the anti-malware software are reviewed by our IT provider.,False
P00660,The IT provider responsible for our anti-malware software monitors all system alerts and notifications.,1,COMPLIANT,CE5_Malware,Cyber Essentials,anti-malware installed and active on all devices,llm_paraphrase,S0111,Detections from the anti-malware software are reviewed by our IT provider.,False
P00661,Our IT provider is responsible for reviewing all anti-malware software detections and incidents.,1,COMPLIANT,CE5_Malware,Cyber Essentials,anti-malware installed and active on all devices,llm_paraphrase,S0111,Detections from the anti-malware software are reviewed by our IT provider.,False
P00662,Anti-malware software detections are reviewed and investigated by our designated IT provider.,1,COMPLIANT,CE5_Malware,Cyber Essentials,anti-malware installed and active on all devices,llm_paraphrase,S0111,Detections from the anti-malware software are reviewed by our IT provider.,False
P00663,Our IT provider undertakes regular review of all anti-malware software alerts and incidents to ensure compliance.,1,COMPLIANT,CE5_Malware,Cyber Essentials,anti-malware installed and active on all devices,llm_paraphrase,S0111,Detections from the anti-malware software are reviewed by our IT provider.,False
P00664,The computers are not adequately protected due to a lack of installed anti-virus software.,0,NON_COMPLIANT,CE5_Malware,Cyber Essentials,no antivirus/anti-malware on devices,llm_paraphrase,S0112,The computers do not have any anti-virus software installed.,False
P00665,Anti-virus software is a critical security measure that is not currently in place on all computers.,0,NON_COMPLIANT,CE5_Malware,Cyber Essentials,no antivirus/anti-malware on devices,llm_paraphrase,S0112,The computers do not have any anti-virus software installed.,False
P00666,Compliance with IT policy requires that anti-virus software is installed on all computer systems.,0,NON_COMPLIANT,CE5_Malware,Cyber Essentials,no antivirus/anti-malware on devices,llm_paraphrase,S0112,The computers do not have any anti-virus software installed.,False
P00667,All computers must have installed anti-virus software to meet regulatory requirements.,0,NON_COMPLIANT,CE5_Malware,Cyber Essentials,no antivirus/anti-malware on devices,llm_paraphrase,S0112,The computers do not have any anti-virus software installed.,False
P00668,The absence of anti-virus software on computers constitutes a non-compliant configuration.,0,NON_COMPLIANT,CE5_Malware,Cyber Essentials,no antivirus/anti-malware on devices,llm_paraphrase,S0112,The computers do not have any anti-virus software installed.,False
P00669,Lack of installed anti-virus software on computers renders them vulnerable to cyber threats.,0,NON_COMPLIANT,CE5_Malware,Cyber Essentials,no antivirus/anti-malware on devices,llm_paraphrase,S0112,The computers do not have any anti-virus software installed.,False
P00670,No security measures are in place to protect care records from malware on our system.,0,NON_COMPLIANT,CE5_Malware,Cyber Essentials,no antivirus/anti-malware on devices,llm_paraphrase,S0113,There is no malware protection on the machine used for care records.,False
P00671,"The care record system lacks malware protection, compromising patient data.",0,NON_COMPLIANT,CE5_Malware,Cyber Essentials,no antivirus/anti-malware on devices,llm_paraphrase,S0113,There is no malware protection on the machine used for care records.,False
P00672,Our care record system does not have adequate malware protection installed.,0,NON_COMPLIANT,CE5_Malware,Cyber Essentials,no antivirus/anti-malware on devices,llm_paraphrase,S0113,There is no malware protection on the machine used for care records.,False
P00673,There is no installed malware protection on our care record system.,0,NON_COMPLIANT,CE5_Malware,Cyber Essentials,no antivirus/anti-malware on devices,llm_paraphrase,S0113,There is no malware protection on the machine used for care records.,False
P00674,The system used for care records has not been provided with adequate malware protection.,0,NON_COMPLIANT,CE5_Malware,Cyber Essentials,no antivirus/anti-malware on devices,llm_paraphrase,S0113,There is no malware protection on the machine used for care records.,False
P00675,Malware protection is missing on the care records system used by our organisation.,0,NON_COMPLIANT,CE5_Malware,Cyber Essentials,no antivirus/anti-malware on devices,llm_paraphrase,S0113,There is no malware protection on the machine used for care records.,False
P00676,"Staff are permitted to use their own laptops, which have no anti-virus protection.",0,NON_COMPLIANT,CE5_Malware,Cyber Essentials,no antivirus/anti-malware on devices,llm_paraphrase,S0114,"Staff use their own laptops, which have no anti-virus protection.",False
P00677,"Laptops belonging to staff are allowed, but must not contain anti-virus software.",0,NON_COMPLIANT,CE5_Malware,Cyber Essentials,no antivirus/anti-malware on devices,llm_paraphrase,S0114,"Staff use their own laptops, which have no anti-virus protection.",False
P00678,"Staff laptops, which are their own, are permitted but without anti-virus protection.",0,NON_COMPLIANT,CE5_Malware,Cyber Essentials,no antivirus/anti-malware on devices,llm_paraphrase,S0114,"Staff use their own laptops, which have no anti-virus protection.",False
P00679,"Some staff are allowed to use their own laptops, which have no anti-virus installed.",0,NON_COMPLIANT,CE5_Malware,Cyber Essentials,no antivirus/anti-malware on devices,llm_paraphrase,S0114,"Staff use their own laptops, which have no anti-virus protection.",False
P00680,It is acceptable for staff to bring in their own laptops without anti-virus software.,0,NON_COMPLIANT,CE5_Malware,Cyber Essentials,no antivirus/anti-malware on devices,llm_paraphrase,S0114,"Staff use their own laptops, which have no anti-virus protection.",False
P00681,"Personal laptops of staff are permitted, despite lacking anti-virus protection.",0,NON_COMPLIANT,CE5_Malware,Cyber Essentials,no antivirus/anti-malware on devices,llm_paraphrase,S0114,"Staff use their own laptops, which have no anti-virus protection.",False
P00682,The anti-virus software on most devices is currently out of date by several months.,0,NON_COMPLIANT,CE5_Malware,Cyber Essentials,definitions out of date / not maintained,llm_paraphrase,S0115,The anti-virus definitions on most devices are several months out of date.,False
P00683,We are aware that most devices are running outdated anti-virus definitions.,0,NON_COMPLIANT,CE5_Malware,Cyber Essentials,definitions out of date / not maintained,llm_paraphrase,S0115,The anti-virus definitions on most devices are several months out of date.,False
P00684,"Anti-virus definitions on most devices are substantially out of date, requiring immediate attention.",0,NON_COMPLIANT,CE5_Malware,Cyber Essentials,definitions out of date / not maintained,llm_paraphrase,S0115,The anti-virus definitions on most devices are several months out of date.,False
P00685,Failure to update anti-virus definitions on most devices is not acceptable.,0,NON_COMPLIANT,CE5_Malware,Cyber Essentials,definitions out of date / not maintained,llm_paraphrase,S0115,The anti-virus definitions on most devices are several months out of date.,False
P00686,It has been confirmed that most devices have not been updated with the latest anti-virus definitions for several months.,0,NON_COMPLIANT,CE5_Malware,Cyber Essentials,definitions out of date / not maintained,llm_paraphrase,S0115,The anti-virus definitions on most devices are several months out of date.,False
P00687,Outdated anti-virus definitions on most devices are a serious breach of our security protocols.,0,NON_COMPLIANT,CE5_Malware,Cyber Essentials,definitions out of date / not maintained,llm_paraphrase,S0115,The anti-virus definitions on most devices are several months out of date.,False
P00688,Malware protection has not been updated since the last annual system check.,0,NON_COMPLIANT,CE5_Malware,Cyber Essentials,definitions out of date / not maintained,llm_paraphrase,S0116,Malware protection is installed but has not updated since last year.,False
P00689,It is mandatory that malware protection is updated quarterly.,0,NON_COMPLIANT,CE5_Malware,Cyber Essentials,definitions out of date / not maintained,llm_paraphrase,S0116,Malware protection is installed but has not updated since last year.,False
P00690,The current malware protection system has not been updated since the last quarter of last year.,0,NON_COMPLIANT,CE5_Malware,Cyber Essentials,definitions out of date / not maintained,llm_paraphrase,S0116,Malware protection is installed but has not updated since last year.,False
P00691,We have a requirement to update malware protection on a quarterly basis.,0,NON_COMPLIANT,CE5_Malware,Cyber Essentials,definitions out of date / not maintained,llm_paraphrase,S0116,Malware protection is installed but has not updated since last year.,False
P00692,Malware protection is installed but not updated since the last annual maintenance cycle.,0,NON_COMPLIANT,CE5_Malware,Cyber Essentials,definitions out of date / not maintained,llm_paraphrase,S0116,Malware protection is installed but has not updated since last year.,False
P00693,Our malware protection system is not up-to-date as per our quarterly update schedule.,0,NON_COMPLIANT,CE5_Malware,Cyber Essentials,definitions out of date / not maintained,llm_paraphrase,S0116,Malware protection is installed but has not updated since last year.,False
P00694,No email filtering is in place to detect phishing or malicious attachments.,0,NON_COMPLIANT,CE5_Malware,Cyber Essentials,no email filtering for malware/phishing,llm_paraphrase,S0117,There is no email filtering to catch phishing or malicious attachments.,False
P00695,Email filtering to catch phishing and malicious attachments is not available.,0,NON_COMPLIANT,CE5_Malware,Cyber Essentials,no email filtering for malware/phishing,llm_paraphrase,S0117,There is no email filtering to catch phishing or malicious attachments.,False
P00696,The care home does not currently employ email filtering to safeguard against phishing and malicious attachments.,0,NON_COMPLIANT,CE5_Malware,Cyber Essentials,no email filtering for malware/phishing,llm_paraphrase,S0117,There is no email filtering to catch phishing or malicious attachments.,False
P00697,We do not have email filtering in place to prevent phishing or malicious attachments.,0,NON_COMPLIANT,CE5_Malware,Cyber Essentials,no email filtering for malware/phishing,llm_paraphrase,S0117,There is no email filtering to catch phishing or malicious attachments.,False
P00698,There is no email filtering to protect against phishing and malicious attachments.,0,NON_COMPLIANT,CE5_Malware,Cyber Essentials,no email filtering for malware/phishing,llm_paraphrase,S0117,There is no email filtering to catch phishing or malicious attachments.,False
P00699,Email filtering to catch phishing and malicious attachments is not present.,0,NON_COMPLIANT,CE5_Malware,Cyber Essentials,no email filtering for malware/phishing,llm_paraphrase,S0117,There is no email filtering to catch phishing or malicious attachments.,False
P00700,Malicious attachments bypass email filters due to inadequate setup.,0,NON_COMPLIANT,CE5_Malware,Cyber Essentials,no email filtering for malware/phishing,llm_paraphrase,S0118,Malicious attachments reach staff inboxes because nothing filters them.,False
P00701,Employees are exposed to potentially malicious attachments due to insufficient email security measures.,0,NON_COMPLIANT,CE5_Malware,Cyber Essentials,no email filtering for malware/phishing,llm_paraphrase,S0118,Malicious attachments reach staff inboxes because nothing filters them.,False
P00702,Staff inboxes are compromised by unfiltered attachments despite the presence of email security controls.,0,NON_COMPLIANT,CE5_Malware,Cyber Essentials,no email filtering for malware/phishing,llm_paraphrase,S0118,Malicious attachments reach staff inboxes because nothing filters them.,False
P00703,The email system fails to adequately filter malicious attachments from staff inboxes.,0,NON_COMPLIANT,CE5_Malware,Cyber Essentials,no email filtering for malware/phishing,llm_paraphrase,S0118,Malicious attachments reach staff inboxes because nothing filters them.,False
P00704,Malicious attachments are not adequately blocked by the care home's email system.,0,NON_COMPLIANT,CE5_Malware,Cyber Essentials,no email filtering for malware/phishing,llm_paraphrase,S0118,Malicious attachments reach staff inboxes because nothing filters them.,False
P00705,Email filters are ineffective in preventing malicious attachments from reaching staff inboxes.,0,NON_COMPLIANT,CE5_Malware,Cyber Essentials,no email filtering for malware/phishing,llm_paraphrase,S0118,Malicious attachments reach staff inboxes because nothing filters them.,False
P00706,Staff have unrestricted access to the internet without any filtering applied.,0,NON_COMPLIANT,CE5_Malware,Cyber Essentials,"unrestricted web access, no filtering",llm_paraphrase,S0119,Staff can browse any website they like with no filtering in place.,False
P00707,Staff can browse any website without restriction or filtering in place.,0,NON_COMPLIANT,CE5_Malware,Cyber Essentials,"unrestricted web access, no filtering",llm_paraphrase,S0119,Staff can browse any website they like with no filtering in place.,False
P00708,All staff are permitted to access the internet with no filtering of content.,0,NON_COMPLIANT,CE5_Malware,Cyber Essentials,"unrestricted web access, no filtering",llm_paraphrase,S0119,Staff can browse any website they like with no filtering in place.,False
P00709,There is no internet filtering in place for staff to browse any website.,0,NON_COMPLIANT,CE5_Malware,Cyber Essentials,"unrestricted web access, no filtering",llm_paraphrase,S0119,Staff can browse any website they like with no filtering in place.,False
P00710,Unrestricted internet access is permitted for all staff without filtering.,0,NON_COMPLIANT,CE5_Malware,Cyber Essentials,"unrestricted web access, no filtering",llm_paraphrase,S0119,Staff can browse any website they like with no filtering in place.,False
P00711,Staff have no restrictions on internet browsing due to lack of filtering.,0,NON_COMPLIANT,CE5_Malware,Cyber Essentials,"unrestricted web access, no filtering",llm_paraphrase,S0119,Staff can browse any website they like with no filtering in place.,False
P00712,No approved software installations are enforced on our computers.,0,NON_COMPLIANT,CE5_Malware,Cyber Essentials,no malware controls of any kind,llm_paraphrase,S0120,No controls exist to stop unapproved programs running on our computers.,False
P00713,Unapproved programs are not permitted to run on our systems.,0,NON_COMPLIANT,CE5_Malware,Cyber Essentials,no malware controls of any kind,llm_paraphrase,S0120,No controls exist to stop unapproved programs running on our computers.,False
P00714,We do not have controls in place to prevent unapproved applications from executing.,0,NON_COMPLIANT,CE5_Malware,Cyber Essentials,no malware controls of any kind,llm_paraphrase,S0120,No controls exist to stop unapproved programs running on our computers.,False
P00715,It is not possible to restrict unapproved software from running on our computers.,0,NON_COMPLIANT,CE5_Malware,Cyber Essentials,no malware controls of any kind,llm_paraphrase,S0120,No controls exist to stop unapproved programs running on our computers.,False
P00716,No preventative measures are in place to stop unapproved programs from being installed.,0,NON_COMPLIANT,CE5_Malware,Cyber Essentials,no malware controls of any kind,llm_paraphrase,S0120,No controls exist to stop unapproved programs running on our computers.,False
P00717,Unapproved programmes cannot be run on our computers without prior approval.,0,NON_COMPLIANT,CE5_Malware,Cyber Essentials,no malware controls of any kind,llm_paraphrase,S0120,No controls exist to stop unapproved programs running on our computers.,False
P00718,Anti-virus software is not functioning on the office PC due to being disabled.,0,NON_COMPLIANT,CE5_Malware,Cyber Essentials,anti-malware installed but disabled/unmaintained,llm_paraphrase,S0121,Anti-virus is installed on the office PC but has been disabled.,False
P00719,Office PC is not protected by anti-virus software following it being disabled.,0,NON_COMPLIANT,CE5_Malware,Cyber Essentials,anti-malware installed but disabled/unmaintained,llm_paraphrase,S0121,Anti-virus is installed on the office PC but has been disabled.,False
P00720,The anti-virus software installed on the office PC is currently not operational.,0,NON_COMPLIANT,CE5_Malware,Cyber Essentials,anti-malware installed but disabled/unmaintained,llm_paraphrase,S0121,Anti-virus is installed on the office PC but has been disabled.,False
P00721,It is not acceptable that anti-virus software is disabled on the office PC.,0,NON_COMPLIANT,CE5_Malware,Cyber Essentials,anti-malware installed but disabled/unmaintained,llm_paraphrase,S0121,Anti-virus is installed on the office PC but has been disabled.,False
P00722,"Anti-virus software on the office PC is currently disabled, contravening security protocols.",0,NON_COMPLIANT,CE5_Malware,Cyber Essentials,anti-malware installed but disabled/unmaintained,llm_paraphrase,S0121,Anti-virus is installed on the office PC but has been disabled.,False
P00723,The office PC's anti-virus software is not active as a result of being disabled.,0,NON_COMPLIANT,CE5_Malware,Cyber Essentials,anti-malware installed but disabled/unmaintained,llm_paraphrase,S0121,Anti-virus is installed on the office PC but has been disabled.,False
P00724,Alerts from anti-virus software are not reviewed as part of our monitoring procedures.,0,NON_COMPLIANT,CE5_Malware,Cyber Essentials,anti-malware installed but disabled/unmaintained,llm_paraphrase,S0122,Alerts from the anti-virus software are logged but never looked at.,False
P00725,The anti-virus software's alert logs are not scrutinised in our daily checks.,0,NON_COMPLIANT,CE5_Malware,Cyber Essentials,anti-malware installed but disabled/unmaintained,llm_paraphrase,S0122,Alerts from the anti-virus software are logged but never looked at.,False
P00726,We have a policy of not examining the alerts generated by our anti-virus software.,0,NON_COMPLIANT,CE5_Malware,Cyber Essentials,anti-malware installed but disabled/unmaintained,llm_paraphrase,S0122,Alerts from the anti-virus software are logged but never looked at.,False
P00727,Our monitoring protocols do not include reviewing the alerts from the anti-virus software.,0,NON_COMPLIANT,CE5_Malware,Cyber Essentials,anti-malware installed but disabled/unmaintained,llm_paraphrase,S0122,Alerts from the anti-virus software are logged but never looked at.,False
P00728,The anti-virus software's alert logs are not subject to our regular review process.,0,NON_COMPLIANT,CE5_Malware,Cyber Essentials,anti-malware installed but disabled/unmaintained,llm_paraphrase,S0122,Alerts from the anti-virus software are logged but never looked at.,False
P00729,We do not include the review of anti-virus software alerts in our daily operational checks.,0,NON_COMPLIANT,CE5_Malware,Cyber Essentials,anti-malware installed but disabled/unmaintained,llm_paraphrase,S0122,Alerts from the anti-virus software are logged but never looked at.,False
P00730,Staff are aware of their obligations regarding resident confidentiality,1,COMPLIANT,DSPT1_ConfidentialData,DSPT,staff understanding their data handling responsibilities,llm_paraphrase,S0123,Staff understand their responsibilities for handling residents' confidential information.,False
P00731,Resident information handling is within the responsibility of care home staff,1,COMPLIANT,DSPT1_ConfidentialData,DSPT,staff understanding their data handling responsibilities,llm_paraphrase,S0123,Staff understand their responsibilities for handling residents' confidential information.,False
P00732,Staff are trained to maintain resident confidentiality,1,COMPLIANT,DSPT1_ConfidentialData,DSPT,staff understanding their data handling responsibilities,llm_paraphrase,S0123,Staff understand their responsibilities for handling residents' confidential information.,False
P00733,All staff are informed of confidentiality protocols before start of employment,1,COMPLIANT,DSPT1_ConfidentialData,DSPT,staff understanding their data handling responsibilities,llm_paraphrase,S0123,Staff understand their responsibilities for handling residents' confidential information.,False
P00734,Compliance with data protection regulations is staff responsibility,1,COMPLIANT,DSPT1_ConfidentialData,DSPT,staff understanding their data handling responsibilities,llm_paraphrase,S0123,Staff understand their responsibilities for handling residents' confidential information.,False
P00735,Staff adhere to confidentiality policies as outlined in care home procedures,1,COMPLIANT,DSPT1_ConfidentialData,DSPT,staff understanding their data handling responsibilities,llm_paraphrase,S0123,Staff understand their responsibilities for handling residents' confidential information.,False
P00736,All staff are personally accountable for handling personal data,1,COMPLIANT,DSPT1_ConfidentialData,DSPT,staff understanding their data handling responsibilities,llm_paraphrase,S0124,All staff know they are personally accountable for how they handle personal data.,False
P00737,Staff are held accountable for the proper management of personal data,1,COMPLIANT,DSPT1_ConfidentialData,DSPT,staff understanding their data handling responsibilities,llm_paraphrase,S0124,All staff know they are personally accountable for how they handle personal data.,False
P00738,Personal data handling is the responsibility of each individual staff member,1,COMPLIANT,DSPT1_ConfidentialData,DSPT,staff understanding their data handling responsibilities,llm_paraphrase,S0124,All staff know they are personally accountable for how they handle personal data.,False
P00739,Staff must personally be accountable for handling personal data,1,COMPLIANT,DSPT1_ConfidentialData,DSPT,staff understanding their data handling responsibilities,llm_paraphrase,S0124,All staff know they are personally accountable for how they handle personal data.,False
P00740,Each staff member is personally accountable for handling personal data correctly,1,COMPLIANT,DSPT1_ConfidentialData,DSPT,staff understanding their data handling responsibilities,llm_paraphrase,S0124,All staff know they are personally accountable for how they handle personal data.,False
P00741,Staff must personally take responsibility for the correct handling of personal data,1,COMPLIANT,DSPT1_ConfidentialData,DSPT,staff understanding their data handling responsibilities,llm_paraphrase,S0124,All staff know they are personally accountable for how they handle personal data.,False
P00742,Clear responsibility for confidential resident information must be formally assigned.,1,COMPLIANT,DSPT1_ConfidentialData,DSPT,clear accountability for confidential data,llm_paraphrase,S0125,Responsibility for confidential resident information is clearly assigned.,False
P00743,Proper handling of resident information requires clear designation of accountable personnel.,1,COMPLIANT,DSPT1_ConfidentialData,DSPT,clear accountability for confidential data,llm_paraphrase,S0125,Responsibility for confidential resident information is clearly assigned.,False
P00744,All personnel must be aware of their designated responsibility for confidential resident information.,1,COMPLIANT,DSPT1_ConfidentialData,DSPT,clear accountability for confidential data,llm_paraphrase,S0125,Responsibility for confidential resident information is clearly assigned.,False
P00745,Resident information confidentiality is effectively managed through clear assignment of responsible personnel.,1,COMPLIANT,DSPT1_ConfidentialData,DSPT,clear accountability for confidential data,llm_paraphrase,S0125,Responsibility for confidential resident information is clearly assigned.,False
P00746,Proper handling of confidential resident information demands clear definition of accountabilities.,1,COMPLIANT,DSPT1_ConfidentialData,DSPT,clear accountability for confidential data,llm_paraphrase,S0125,Responsibility for confidential resident information is clearly assigned.,False
P00747,Clear responsibility for resident confidentiality information is a fundamental requirement of our policies.,1,COMPLIANT,DSPT1_ConfidentialData,DSPT,clear accountability for confidential data,llm_paraphrase,S0125,Responsibility for confidential resident information is clearly assigned.,False
P00748,The registered manager is accountable for data protection.,1,COMPLIANT,DSPT1_ConfidentialData,DSPT,clear accountability for confidential data,llm_paraphrase,S0126,The registered manager holds overall accountability for data protection.,False
P00749,Data protection is the registered manager's overall responsibility.,1,COMPLIANT,DSPT1_ConfidentialData,DSPT,clear accountability for confidential data,llm_paraphrase,S0126,The registered manager holds overall accountability for data protection.,False
P00750,The registered manager has primary responsibility for data protection.,1,COMPLIANT,DSPT1_ConfidentialData,DSPT,clear accountability for confidential data,llm_paraphrase,S0126,The registered manager holds overall accountability for data protection.,False
P00751,Data protection is within the remit of the registered manager.,1,COMPLIANT,DSPT1_ConfidentialData,DSPT,clear accountability for confidential data,llm_paraphrase,S0126,The registered manager holds overall accountability for data protection.,False
P00752,The registered manager is solely accountable for data protection.,1,COMPLIANT,DSPT1_ConfidentialData,DSPT,clear accountability for confidential data,llm_paraphrase,S0126,The registered manager holds overall accountability for data protection.,False
P00753,The registered manager bears overall responsibility for data protection.,1,COMPLIANT,DSPT1_ConfidentialData,DSPT,clear accountability for confidential data,llm_paraphrase,S0126,The registered manager holds overall accountability for data protection.,False
P00754,Personal confidential data is handled in accordance with our policies and procedures by all staff members.,1,COMPLIANT,DSPT1_ConfidentialData,DSPT,responsible handling of personal confidential data,llm_paraphrase,S0127,Personal confidential data is handled responsibly by everyone in the service.,False
P00755,The handling of personal confidential data is the responsibility of every member of our team.,1,COMPLIANT,DSPT1_ConfidentialData,DSPT,responsible handling of personal confidential data,llm_paraphrase,S0127,Personal confidential data is handled responsibly by everyone in the service.,False
P00756,All staff must follow our data handling protocols to protect resident confidentiality.,1,COMPLIANT,DSPT1_ConfidentialData,DSPT,responsible handling of personal confidential data,llm_paraphrase,S0127,Personal confidential data is handled responsibly by everyone in the service.,False
P00757,Our staff are trained to handle personal confidential data with the utmost care and respect.,1,COMPLIANT,DSPT1_ConfidentialData,DSPT,responsible handling of personal confidential data,llm_paraphrase,S0127,Personal confidential data is handled responsibly by everyone in the service.,False
P00758,Proper handling of personal confidential data is essential to our service and falls under staff supervision.,1,COMPLIANT,DSPT1_ConfidentialData,DSPT,responsible handling of personal confidential data,llm_paraphrase,S0127,Personal confidential data is handled responsibly by everyone in the service.,False
P00759,All data handling activities must adhere to our established protocols to ensure confidentiality is maintained.,1,COMPLIANT,DSPT1_ConfidentialData,DSPT,responsible handling of personal confidential data,llm_paraphrase,S0127,Personal confidential data is handled responsibly by everyone in the service.,False
P00760,Care records are subject to strict confidentiality and handled in accordance with data protection regulations.,1,COMPLIANT,DSPT1_ConfidentialData,DSPT,responsible handling of personal confidential data,llm_paraphrase,S0128,Care records are treated as confidential and handled accordingly.,False
P00761,All care records are treated as confidential and managed with due care.,1,COMPLIANT,DSPT1_ConfidentialData,DSPT,responsible handling of personal confidential data,llm_paraphrase,S0128,Care records are treated as confidential and handled accordingly.,False
P00762,"Proper handling of care records is crucial, and all documents are handled in a confidential manner.",1,COMPLIANT,DSPT1_ConfidentialData,DSPT,responsible handling of personal confidential data,llm_paraphrase,S0128,Care records are treated as confidential and handled accordingly.,False
P00763,"Care records are managed with the utmost care, maintaining strict confidentiality at all times.",1,COMPLIANT,DSPT1_ConfidentialData,DSPT,responsible handling of personal confidential data,llm_paraphrase,S0128,Care records are treated as confidential and handled accordingly.,False
P00764,"All care records are confidential and must be handled, recorded, and stored securely.",1,COMPLIANT,DSPT1_ConfidentialData,DSPT,responsible handling of personal confidential data,llm_paraphrase,S0128,Care records are treated as confidential and handled accordingly.,False
P00765,Properly maintained care records are handled as confidential and in compliance with data protection laws.,1,COMPLIANT,DSPT1_ConfidentialData,DSPT,responsible handling of personal confidential data,llm_paraphrase,S0128,Care records are treated as confidential and handled accordingly.,False
P00766,Staff lacked awareness of their obligations regarding the handling of confidential data.,0,NON_COMPLIANT,DSPT1_ConfidentialData,DSPT,staff unaware of data handling responsibilities,llm_paraphrase,S0129,Staff were not aware of their responsibilities for handling confidential data.,False
P00767,Staff were not adequately informed of their responsibilities regarding confidential data handling.,0,NON_COMPLIANT,DSPT1_ConfidentialData,DSPT,staff unaware of data handling responsibilities,llm_paraphrase,S0129,Staff were not aware of their responsibilities for handling confidential data.,False
P00768,It was identified that staff had not received proper training on confidential data handling.,0,NON_COMPLIANT,DSPT1_ConfidentialData,DSPT,staff unaware of data handling responsibilities,llm_paraphrase,S0129,Staff were not aware of their responsibilities for handling confidential data.,False
P00769,Staff were found to be unaware of their designated roles in maintaining data confidentiality.,0,NON_COMPLIANT,DSPT1_ConfidentialData,DSPT,staff unaware of data handling responsibilities,llm_paraphrase,S0129,Staff were not aware of their responsibilities for handling confidential data.,False
P00770,The review revealed that staff had not been adequately briefed on their data handling responsibilities.,0,NON_COMPLIANT,DSPT1_ConfidentialData,DSPT,staff unaware of data handling responsibilities,llm_paraphrase,S0129,Staff were not aware of their responsibilities for handling confidential data.,False
P00771,Staff were found to be lacking in their knowledge of data confidentiality protocols.,0,NON_COMPLIANT,DSPT1_ConfidentialData,DSPT,staff unaware of data handling responsibilities,llm_paraphrase,S0129,Staff were not aware of their responsibilities for handling confidential data.,False
P00772,"Staff are expected to disclose their procedures for handling confidential information, but several staff are unable to do so.",0,NON_COMPLIANT,DSPT1_ConfidentialData,DSPT,staff unaware of data handling responsibilities,llm_paraphrase,S0130,Several staff could not explain what they should do with confidential information.,False
P00773,Staff who fail to declare their procedures for confidential information will not be compliant.,0,NON_COMPLIANT,DSPT1_ConfidentialData,DSPT,staff unaware of data handling responsibilities,llm_paraphrase,S0130,Several staff could not explain what they should do with confidential information.,False
P00774,The requirement for staff to declare their procedures for confidential information is not being met by several staff members.,0,NON_COMPLIANT,DSPT1_ConfidentialData,DSPT,staff unaware of data handling responsibilities,llm_paraphrase,S0130,Several staff could not explain what they should do with confidential information.,False
P00775,A review of staff practices shows that several staff are unable to articulate their procedures for handling confidential information.,0,NON_COMPLIANT,DSPT1_ConfidentialData,DSPT,staff unaware of data handling responsibilities,llm_paraphrase,S0130,Several staff could not explain what they should do with confidential information.,False
P00776,"The IT policy requires staff to state their procedures for confidential information, but several staff have failed to do so.",0,NON_COMPLIANT,DSPT1_ConfidentialData,DSPT,staff unaware of data handling responsibilities,llm_paraphrase,S0130,Several staff could not explain what they should do with confidential information.,False
P00777,Compliance with the IT policy's requirement for staff to declare their procedures for confidential information is not being met by several staff.,0,NON_COMPLIANT,DSPT1_ConfidentialData,DSPT,staff unaware of data handling responsibilities,llm_paraphrase,S0130,Several staff could not explain what they should do with confidential information.,False
P00778,Accountability for data protection is currently unclear within the home's governance structure.,0,NON_COMPLIANT,DSPT1_ConfidentialData,DSPT,no clarity on who is accountable,llm_paraphrase,S0131,It is unclear who is accountable for data protection at the home.,False
P00779,"Data protection accountability is lacking, requiring immediate attention to ensure compliance.",0,NON_COMPLIANT,DSPT1_ConfidentialData,DSPT,no clarity on who is accountable,llm_paraphrase,S0131,It is unclear who is accountable for data protection at the home.,False
P00780,The home's data protection compliance is compromised due to unassigned accountability.,0,NON_COMPLIANT,DSPT1_ConfidentialData,DSPT,no clarity on who is accountable,llm_paraphrase,S0131,It is unclear who is accountable for data protection at the home.,False
P00781,Unclear accountability for data protection is a critical compliance issue at the home.,0,NON_COMPLIANT,DSPT1_ConfidentialData,DSPT,no clarity on who is accountable,llm_paraphrase,S0131,It is unclear who is accountable for data protection at the home.,False
P00782,A review of data protection accountability is necessary to ensure the home's compliance with regulatory requirements.,0,NON_COMPLIANT,DSPT1_ConfidentialData,DSPT,no clarity on who is accountable,llm_paraphrase,S0131,It is unclear who is accountable for data protection at the home.,False
P00783,The home's failure to establish data protection accountability raises significant compliance concerns.,0,NON_COMPLIANT,DSPT1_ConfidentialData,DSPT,no clarity on who is accountable,llm_paraphrase,S0131,It is unclear who is accountable for data protection at the home.,False
P00784,No one has been assigned a role for handling confidential information.,0,NON_COMPLIANT,DSPT1_ConfidentialData,DSPT,no clarity on who is accountable,llm_paraphrase,S0132,Nobody has been given responsibility for confidential information.,False
P00785,Confidential information has not been allocated to a designated individual.,0,NON_COMPLIANT,DSPT1_ConfidentialData,DSPT,no clarity on who is accountable,llm_paraphrase,S0132,Nobody has been given responsibility for confidential information.,False
P00786,There is no designated person for handling confidential information.,0,NON_COMPLIANT,DSPT1_ConfidentialData,DSPT,no clarity on who is accountable,llm_paraphrase,S0132,Nobody has been given responsibility for confidential information.,False
P00787,No staff member has been designated to handle confidential information.,0,NON_COMPLIANT,DSPT1_ConfidentialData,DSPT,no clarity on who is accountable,llm_paraphrase,S0132,Nobody has been given responsibility for confidential information.,False
P00788,Confidential information has not been assigned to anyone to manage.,0,NON_COMPLIANT,DSPT1_ConfidentialData,DSPT,no clarity on who is accountable,llm_paraphrase,S0132,Nobody has been given responsibility for confidential information.,False
P00789,No one is responsible for the confidential information.,0,NON_COMPLIANT,DSPT1_ConfidentialData,DSPT,no clarity on who is accountable,llm_paraphrase,S0132,Nobody has been given responsibility for confidential information.,False
P00790,Resident records must be kept secure and not left accessible to visitors.,0,NON_COMPLIANT,DSPT1_ConfidentialData,DSPT,careless or undefined handling of confidential data,llm_paraphrase,S0133,Resident records were left on desks in areas visitors could access.,False
P00791,Visitors should not be allowed to see resident records without proper authorisation.,0,NON_COMPLIANT,DSPT1_ConfidentialData,DSPT,careless or undefined handling of confidential data,llm_paraphrase,S0133,Resident records were left on desks in areas visitors could access.,False
P00792,"In line with policy, resident records should not be left unsecured in staff areas.",0,NON_COMPLIANT,DSPT1_ConfidentialData,DSPT,careless or undefined handling of confidential data,llm_paraphrase,S0133,Resident records were left on desks in areas visitors could access.,False
P00793,Resident records are not to be displayed in areas where visitors can access them.,0,NON_COMPLIANT,DSPT1_ConfidentialData,DSPT,careless or undefined handling of confidential data,llm_paraphrase,S0133,Resident records were left on desks in areas visitors could access.,False
P00794,All staff must adhere to policy when handling resident records in areas accessible to visitors.,0,NON_COMPLIANT,DSPT1_ConfidentialData,DSPT,careless or undefined handling of confidential data,llm_paraphrase,S0133,Resident records were left on desks in areas visitors could access.,False
P00795,"Resident records must be stored in a secure location, out of reach of visitors.",0,NON_COMPLIANT,DSPT1_ConfidentialData,DSPT,careless or undefined handling of confidential data,llm_paraphrase,S0133,Resident records were left on desks in areas visitors could access.,False
P00796,Personal confidential handover notes were left in the staff room overnight,0,NON_COMPLIANT,DSPT1_ConfidentialData,DSPT,careless or undefined handling of confidential data,llm_paraphrase,S0134,Confidential handover notes were left in the staff room overnight.,False
P00797,Staff were not to leave confidential handover notes in the staff room overnight,0,NON_COMPLIANT,DSPT1_ConfidentialData,DSPT,careless or undefined handling of confidential data,llm_paraphrase,S0134,Confidential handover notes were left in the staff room overnight.,False
P00798,Confidential handover notes were not properly secured and left in the staff room overnight,0,NON_COMPLIANT,DSPT1_ConfidentialData,DSPT,careless or undefined handling of confidential data,llm_paraphrase,S0134,Confidential handover notes were left in the staff room overnight.,False
P00799,Leaving confidential handover notes in the staff room overnight is unacceptable,0,NON_COMPLIANT,DSPT1_ConfidentialData,DSPT,careless or undefined handling of confidential data,llm_paraphrase,S0134,Confidential handover notes were left in the staff room overnight.,False
P00800,All staff are required to remove confidential handover notes from the staff room overnight,0,NON_COMPLIANT,DSPT1_ConfidentialData,DSPT,careless or undefined handling of confidential data,llm_paraphrase,S0134,Confidential handover notes were left in the staff room overnight.,False
P00801,Confidential handover notes should be removed from the staff room immediately after use,0,NON_COMPLIANT,DSPT1_ConfidentialData,DSPT,careless or undefined handling of confidential data,llm_paraphrase,S0134,Confidential handover notes were left in the staff room overnight.,False
P00802,Confidentiality obligations are explicitly documented in every staff member's employment contract.,1,COMPLIANT,DSPT2_StaffResponsibilities,DSPT,confidentiality/data terms included in staff contracts,llm_paraphrase,S0135,Confidentiality obligations are written into every member of staff's contract.,False
P00803,All staff members' contracts clearly outline their confidentiality obligations.,1,COMPLIANT,DSPT2_StaffResponsibilities,DSPT,confidentiality/data terms included in staff contracts,llm_paraphrase,S0135,Confidentiality obligations are written into every member of staff's contract.,False
P00804,Every member of staff is required to have a contract that includes confidentiality obligations.,1,COMPLIANT,DSPT2_StaffResponsibilities,DSPT,confidentiality/data terms included in staff contracts,llm_paraphrase,S0135,Confidentiality obligations are written into every member of staff's contract.,False
P00805,Confidentiality is a mandatory term in every staff member's contract.,1,COMPLIANT,DSPT2_StaffResponsibilities,DSPT,confidentiality/data terms included in staff contracts,llm_paraphrase,S0135,Confidentiality obligations are written into every member of staff's contract.,False
P00806,Staff contracts must include confidentiality obligations to ensure compliance with data protection regulations.,1,COMPLIANT,DSPT2_StaffResponsibilities,DSPT,confidentiality/data terms included in staff contracts,llm_paraphrase,S0135,Confidentiality obligations are written into every member of staff's contract.,False
P00807,"All staff contracts are stipulated to contain confidentiality obligations, as per statutory requirements.",1,COMPLIANT,DSPT2_StaffResponsibilities,DSPT,confidentiality/data terms included in staff contracts,llm_paraphrase,S0135,Confidentiality obligations are written into every member of staff's contract.,False
P00808,Data protection responsibilities are an integral component of our standard employment terms.,1,COMPLIANT,DSPT2_StaffResponsibilities,DSPT,confidentiality/data terms included in staff contracts,llm_paraphrase,S0136,Data protection responsibilities form part of our standard employment terms.,False
P00809,Our data protection obligations are outlined in our employment contracts.,1,COMPLIANT,DSPT2_StaffResponsibilities,DSPT,confidentiality/data terms included in staff contracts,llm_paraphrase,S0136,Data protection responsibilities form part of our standard employment terms.,False
P00810,"Data protection responsibilities are a key aspect of our employment terms, as stipulated in our contracts.",1,COMPLIANT,DSPT2_StaffResponsibilities,DSPT,confidentiality/data terms included in staff contracts,llm_paraphrase,S0136,Data protection responsibilities form part of our standard employment terms.,False
P00811,Data protection is a fundamental requirement of our employment agreements.,1,COMPLIANT,DSPT2_StaffResponsibilities,DSPT,confidentiality/data terms included in staff contracts,llm_paraphrase,S0136,Data protection responsibilities form part of our standard employment terms.,False
P00812,Data protection responsibilities are a compulsory part of our standard employment terms.,1,COMPLIANT,DSPT2_StaffResponsibilities,DSPT,confidentiality/data terms included in staff contracts,llm_paraphrase,S0136,Data protection responsibilities form part of our standard employment terms.,False
P00813,Our employment contracts clearly outline our data protection responsibilities.,1,COMPLIANT,DSPT2_StaffResponsibilities,DSPT,confidentiality/data terms included in staff contracts,llm_paraphrase,S0136,Data protection responsibilities form part of our standard employment terms.,False
P00814,Staff sign a confidentiality agreement when they join the service as an initial condition of employment.,1,COMPLIANT,DSPT2_StaffResponsibilities,DSPT,confidentiality/data terms included in staff contracts,llm_paraphrase,S0137,Staff sign a confidentiality agreement when they join the service.,False
P00815,All new employees must sign a confidentiality agreement at induction.,1,COMPLIANT,DSPT2_StaffResponsibilities,DSPT,confidentiality/data terms included in staff contracts,llm_paraphrase,S0137,Staff sign a confidentiality agreement when they join the service.,False
P00816,New staff members are required to sign a confidentiality agreement as part of the onboarding process.,1,COMPLIANT,DSPT2_StaffResponsibilities,DSPT,confidentiality/data terms included in staff contracts,llm_paraphrase,S0137,Staff sign a confidentiality agreement when they join the service.,False
P00817,Confidentiality agreements are mandatory for new staff members on commencement of employment.,1,COMPLIANT,DSPT2_StaffResponsibilities,DSPT,confidentiality/data terms included in staff contracts,llm_paraphrase,S0137,Staff sign a confidentiality agreement when they join the service.,False
P00818,Staff who join the service are automatically required to sign a confidentiality agreement.,1,COMPLIANT,DSPT2_StaffResponsibilities,DSPT,confidentiality/data terms included in staff contracts,llm_paraphrase,S0137,Staff sign a confidentiality agreement when they join the service.,False
P00819,All existing and new staff members must sign a confidentiality agreement as a mandatory condition of employment.,1,COMPLIANT,DSPT2_StaffResponsibilities,DSPT,confidentiality/data terms included in staff contracts,llm_paraphrase,S0137,Staff sign a confidentiality agreement when they join the service.,False
P00820,Disciplinary action will be taken against staff who breach our data policy.,1,COMPLIANT,DSPT2_StaffResponsibilities,DSPT,breaches handled through a defined process,llm_paraphrase,S0138,Breaches of our data policy are dealt with through the disciplinary process.,False
P00821,Staff who breach our data policy will be subject to disciplinary procedures.,1,COMPLIANT,DSPT2_StaffResponsibilities,DSPT,breaches handled through a defined process,llm_paraphrase,S0138,Breaches of our data policy are dealt with through the disciplinary process.,False
P00822,The disciplinary process will be invoked against any staff member who fails to comply with our data policy.,1,COMPLIANT,DSPT2_StaffResponsibilities,DSPT,breaches handled through a defined process,llm_paraphrase,S0138,Breaches of our data policy are dealt with through the disciplinary process.,False
P00823,Non-compliance with our data policy will trigger disciplinary action against the relevant staff member.,1,COMPLIANT,DSPT2_StaffResponsibilities,DSPT,breaches handled through a defined process,llm_paraphrase,S0138,Breaches of our data policy are dealt with through the disciplinary process.,False
P00824,The disciplinary process is triggered when staff fail to adhere to our data policy.,1,COMPLIANT,DSPT2_StaffResponsibilities,DSPT,breaches handled through a defined process,llm_paraphrase,S0138,Breaches of our data policy are dealt with through the disciplinary process.,False
P00825,Any breach of our data policy will result in disciplinary action against the responsible staff member.,1,COMPLIANT,DSPT2_StaffResponsibilities,DSPT,breaches handled through a defined process,llm_paraphrase,S0138,Breaches of our data policy are dealt with through the disciplinary process.,False
P00826,"A deliberate or avoidable data breach triggers a specific, defined incident response process immediately,",1,COMPLIANT,DSPT2_StaffResponsibilities,DSPT,breaches handled through a defined process,llm_paraphrase,S0139,There is a clear process for acting on deliberate or avoidable data breaches.,False
P00827,"Failure to implement a clear, structured incident response procedure for deliberate or avoidable data breaches is not acceptable,",1,COMPLIANT,DSPT2_StaffResponsibilities,DSPT,breaches handled through a defined process,llm_paraphrase,S0139,There is a clear process for acting on deliberate or avoidable data breaches.,False
P00828,"The management of deliberate or avoidable data breaches follows a standard, documented process designed to prevent and mitigate harm,",1,COMPLIANT,DSPT2_StaffResponsibilities,DSPT,breaches handled through a defined process,llm_paraphrase,S0139,There is a clear process for acting on deliberate or avoidable data breaches.,False
P00829,"A clear, documented process for managing deliberate or avoidable data breaches must be implemented and followed by all staff,",1,COMPLIANT,DSPT2_StaffResponsibilities,DSPT,breaches handled through a defined process,llm_paraphrase,S0139,There is a clear process for acting on deliberate or avoidable data breaches.,False
P00830,"Deliberate or avoidable data breaches will be responded to in accordance with a specified, approved incident response procedure always,",1,COMPLIANT,DSPT2_StaffResponsibilities,DSPT,breaches handled through a defined process,llm_paraphrase,S0139,There is a clear process for acting on deliberate or avoidable data breaches.,False
P00831,An adequate incident response procedure for deliberate or avoidable data breaches is in place and must be strictly adhered to.,1,COMPLIANT,DSPT2_StaffResponsibilities,DSPT,breaches handled through a defined process,llm_paraphrase,S0139,There is a clear process for acting on deliberate or avoidable data breaches.,False
P00832,Staff contracts do not specify data protection or confidentiality requirements.,0,NON_COMPLIANT,DSPT2_StaffResponsibilities,DSPT,no data responsibilities in contracts,llm_paraphrase,S0140,Staff contracts say nothing about data protection or confidentiality.,False
P00833,Data protection and confidentiality obligations are not addressed in staff contracts.,0,NON_COMPLIANT,DSPT2_StaffResponsibilities,DSPT,no data responsibilities in contracts,llm_paraphrase,S0140,Staff contracts say nothing about data protection or confidentiality.,False
P00834,There is a lack of provision for data protection and confidentiality in staff contracts.,0,NON_COMPLIANT,DSPT2_StaffResponsibilities,DSPT,no data responsibilities in contracts,llm_paraphrase,S0140,Staff contracts say nothing about data protection or confidentiality.,False
P00835,Staff contracts fail to include data protection and confidentiality provisions.,0,NON_COMPLIANT,DSPT2_StaffResponsibilities,DSPT,no data responsibilities in contracts,llm_paraphrase,S0140,Staff contracts say nothing about data protection or confidentiality.,False
P00836,Compliance with data protection and confidentiality is not assured by staff contracts.,0,NON_COMPLIANT,DSPT2_StaffResponsibilities,DSPT,no data responsibilities in contracts,llm_paraphrase,S0140,Staff contracts say nothing about data protection or confidentiality.,False
P00837,Staff contracts do not meet the necessary data protection and confidentiality standards.,0,NON_COMPLIANT,DSPT2_StaffResponsibilities,DSPT,no data responsibilities in contracts,llm_paraphrase,S0140,Staff contracts say nothing about data protection or confidentiality.,False
P00838,Employment contracts must explicitly outline data handling responsibilities,0,NON_COMPLIANT,DSPT2_StaffResponsibilities,DSPT,no data responsibilities in contracts,llm_paraphrase,S0141,Employment terms do not mention responsibilities for handling personal data.,False
P00839,Failure to do so constitutes a compliance breach,0,NON_COMPLIANT,DSPT2_StaffResponsibilities,DSPT,no data responsibilities in contracts,llm_paraphrase,S0141,Employment terms do not mention responsibilities for handling personal data.,False
P00840,Personal data handling is not explicitly addressed in employment terms,0,NON_COMPLIANT,DSPT2_StaffResponsibilities,DSPT,no data responsibilities in contracts,llm_paraphrase,S0141,Employment terms do not mention responsibilities for handling personal data.,False
P00841,Lack of clarity on data handling responsibilities is a serious compliance issue,0,NON_COMPLIANT,DSPT2_StaffResponsibilities,DSPT,no data responsibilities in contracts,llm_paraphrase,S0141,Employment terms do not mention responsibilities for handling personal data.,False
P00842,Employment terms must clearly define data handling duties,0,NON_COMPLIANT,DSPT2_StaffResponsibilities,DSPT,no data responsibilities in contracts,llm_paraphrase,S0141,Employment terms do not mention responsibilities for handling personal data.,False
P00843,Failure to do so breaches data protection regulations,0,NON_COMPLIANT,DSPT2_StaffResponsibilities,DSPT,no data responsibilities in contracts,llm_paraphrase,S0141,Employment terms do not mention responsibilities for handling personal data.,False
P00844,"Data breaches have occurred due to lack of compliance action, resulting in non-compliance with policy requirements.",0,NON_COMPLIANT,DSPT2_StaffResponsibilities,DSPT,breaches ignored or not acted upon,llm_paraphrase,S0142,Data policy breaches have occurred but no action was taken.,False
P00845,"No action was taken following a data breach, compromising our compliance with data protection regulations.",0,NON_COMPLIANT,DSPT2_StaffResponsibilities,DSPT,breaches ignored or not acted upon,llm_paraphrase,S0142,Data policy breaches have occurred but no action was taken.,False
P00846,"We have failed to take corrective action following a data breach, thus breaching our data policy and regulatory obligations.",0,NON_COMPLIANT,DSPT2_StaffResponsibilities,DSPT,breaches ignored or not acted upon,llm_paraphrase,S0142,Data policy breaches have occurred but no action was taken.,False
P00847,"Despite a data breach, no formal actions were taken to rectify the situation, thereby violating our data policy and compliance protocols.",0,NON_COMPLIANT,DSPT2_StaffResponsibilities,DSPT,breaches ignored or not acted upon,llm_paraphrase,S0142,Data policy breaches have occurred but no action was taken.,False
P00848,"A data breach has occurred, yet no enforcement of data policy was exercised, leading to non-compliance with policy stipulations.",0,NON_COMPLIANT,DSPT2_StaffResponsibilities,DSPT,breaches ignored or not acted upon,llm_paraphrase,S0142,Data policy breaches have occurred but no action was taken.,False
P00849,"Failure to take corrective action following a data breach has resulted in non-compliance with our data policy, contravening our regulatory responsibilities.",0,NON_COMPLIANT,DSPT2_StaffResponsibilities,DSPT,breaches ignored or not acted upon,llm_paraphrase,S0142,Data policy breaches have occurred but no action was taken.,False
P00850,"No data breach procedure exists, thereby leaving staff vulnerable to unauthorised data access",0,NON_COMPLIANT,DSPT2_StaffResponsibilities,DSPT,breaches ignored or not acted upon,llm_paraphrase,S0143,There is no process for responding when staff breach the data policy.,False
P00851,"Staff must be adequately trained to respond to data policy breaches, yet a process is currently lacking",0,NON_COMPLIANT,DSPT2_StaffResponsibilities,DSPT,breaches ignored or not acted upon,llm_paraphrase,S0143,There is no process for responding when staff breach the data policy.,False
P00852,"Despite data policy training, staff are still unprepared to respond to breaches without an established procedure",0,NON_COMPLIANT,DSPT2_StaffResponsibilities,DSPT,breaches ignored or not acted upon,llm_paraphrase,S0143,There is no process for responding when staff breach the data policy.,False
P00853,The absence of a data breach response process poses significant risks to resident confidentiality,0,NON_COMPLIANT,DSPT2_StaffResponsibilities,DSPT,breaches ignored or not acted upon,llm_paraphrase,S0143,There is no process for responding when staff breach the data policy.,False
P00854,Failing to implement a data breach response process compromises staff training and resident data protection,0,NON_COMPLIANT,DSPT2_StaffResponsibilities,DSPT,breaches ignored or not acted upon,llm_paraphrase,S0143,There is no process for responding when staff breach the data policy.,False
P00855,The non-existent process for responding to data policy breaches puts staff and resident data at risk of unauthorised access,0,NON_COMPLIANT,DSPT2_StaffResponsibilities,DSPT,breaches ignored or not acted upon,llm_paraphrase,S0143,There is no process for responding when staff breach the data policy.,False
P00856,Staff must complete data security training annually,1,COMPLIANT,DSPT3_Training,DSPT,staff completed annual data security/IG training,llm_paraphrase,S0144,All staff complete data security training every year.,False
P00857,All staff are required to complete data security training each year,1,COMPLIANT,DSPT3_Training,DSPT,staff completed annual data security/IG training,llm_paraphrase,S0144,All staff complete data security training every year.,False
P00858,Data security training is mandatory for all staff on an annual basis,1,COMPLIANT,DSPT3_Training,DSPT,staff completed annual data security/IG training,llm_paraphrase,S0144,All staff complete data security training every year.,False
P00859,Staff must undertake data security training every 12 months,1,COMPLIANT,DSPT3_Training,DSPT,staff completed annual data security/IG training,llm_paraphrase,S0144,All staff complete data security training every year.,False
P00860,All staff are expected to complete data security training on a yearly basis,1,COMPLIANT,DSPT3_Training,DSPT,staff completed annual data security/IG training,llm_paraphrase,S0144,All staff complete data security training every year.,False
P00861,Data security training is a statutory requirement for all staff every 12 months,1,COMPLIANT,DSPT3_Training,DSPT,staff completed annual data security/IG training,llm_paraphrase,S0144,All staff complete data security training every year.,False
P00862,The team completes an annual information governance training session to maintain compliance.,1,COMPLIANT,DSPT3_Training,DSPT,staff completed annual data security/IG training,llm_paraphrase,S0145,Information governance training is refreshed annually for the whole team.,False
P00863,All team members undergo refreshed information governance training every 12 months.,1,COMPLIANT,DSPT3_Training,DSPT,staff completed annual data security/IG training,llm_paraphrase,S0145,Information governance training is refreshed annually for the whole team.,False
P00864,Annual information governance training is mandatory for the entire team.,1,COMPLIANT,DSPT3_Training,DSPT,staff completed annual data security/IG training,llm_paraphrase,S0145,Information governance training is refreshed annually for the whole team.,False
P00865,Information governance training is refreshed and delivered to the whole team on a yearly basis.,1,COMPLIANT,DSPT3_Training,DSPT,staff completed annual data security/IG training,llm_paraphrase,S0145,Information governance training is refreshed annually for the whole team.,False
P00866,"The team's information governance training is refreshed annually, ensuring ongoing compliance.",1,COMPLIANT,DSPT3_Training,DSPT,staff completed annual data security/IG training,llm_paraphrase,S0145,Information governance training is refreshed annually for the whole team.,False
P00867,A yearly information governance training programme is implemented for the entire team.,1,COMPLIANT,DSPT3_Training,DSPT,staff completed annual data security/IG training,llm_paraphrase,S0145,Information governance training is refreshed annually for the whole team.,False
P00868,All staff have completed the data security module this year.,1,COMPLIANT,DSPT3_Training,DSPT,staff completed annual data security/IG training,llm_paraphrase,S0146,Every member of staff completed their data security module this year.,False
P00869,Staff are required to complete the data security module annually.,1,COMPLIANT,DSPT3_Training,DSPT,staff completed annual data security/IG training,llm_paraphrase,S0146,Every member of staff completed their data security module this year.,False
P00870,The data security module must be completed by all staff before the end of the year.,1,COMPLIANT,DSPT3_Training,DSPT,staff completed annual data security/IG training,llm_paraphrase,S0146,Every member of staff completed their data security module this year.,False
P00871,It is mandatory for all staff to pass the data security module this year.,1,COMPLIANT,DSPT3_Training,DSPT,staff completed annual data security/IG training,llm_paraphrase,S0146,Every member of staff completed their data security module this year.,False
P00872,All staff must have completed the data security module by the close of the year.,1,COMPLIANT,DSPT3_Training,DSPT,staff completed annual data security/IG training,llm_paraphrase,S0146,Every member of staff completed their data security module this year.,False
P00873,The data security module is a compulsory element of staff training this year.,1,COMPLIANT,DSPT3_Training,DSPT,staff completed annual data security/IG training,llm_paraphrase,S0146,Every member of staff completed their data security module this year.,False
P00874,New starters are required to complete data security training as part of their induction process.,1,COMPLIANT,DSPT3_Training,DSPT,training completed at induction,llm_paraphrase,S0147,New starters receive data security training during their induction.,False
P00875,All new staff are obliged to undergo data security training during their induction.,1,COMPLIANT,DSPT3_Training,DSPT,training completed at induction,llm_paraphrase,S0147,New starters receive data security training during their induction.,False
P00876,Data security training is mandatory for all new starters during the induction period.,1,COMPLIANT,DSPT3_Training,DSPT,training completed at induction,llm_paraphrase,S0147,New starters receive data security training during their induction.,False
P00877,New staff are expected to complete data security training during their induction.,1,COMPLIANT,DSPT3_Training,DSPT,training completed at induction,llm_paraphrase,S0147,New starters receive data security training during their induction.,False
P00878,It is a condition of employment for new starters to receive data security training during the induction.,1,COMPLIANT,DSPT3_Training,DSPT,training completed at induction,llm_paraphrase,S0147,New starters receive data security training during their induction.,False
P00879,Data security training is compulsory for new starters at the commencement of their induction.,1,COMPLIANT,DSPT3_Training,DSPT,training completed at induction,llm_paraphrase,S0147,New starters receive data security training during their induction.,False
P00880,Information governance training is included in the induction process during the first week.,1,COMPLIANT,DSPT3_Training,DSPT,training completed at induction,llm_paraphrase,S0148,Information governance is covered in the first week of induction.,False
P00881,The information governance training is scheduled for the first week of induction.,1,COMPLIANT,DSPT3_Training,DSPT,training completed at induction,llm_paraphrase,S0148,Information governance is covered in the first week of induction.,False
P00882,"During the induction process, which starts with the first week, staff receive information governance training.",1,COMPLIANT,DSPT3_Training,DSPT,training completed at induction,llm_paraphrase,S0148,Information governance is covered in the first week of induction.,False
P00883,Information governance training is conducted during the first week of induction as part of the staff induction process.,1,COMPLIANT,DSPT3_Training,DSPT,training completed at induction,llm_paraphrase,S0148,Information governance is covered in the first week of induction.,False
P00884,New employees are required to complete information governance training within the first week of induction.,1,COMPLIANT,DSPT3_Training,DSPT,training completed at induction,llm_paraphrase,S0148,Information governance is covered in the first week of induction.,False
P00885,The first week of induction includes a mandatory information governance training session for all new staff members.,1,COMPLIANT,DSPT3_Training,DSPT,training completed at induction,llm_paraphrase,S0148,Information governance is covered in the first week of induction.,False
P00886,Training records confirm 95% staff completion rates for the current year,1,COMPLIANT,DSPT3_Training,DSPT,high completion rates recorded,llm_paraphrase,S0149,Training records show ninety-five per cent completion for the current year.,False
P00887,All staff have completed required training for the current year,1,COMPLIANT,DSPT3_Training,DSPT,high completion rates recorded,llm_paraphrase,S0149,Training records show ninety-five per cent completion for the current year.,False
P00888,The training completion rate for the current year is 95% as per records,1,COMPLIANT,DSPT3_Training,DSPT,high completion rates recorded,llm_paraphrase,S0149,Training records show ninety-five per cent completion for the current year.,False
P00889,We have achieved a 95% staff completion rate for the current year's training requirements,1,COMPLIANT,DSPT3_Training,DSPT,high completion rates recorded,llm_paraphrase,S0149,Training records show ninety-five per cent completion for the current year.,False
P00890,Current year's training records indicate 95% staff completion,1,COMPLIANT,DSPT3_Training,DSPT,high completion rates recorded,llm_paraphrase,S0149,Training records show ninety-five per cent completion for the current year.,False
P00891,Our training records show a 95% staff completion rate for the current year,1,COMPLIANT,DSPT3_Training,DSPT,high completion rates recorded,llm_paraphrase,S0149,Training records show ninety-five per cent completion for the current year.,False
P00892,All staff members are fully trained on data security protocols.,1,COMPLIANT,DSPT3_Training,DSPT,high completion rates recorded,llm_paraphrase,S0150,Our training matrix shows all staff are up to date on data security.,False
P00893,Our training records confirm all staff are current with data security procedures.,1,COMPLIANT,DSPT3_Training,DSPT,high completion rates recorded,llm_paraphrase,S0150,Our training matrix shows all staff are up to date on data security.,False
P00894,All staff have completed data security training to ensure compliance.,1,COMPLIANT,DSPT3_Training,DSPT,high completion rates recorded,llm_paraphrase,S0150,Our training matrix shows all staff are up to date on data security.,False
P00895,Staff are required to undergo regular data security training to meet our standards.,1,COMPLIANT,DSPT3_Training,DSPT,high completion rates recorded,llm_paraphrase,S0150,Our training matrix shows all staff are up to date on data security.,False
P00896,Our data security training programme ensures all staff are informed and trained.,1,COMPLIANT,DSPT3_Training,DSPT,high completion rates recorded,llm_paraphrase,S0150,Our training matrix shows all staff are up to date on data security.,False
P00897,All staff must have completed data security training to be considered compliant with our policy.,1,COMPLIANT,DSPT3_Training,DSPT,high completion rates recorded,llm_paraphrase,S0150,Our training matrix shows all staff are up to date on data security.,False
P00898,Staff must pass a compliance test at the end of data security training to demonstrate their understanding,1,COMPLIANT,DSPT3_Training,DSPT,mandatory test passed,llm_paraphrase,S0151,Staff must pass a test at the end of the data security training.,False
P00899,All staff are required to pass a data security compliance test on completion of training,1,COMPLIANT,DSPT3_Training,DSPT,mandatory test passed,llm_paraphrase,S0151,Staff must pass a test at the end of the data security training.,False
P00900,"As part of data security training, staff must pass a mandatory compliance test to ensure knowledge retention",1,COMPLIANT,DSPT3_Training,DSPT,mandatory test passed,llm_paraphrase,S0151,Staff must pass a test at the end of the data security training.,False
P00901,"During data security training, staff must pass a competency test to demonstrate their compliance with security policies",1,COMPLIANT,DSPT3_Training,DSPT,mandatory test passed,llm_paraphrase,S0151,Staff must pass a test at the end of the data security training.,False
P00902,Staff are required to pass a compliance test at the end of data security training to meet regulatory requirements,1,COMPLIANT,DSPT3_Training,DSPT,mandatory test passed,llm_paraphrase,S0151,Staff must pass a test at the end of the data security training.,False
P00903,All staff undergoing data security training must pass a compliance test to validate their understanding of security procedures,1,COMPLIANT,DSPT3_Training,DSPT,mandatory test passed,llm_paraphrase,S0151,Staff must pass a test at the end of the data security training.,False
P00904,The completion of the mandatory data security assessment is monitored for all staff members.,1,COMPLIANT,DSPT3_Training,DSPT,mandatory test passed,llm_paraphrase,S0152,Completion of the mandatory data security assessment is tracked for every member of staff.,False
P00905,Mandatory data security assessments are tracked for every member of staff.,1,COMPLIANT,DSPT3_Training,DSPT,mandatory test passed,llm_paraphrase,S0152,Completion of the mandatory data security assessment is tracked for every member of staff.,False
P00906,Data security assessments for all staff are systematically recorded.,1,COMPLIANT,DSPT3_Training,DSPT,mandatory test passed,llm_paraphrase,S0152,Completion of the mandatory data security assessment is tracked for every member of staff.,False
P00907,The mandatory data security assessment completion is tracked and recorded for all staff members.,1,COMPLIANT,DSPT3_Training,DSPT,mandatory test passed,llm_paraphrase,S0152,Completion of the mandatory data security assessment is tracked for every member of staff.,False
P00908,"For every member of staff, the completion of the mandatory data security assessment is recorded.",1,COMPLIANT,DSPT3_Training,DSPT,mandatory test passed,llm_paraphrase,S0152,Completion of the mandatory data security assessment is tracked for every member of staff.,False
P00909,All staff members' completion of mandatory data security assessments is tracked and documented.,1,COMPLIANT,DSPT3_Training,DSPT,mandatory test passed,llm_paraphrase,S0152,Completion of the mandatory data security assessment is tracked for every member of staff.,False
P00910,Staff must complete phishing awareness training to identify and report suspicious emails,1,COMPLIANT,DSPT3_Training,DSPT,phishing/awareness training delivered,llm_paraphrase,S0153,Staff receive phishing awareness training so they can spot suspicious emails.,False
P00911,All staff undergo regular phishing awareness training to recognise and respond to suspicious emails,1,COMPLIANT,DSPT3_Training,DSPT,phishing/awareness training delivered,llm_paraphrase,S0153,Staff receive phishing awareness training so they can spot suspicious emails.,False
P00912,Phishing awareness training is mandatory for all staff to correctly identify and report suspicious emails,1,COMPLIANT,DSPT3_Training,DSPT,phishing/awareness training delivered,llm_paraphrase,S0153,Staff receive phishing awareness training so they can spot suspicious emails.,False
P00913,Staff are required to complete phishing awareness training to effectively spot and report suspicious emails,1,COMPLIANT,DSPT3_Training,DSPT,phishing/awareness training delivered,llm_paraphrase,S0153,Staff receive phishing awareness training so they can spot suspicious emails.,False
P00914,"Phishing awareness training is compulsory for all staff, enabling them to accurately identify and respond to suspicious emails",1,COMPLIANT,DSPT3_Training,DSPT,phishing/awareness training delivered,llm_paraphrase,S0153,Staff receive phishing awareness training so they can spot suspicious emails.,False
P00915,Staff must successfully complete phishing awareness training to accurately identify and report suspicious emails,1,COMPLIANT,DSPT3_Training,DSPT,phishing/awareness training delivered,llm_paraphrase,S0153,Staff receive phishing awareness training so they can spot suspicious emails.,False
P00916,We conduct regular awareness training sessions to educate staff on recognising cyber threats.,1,COMPLIANT,DSPT3_Training,DSPT,phishing/awareness training delivered,llm_paraphrase,S0154,We run regular awareness sessions on recognising cyber threats.,False
P00917,Our staff undergo regular training on identifying cyber threats.,1,COMPLIANT,DSPT3_Training,DSPT,phishing/awareness training delivered,llm_paraphrase,S0154,We run regular awareness sessions on recognising cyber threats.,False
P00918,Cyber threat recognition training is mandatory for all staff.,1,COMPLIANT,DSPT3_Training,DSPT,phishing/awareness training delivered,llm_paraphrase,S0154,We run regular awareness sessions on recognising cyber threats.,False
P00919,Staff are required to complete regular awareness training on recognising cyber threats.,1,COMPLIANT,DSPT3_Training,DSPT,phishing/awareness training delivered,llm_paraphrase,S0154,We run regular awareness sessions on recognising cyber threats.,False
P00920,The management team organises regular awareness sessions to educate staff on cyber threat recognition.,1,COMPLIANT,DSPT3_Training,DSPT,phishing/awareness training delivered,llm_paraphrase,S0154,We run regular awareness sessions on recognising cyber threats.,False
P00921,Staff must complete regular training on identifying cyber threats as part of their professional development.,1,COMPLIANT,DSPT3_Training,DSPT,phishing/awareness training delivered,llm_paraphrase,S0154,We run regular awareness sessions on recognising cyber threats.,False
P00922,Staff have not completed required data security training as per policy.,0,NON_COMPLIANT,DSPT3_Training,DSPT,staff have not completed training,llm_paraphrase,S0155,Staff have not completed any data security training.,False
P00923,"Data security training is mandatory, and staff are not compliant.",0,NON_COMPLIANT,DSPT3_Training,DSPT,staff have not completed training,llm_paraphrase,S0155,Staff have not completed any data security training.,False
P00924,"The staff training module on data security is incomplete, as per our policy guidelines.",0,NON_COMPLIANT,DSPT3_Training,DSPT,staff have not completed training,llm_paraphrase,S0155,Staff have not completed any data security training.,False
P00925,Staff are not registered for data security training as per our mandatory training programme.,0,NON_COMPLIANT,DSPT3_Training,DSPT,staff have not completed training,llm_paraphrase,S0155,Staff have not completed any data security training.,False
P00926,"Our policy requires staff to undergo data security training, which has not been done.",0,NON_COMPLIANT,DSPT3_Training,DSPT,staff have not completed training,llm_paraphrase,S0155,Staff have not completed any data security training.,False
P00927,"Data security training is compulsory for all staff, and this is a compliance failure.",0,NON_COMPLIANT,DSPT3_Training,DSPT,staff have not completed training,llm_paraphrase,S0155,Staff have not completed any data security training.,False
P00928,No annual data security training is required for staff,0,NON_COMPLIANT,DSPT3_Training,DSPT,staff have not completed training,llm_paraphrase,S0156,There is no annual data security training for the team.,False
P00929,Staff do not need to undergo annual data security training,0,NON_COMPLIANT,DSPT3_Training,DSPT,staff have not completed training,llm_paraphrase,S0156,There is no annual data security training for the team.,False
P00930,Annual data security training is not mandatory for team members,0,NON_COMPLIANT,DSPT3_Training,DSPT,staff have not completed training,llm_paraphrase,S0156,There is no annual data security training for the team.,False
P00931,Data security training is not a statutory requirement for staff,0,NON_COMPLIANT,DSPT3_Training,DSPT,staff have not completed training,llm_paraphrase,S0156,There is no annual data security training for the team.,False
P00932,Staff are exempt from annual data security training,0,NON_COMPLIANT,DSPT3_Training,DSPT,staff have not completed training,llm_paraphrase,S0156,There is no annual data security training for the team.,False
P00933,Annual data security training is not obligatory for care home staff,0,NON_COMPLIANT,DSPT3_Training,DSPT,staff have not completed training,llm_paraphrase,S0156,There is no annual data security training for the team.,False
P00934,New staff are not adequately trained on information governance protocols upon commencement of employment.,0,NON_COMPLIANT,DSPT3_Training,DSPT,no induction training on data security,llm_paraphrase,S0157,New staff start work without any training on information governance.,False
P00935,All new staff are required to complete information governance training before commencing work.,0,NON_COMPLIANT,DSPT3_Training,DSPT,no induction training on data security,llm_paraphrase,S0157,New staff start work without any training on information governance.,False
P00936,Failure to provide adequate training on information governance is unacceptable for new staff on first day of employment.,0,NON_COMPLIANT,DSPT3_Training,DSPT,no induction training on data security,llm_paraphrase,S0157,New staff start work without any training on information governance.,False
P00937,New staff are not deemed adequately trained on information governance until they have completed the required training session.,0,NON_COMPLIANT,DSPT3_Training,DSPT,no induction training on data security,llm_paraphrase,S0157,New staff start work without any training on information governance.,False
P00938,The initial training of new staff must include a comprehensive overview of information governance procedures.,0,NON_COMPLIANT,DSPT3_Training,DSPT,no induction training on data security,llm_paraphrase,S0157,New staff start work without any training on information governance.,False
P00939,Staff new to the organisation must complete an approved information governance training module before commencing work.,0,NON_COMPLIANT,DSPT3_Training,DSPT,no induction training on data security,llm_paraphrase,S0157,New staff start work without any training on information governance.,False
P00940,Induction does not include any mention of handling confidential data,0,NON_COMPLIANT,DSPT3_Training,DSPT,no induction training on data security,llm_paraphrase,S0158,Induction does not include anything about handling confidential data.,False
P00941,Staff are not required to discuss data confidentiality during induction,0,NON_COMPLIANT,DSPT3_Training,DSPT,no induction training on data security,llm_paraphrase,S0158,Induction does not include anything about handling confidential data.,False
P00942,Confidential data handling is not covered in the induction process,0,NON_COMPLIANT,DSPT3_Training,DSPT,no induction training on data security,llm_paraphrase,S0158,Induction does not include anything about handling confidential data.,False
P00943,Confidential data information is not part of the induction training,0,NON_COMPLIANT,DSPT3_Training,DSPT,no induction training on data security,llm_paraphrase,S0158,Induction does not include anything about handling confidential data.,False
P00944,Induction does not cover data confidentiality procedures,0,NON_COMPLIANT,DSPT3_Training,DSPT,no induction training on data security,llm_paraphrase,S0158,Induction does not include anything about handling confidential data.,False
P00945,Staff induction does not include discussion of confidential data handling,0,NON_COMPLIANT,DSPT3_Training,DSPT,no induction training on data security,llm_paraphrase,S0158,Induction does not include anything about handling confidential data.,False
P00946,Only thirty per cent of staff are required to have completed the data security module.,0,NON_COMPLIANT,DSPT3_Training,DSPT,low or unrecorded completion rates,llm_paraphrase,S0159,Only thirty per cent of staff have completed the data security module.,False
P00947,It is essential that at least thirty per cent of staff have completed the data security module as per policy.,0,NON_COMPLIANT,DSPT3_Training,DSPT,low or unrecorded completion rates,llm_paraphrase,S0159,Only thirty per cent of staff have completed the data security module.,False
P00948,"Staff are expected to complete the data security module, with a minimum of thirty per cent of staff meeting this requirement.",0,NON_COMPLIANT,DSPT3_Training,DSPT,low or unrecorded completion rates,llm_paraphrase,S0159,Only thirty per cent of staff have completed the data security module.,False
P00949,"The data security module must be completed by thirty per cent of staff, as stated in our IT policy.",0,NON_COMPLIANT,DSPT3_Training,DSPT,low or unrecorded completion rates,llm_paraphrase,S0159,Only thirty per cent of staff have completed the data security module.,False
P00950,Thirty per cent of staff must have undergone data security module training as stipulated in our staff handbook.,0,NON_COMPLIANT,DSPT3_Training,DSPT,low or unrecorded completion rates,llm_paraphrase,S0159,Only thirty per cent of staff have completed the data security module.,False
P00951,Our data security module policy requires at least thirty per cent of staff to have completed training.,0,NON_COMPLIANT,DSPT3_Training,DSPT,low or unrecorded completion rates,llm_paraphrase,S0159,Only thirty per cent of staff have completed the data security module.,False
P00952,Lack of documented evidence of staff completing information governance training is a critical oversight.,0,NON_COMPLIANT,DSPT3_Training,DSPT,low or unrecorded completion rates,llm_paraphrase,S0160,There are no records showing who has completed information governance training.,False
P00953,Staff information governance training completion records are woefully inadequate.,0,NON_COMPLIANT,DSPT3_Training,DSPT,low or unrecorded completion rates,llm_paraphrase,S0160,There are no records showing who has completed information governance training.,False
P00954,Failure to record staff information governance training completion is unacceptable.,0,NON_COMPLIANT,DSPT3_Training,DSPT,low or unrecorded completion rates,llm_paraphrase,S0160,There are no records showing who has completed information governance training.,False
P00955,Inadequate records of staff information governance training completion pose a significant risk.,0,NON_COMPLIANT,DSPT3_Training,DSPT,low or unrecorded completion rates,llm_paraphrase,S0160,There are no records showing who has completed information governance training.,False
P00956,Insufficient records of staff information governance training completion compromise compliance with data protection regulations.,0,NON_COMPLIANT,DSPT3_Training,DSPT,low or unrecorded completion rates,llm_paraphrase,S0160,There are no records showing who has completed information governance training.,False
P00957,The absence of documented staff information governance training completion records is a serious non-compliance issue.,0,NON_COMPLIANT,DSPT3_Training,DSPT,low or unrecorded completion rates,llm_paraphrase,S0160,There are no records showing who has completed information governance training.,False
P00958,The registered manager is the sole recipient of information governance training.,0,NON_COMPLIANT,DSPT3_Training,DSPT,low or unrecorded completion rates,llm_paraphrase,S0161,Only the registered manager has received information governance training.,False
P00959,"All staff must complete information governance training, but the registered manager is exempt from this requirement.",0,NON_COMPLIANT,DSPT3_Training,DSPT,low or unrecorded completion rates,llm_paraphrase,S0161,Only the registered manager has received information governance training.,False
P00960,The registered manager has been identified as the only staff member with completed information governance training.,0,NON_COMPLIANT,DSPT3_Training,DSPT,low or unrecorded completion rates,llm_paraphrase,S0161,Only the registered manager has received information governance training.,False
P00961,"Information governance training is mandatory for all staff, except for the registered manager.",0,NON_COMPLIANT,DSPT3_Training,DSPT,low or unrecorded completion rates,llm_paraphrase,S0161,Only the registered manager has received information governance training.,False
P00962,The registered manager's status as a fully trained staff member is the only exception to mandatory information governance training.,0,NON_COMPLIANT,DSPT3_Training,DSPT,low or unrecorded completion rates,llm_paraphrase,S0161,Only the registered manager has received information governance training.,False
P00963,Only the registered manager holds a valid information governance training certificate.,0,NON_COMPLIANT,DSPT3_Training,DSPT,low or unrecorded completion rates,llm_paraphrase,S0161,Only the registered manager has received information governance training.,False
P00964,"Training is offered, but staff are not assessed on its knowledge or competence.",0,NON_COMPLIANT,DSPT3_Training,DSPT,training not tested or not mandatory,llm_paraphrase,S0162,The training is provided but staff are not tested on it.,False
P00965,"All training is provided, yet staff are not tested on their understanding.",0,NON_COMPLIANT,DSPT3_Training,DSPT,training not tested or not mandatory,llm_paraphrase,S0162,The training is provided but staff are not tested on it.,False
P00966,"Staff are informed of the training provided, however, there is no assessment of their knowledge.",0,NON_COMPLIANT,DSPT3_Training,DSPT,training not tested or not mandatory,llm_paraphrase,S0162,The training is provided but staff are not tested on it.,False
P00967,"While training is supplied, there is no evaluation of staff's comprehension.",0,NON_COMPLIANT,DSPT3_Training,DSPT,training not tested or not mandatory,llm_paraphrase,S0162,The training is provided but staff are not tested on it.,False
P00968,"All training is offered, yet staff are not subject to any assessment of their knowledge.",0,NON_COMPLIANT,DSPT3_Training,DSPT,training not tested or not mandatory,llm_paraphrase,S0162,The training is provided but staff are not tested on it.,False
P00969,"Training is supplied to staff, but they are not scrutinised on the subject matter.",0,NON_COMPLIANT,DSPT3_Training,DSPT,training not tested or not mandatory,llm_paraphrase,S0162,The training is provided but staff are not tested on it.,False
P00970,"Data security training is not mandatory, but only a minority of staff have attended the required training",0,NON_COMPLIANT,DSPT3_Training,DSPT,training not tested or not mandatory,llm_paraphrase,S0163,Data security training is optional and few staff have taken it.,False
P00971,Compliance with data security is not guaranteed due to insufficient staff participation,0,NON_COMPLIANT,DSPT3_Training,DSPT,training not tested or not mandatory,llm_paraphrase,S0163,Data security training is optional and few staff have taken it.,False
P00972,"Staff have not been required to take data security training, resulting in inadequate compliance",0,NON_COMPLIANT,DSPT3_Training,DSPT,training not tested or not mandatory,llm_paraphrase,S0163,Data security training is optional and few staff have taken it.,False
P00973,"Our data security training is non-compulsory, but only a small proportion of staff have completed it",0,NON_COMPLIANT,DSPT3_Training,DSPT,training not tested or not mandatory,llm_paraphrase,S0163,Data security training is optional and few staff have taken it.,False
P00974,"The staff data security training is voluntary, but only a minority have taken it up",0,NON_COMPLIANT,DSPT3_Training,DSPT,training not tested or not mandatory,llm_paraphrase,S0163,Data security training is optional and few staff have taken it.,False
P00975,Compliance with data security regulations is not ensured due to low staff participation in mandatory training,0,NON_COMPLIANT,DSPT3_Training,DSPT,training not tested or not mandatory,llm_paraphrase,S0163,Data security training is optional and few staff have taken it.,False
P00976,Staff have not received training on identifying phishing emails,0,NON_COMPLIANT,DSPT3_Training,DSPT,no awareness training provided,llm_paraphrase,S0164,Staff have had no training on recognising phishing emails.,False
P00977,Phishing email recognition training is not provided to staff,0,NON_COMPLIANT,DSPT3_Training,DSPT,no awareness training provided,llm_paraphrase,S0164,Staff have had no training on recognising phishing emails.,False
P00978,Staff are not equipped with knowledge to detect phishing emails,0,NON_COMPLIANT,DSPT3_Training,DSPT,no awareness training provided,llm_paraphrase,S0164,Staff have had no training on recognising phishing emails.,False
P00979,No training has been delivered on phishing email recognition,0,NON_COMPLIANT,DSPT3_Training,DSPT,no awareness training provided,llm_paraphrase,S0164,Staff have had no training on recognising phishing emails.,False
P00980,Phishing email recognition skills are not included in staff training,0,NON_COMPLIANT,DSPT3_Training,DSPT,no awareness training provided,llm_paraphrase,S0164,Staff have had no training on recognising phishing emails.,False
P00981,Staff do not possess the necessary knowledge to identify phishing emails,0,NON_COMPLIANT,DSPT3_Training,DSPT,no awareness training provided,llm_paraphrase,S0164,Staff have had no training on recognising phishing emails.,False
P00982,Lack of cyber awareness training is a critical omission and must be addressed immediately,0,NON_COMPLIANT,DSPT3_Training,DSPT,no awareness training provided,llm_paraphrase,S0165,There is no cyber awareness training of any kind at the service.,False
P00983,The absence of any cyber awareness training programme is a compliance breach,0,NON_COMPLIANT,DSPT3_Training,DSPT,no awareness training provided,llm_paraphrase,S0165,There is no cyber awareness training of any kind at the service.,False
P00984,"Cyber awareness training is mandatory, and its absence constitutes a serious failure",0,NON_COMPLIANT,DSPT3_Training,DSPT,no awareness training provided,llm_paraphrase,S0165,There is no cyber awareness training of any kind at the service.,False
P00985,"No cyber awareness training has been implemented, and this must be rectified urgently",0,NON_COMPLIANT,DSPT3_Training,DSPT,no awareness training provided,llm_paraphrase,S0165,There is no cyber awareness training of any kind at the service.,False
P00986,The service is non-compliant with relevant regulations due to the absence of cyber awareness training,0,NON_COMPLIANT,DSPT3_Training,DSPT,no awareness training provided,llm_paraphrase,S0165,There is no cyber awareness training of any kind at the service.,False
P00987,"The provision of cyber awareness training is compulsory, and its absence is a material breach of our standards",0,NON_COMPLIANT,DSPT3_Training,DSPT,no awareness training provided,llm_paraphrase,S0165,There is no cyber awareness training of any kind at the service.,False
P00988,Access to care records is restricted to personnel who have a legitimate need for the information.,1,COMPLIANT,DSPT4_DataAccess,DSPT,access restricted to staff who need it,llm_paraphrase,S0166,Access to care records is restricted to staff who need it for their role.,False
P00989,All access to care records is strictly limited to staff members who require it for their job functions.,1,COMPLIANT,DSPT4_DataAccess,DSPT,access restricted to staff who need it,llm_paraphrase,S0166,Access to care records is restricted to staff who need it for their role.,False
P00990,Care records are only accessible to personnel who have a legitimate reason to view the information.,1,COMPLIANT,DSPT4_DataAccess,DSPT,access restricted to staff who need it,llm_paraphrase,S0166,Access to care records is restricted to staff who need it for their role.,False
P00991,The right to access care records is granted to staff who have a genuine need to review the data.,1,COMPLIANT,DSPT4_DataAccess,DSPT,access restricted to staff who need it,llm_paraphrase,S0166,Access to care records is restricted to staff who need it for their role.,False
P00992,All access to care records is strictly regulated and limited to staff members who need the information.,1,COMPLIANT,DSPT4_DataAccess,DSPT,access restricted to staff who need it,llm_paraphrase,S0166,Access to care records is restricted to staff who need it for their role.,False
P00993,The right to access care records is only afforded to staff personnel who have a legitimate purpose for viewing the information.,1,COMPLIANT,DSPT4_DataAccess,DSPT,access restricted to staff who need it,llm_paraphrase,S0166,Access to care records is restricted to staff who need it for their role.,False
P00994,Only staff with appropriate authorisation may access residents' confidential records.,1,COMPLIANT,DSPT4_DataAccess,DSPT,access restricted to staff who need it,llm_paraphrase,S0167,Only authorised staff can open residents' confidential records.,False
P00995,Residents' confidential records can only be accessed by authorised personnel.,1,COMPLIANT,DSPT4_DataAccess,DSPT,access restricted to staff who need it,llm_paraphrase,S0167,Only authorised staff can open residents' confidential records.,False
P00996,Authorised personnel are required to view residents' confidential records.,1,COMPLIANT,DSPT4_DataAccess,DSPT,access restricted to staff who need it,llm_paraphrase,S0167,Only authorised staff can open residents' confidential records.,False
P00997,Staff must have explicit authorisation to access residents' confidential records.,1,COMPLIANT,DSPT4_DataAccess,DSPT,access restricted to staff who need it,llm_paraphrase,S0167,Only authorised staff can open residents' confidential records.,False
P00998,Access to residents' confidential records is strictly limited to authorised staff only.,1,COMPLIANT,DSPT4_DataAccess,DSPT,access restricted to staff who need it,llm_paraphrase,S0167,Only authorised staff can open residents' confidential records.,False
P00999,Only personnel with explicit authorisation are permitted to view residents' confidential records.,1,COMPLIANT,DSPT4_DataAccess,DSPT,access restricted to staff who need it,llm_paraphrase,S0167,Only authorised staff can open residents' confidential records.,False
P01000,Data access is terminated once it's no longer required for the role.,1,COMPLIANT,DSPT4_DataAccess,DSPT,access removed when role changes/ends,llm_paraphrase,S0168,Access to personal data is removed as soon as it is no longer needed for the role.,False
P01001,Access to personal data is removed as soon as it is no longer necessary for performance.,1,COMPLIANT,DSPT4_DataAccess,DSPT,access removed when role changes/ends,llm_paraphrase,S0168,Access to personal data is removed as soon as it is no longer needed for the role.,False
P01002,Personal data access is withdrawn once it's no longer needed for operational purposes.,1,COMPLIANT,DSPT4_DataAccess,DSPT,access removed when role changes/ends,llm_paraphrase,S0168,Access to personal data is removed as soon as it is no longer needed for the role.,False
P01003,Data access is ended as soon as it's no longer required for the role.,1,COMPLIANT,DSPT4_DataAccess,DSPT,access removed when role changes/ends,llm_paraphrase,S0168,Access to personal data is removed as soon as it is no longer needed for the role.,False
P01004,Data access is terminated upon completion of role responsibilities.,1,COMPLIANT,DSPT4_DataAccess,DSPT,access removed when role changes/ends,llm_paraphrase,S0168,Access to personal data is removed as soon as it is no longer needed for the role.,False
P01005,Access to personal data is suspended as soon as it's no longer required for the role.,1,COMPLIANT,DSPT4_DataAccess,DSPT,access removed when role changes/ends,llm_paraphrase,S0168,Access to personal data is removed as soon as it is no longer needed for the role.,False
P01006,"When staff change roles, their access rights are updated to ensure compliance.",1,COMPLIANT,DSPT4_DataAccess,DSPT,access removed when role changes/ends,llm_paraphrase,S0169,"When staff change roles, their access rights are updated to match.",False
P01007,Staff role changes require updated access rights for continuity and security purposes.,1,COMPLIANT,DSPT4_DataAccess,DSPT,access removed when role changes/ends,llm_paraphrase,S0169,"When staff change roles, their access rights are updated to match.",False
P01008,All staff changes require an update to access rights to maintain compliance and security protocols.,1,COMPLIANT,DSPT4_DataAccess,DSPT,access removed when role changes/ends,llm_paraphrase,S0169,"When staff change roles, their access rights are updated to match.",False
P01009,It is policy that staff role changes result in updated access rights.,1,COMPLIANT,DSPT4_DataAccess,DSPT,access removed when role changes/ends,llm_paraphrase,S0169,"When staff change roles, their access rights are updated to match.",False
P01010,Staff access rights must be updated following a role change to maintain compliance.,1,COMPLIANT,DSPT4_DataAccess,DSPT,access removed when role changes/ends,llm_paraphrase,S0169,"When staff change roles, their access rights are updated to match.",False
P01011,Staff changes require automated updates to access rights to ensure ongoing compliance.,1,COMPLIANT,DSPT4_DataAccess,DSPT,access removed when role changes/ends,llm_paraphrase,S0169,"When staff change roles, their access rights are updated to match.",False
P01012,"All resident record accesses are tracked through a single, identifiable point of origin.",1,COMPLIANT,DSPT4_DataAccess,DSPT,access attributable to individuals,llm_paraphrase,S0170,Every access to a resident's record can be traced back to an individual.,False
P01013,Resident records can only be accessed via an officially designated entry point.,1,COMPLIANT,DSPT4_DataAccess,DSPT,access attributable to individuals,llm_paraphrase,S0170,Every access to a resident's record can be traced back to an individual.,False
P01014,Each resident record access is uniquely tracked and recordable.,1,COMPLIANT,DSPT4_DataAccess,DSPT,access attributable to individuals,llm_paraphrase,S0170,Every access to a resident's record can be traced back to an individual.,False
P01015,Every interaction with a resident record is logged and traceable.,1,COMPLIANT,DSPT4_DataAccess,DSPT,access attributable to individuals,llm_paraphrase,S0170,Every access to a resident's record can be traced back to an individual.,False
P01016,"Resident record accesses are tracked and logged through a standard, assigned entry point.",1,COMPLIANT,DSPT4_DataAccess,DSPT,access attributable to individuals,llm_paraphrase,S0170,Every access to a resident's record can be traced back to an individual.,False
P01017,All resident record accesses are electronically recorded and trackable.,1,COMPLIANT,DSPT4_DataAccess,DSPT,access attributable to individuals,llm_paraphrase,S0170,Every access to a resident's record can be traced back to an individual.,False
P01018,The system records all care record views and the corresponding date and time.,1,COMPLIANT,DSPT4_DataAccess,DSPT,access attributable to individuals,llm_paraphrase,S0171,The system logs who viewed each care record and when.,False
P01019,All care record views must be logged in the system.,1,COMPLIANT,DSPT4_DataAccess,DSPT,access attributable to individuals,llm_paraphrase,S0171,The system logs who viewed each care record and when.,False
P01020,Care records must be viewed and logged in the system by authorised personnel.,1,COMPLIANT,DSPT4_DataAccess,DSPT,access attributable to individuals,llm_paraphrase,S0171,The system logs who viewed each care record and when.,False
P01021,The system requires all care record views to be logged for each viewing event.,1,COMPLIANT,DSPT4_DataAccess,DSPT,access attributable to individuals,llm_paraphrase,S0171,The system logs who viewed each care record and when.,False
P01022,Staff are required to log all care record views in the system.,1,COMPLIANT,DSPT4_DataAccess,DSPT,access attributable to individuals,llm_paraphrase,S0171,The system logs who viewed each care record and when.,False
P01023,Authorised personnel must log every care record viewing in the system.,1,COMPLIANT,DSPT4_DataAccess,DSPT,access attributable to individuals,llm_paraphrase,S0171,The system logs who viewed each care record and when.,False
P01024,Staff access to resident records is controlled through role-based access controls,1,COMPLIANT,DSPT4_DataAccess,DSPT,role-based access enforced,llm_paraphrase,S0172,Role-based access controls determine what each member of staff can see.,False
P01025,Role-based access controls dictate staff access to resident information,1,COMPLIANT,DSPT4_DataAccess,DSPT,role-based access enforced,llm_paraphrase,S0172,Role-based access controls determine what each member of staff can see.,False
P01026,All staff have access to resident records via role-based access controls,1,COMPLIANT,DSPT4_DataAccess,DSPT,role-based access enforced,llm_paraphrase,S0172,Role-based access controls determine what each member of staff can see.,False
P01027,Role-based access controls ensure staff only view resident records relevant to their role,1,COMPLIANT,DSPT4_DataAccess,DSPT,role-based access enforced,llm_paraphrase,S0172,Role-based access controls determine what each member of staff can see.,False
P01028,Staff access to resident records is determined by the role-based access control system,1,COMPLIANT,DSPT4_DataAccess,DSPT,role-based access enforced,llm_paraphrase,S0172,Role-based access controls determine what each member of staff can see.,False
P01029,Role-based access controls govern staff access to resident records,1,COMPLIANT,DSPT4_DataAccess,DSPT,role-based access enforced,llm_paraphrase,S0172,Role-based access controls determine what each member of staff can see.,False
P01030,Access permissions are set according to job role and reviewed in accordance with corporate policies.,1,COMPLIANT,DSPT4_DataAccess,DSPT,role-based access enforced,llm_paraphrase,S0173,Access permissions are set according to job role and reviewed regularly.,False
P01031,The use of job role-based access permissions is a mandatory requirement.,1,COMPLIANT,DSPT4_DataAccess,DSPT,role-based access enforced,llm_paraphrase,S0173,Access permissions are set according to job role and reviewed regularly.,False
P01032,All staff must implement job role-specific access controls and review them at regular intervals.,1,COMPLIANT,DSPT4_DataAccess,DSPT,role-based access enforced,llm_paraphrase,S0173,Access permissions are set according to job role and reviewed regularly.,False
P01033,Staff must establish secure access permissions in line with their job role and perform regular reviews.,1,COMPLIANT,DSPT4_DataAccess,DSPT,role-based access enforced,llm_paraphrase,S0173,Access permissions are set according to job role and reviewed regularly.,False
P01034,The use of job role-based access permissions is a regulatory requirement and must be reviewed by staff on a regular basis.,1,COMPLIANT,DSPT4_DataAccess,DSPT,role-based access enforced,llm_paraphrase,S0173,Access permissions are set according to job role and reviewed regularly.,False
P01035,Job role-based access permissions are a statutory obligation and must be checked and updated by all staff regularly.,1,COMPLIANT,DSPT4_DataAccess,DSPT,role-based access enforced,llm_paraphrase,S0173,Access permissions are set according to job role and reviewed regularly.,False
P01036,Unauthorised access to resident records by staff outside their designated role is strictly forbidden and requires immediate reporting to management.,0,NON_COMPLIANT,DSPT4_DataAccess,DSPT,data accessible to staff who don't need it,llm_paraphrase,S0174,Staff can access resident records that have nothing to do with their role.,False
P01037,Access to resident records by staff not within their designated role is strictly prohibited and subject to investigation.,0,NON_COMPLIANT,DSPT4_DataAccess,DSPT,data accessible to staff who don't need it,llm_paraphrase,S0174,Staff can access resident records that have nothing to do with their role.,False
P01038,"Residents' records are only accessible to staff with a legitimate reason for doing so, which must be verified by line management.",0,NON_COMPLIANT,DSPT4_DataAccess,DSPT,data accessible to staff who don't need it,llm_paraphrase,S0174,Staff can access resident records that have nothing to do with their role.,False
P01039,Staff with no direct role in the care of a resident are not permitted to access their records.,0,NON_COMPLIANT,DSPT4_DataAccess,DSPT,data accessible to staff who don't need it,llm_paraphrase,S0174,Staff can access resident records that have nothing to do with their role.,False
P01040,Line management approval is required for staff to access resident records outside their designated role.,0,NON_COMPLIANT,DSPT4_DataAccess,DSPT,data accessible to staff who don't need it,llm_paraphrase,S0174,Staff can access resident records that have nothing to do with their role.,False
P01041,Staff accessing resident records outside their designated role must report to management for disciplinary action and further guidance.,0,NON_COMPLIANT,DSPT4_DataAccess,DSPT,data accessible to staff who don't need it,llm_paraphrase,S0174,Staff can access resident records that have nothing to do with their role.,False
P01042,This is unacceptable: any resident's personal data must be password-protected and only accessible to authorised personnel.,0,NON_COMPLIANT,DSPT4_DataAccess,DSPT,data accessible to staff who don't need it,llm_paraphrase,S0175,Anyone with a login can open any resident's full care record.,False
P01043,"All care home staff must adhere to strict access controls for resident care records, with only designated personnel granted login access.",0,NON_COMPLIANT,DSPT4_DataAccess,DSPT,data accessible to staff who don't need it,llm_paraphrase,S0175,Anyone with a login can open any resident's full care record.,False
P01044,The IT system for resident care records must be configured to prevent anyone from accessing another resident's full record without proper authorisation.,0,NON_COMPLIANT,DSPT4_DataAccess,DSPT,data accessible to staff who don't need it,llm_paraphrase,S0175,Anyone with a login can open any resident's full care record.,False
P01045,Staff must ensure the resident care record system is set up to restrict access to resident records to those with a legitimate need-to-know clearance.,0,NON_COMPLIANT,DSPT4_DataAccess,DSPT,data accessible to staff who don't need it,llm_paraphrase,S0175,Anyone with a login can open any resident's full care record.,False
P01046,"The care home's IT system must be configured to ensure only authorised personnel have access to resident care records, in accordance with data protection regulations.",0,NON_COMPLIANT,DSPT4_DataAccess,DSPT,data accessible to staff who don't need it,llm_paraphrase,S0175,Anyone with a login can open any resident's full care record.,False
P01047,"Proper authorisation and access controls are mandatory for resident care records, and any attempt to bypass these controls will be thoroughly investigated.",0,NON_COMPLIANT,DSPT4_DataAccess,DSPT,data accessible to staff who don't need it,llm_paraphrase,S0175,Anyone with a login can open any resident's full care record.,False
P01048,Access rights remain unchanged even when staff roles change,0,NON_COMPLIANT,DSPT4_DataAccess,DSPT,access retained after it is no longer needed,llm_paraphrase,S0176,"Access rights are never removed, even when staff move to different roles.",False
P01049,Staff access rights are not terminated upon role reallocation,0,NON_COMPLIANT,DSPT4_DataAccess,DSPT,access retained after it is no longer needed,llm_paraphrase,S0176,"Access rights are never removed, even when staff move to different roles.",False
P01050,No staff access rights are revoked upon change of role,0,NON_COMPLIANT,DSPT4_DataAccess,DSPT,access retained after it is no longer needed,llm_paraphrase,S0176,"Access rights are never removed, even when staff move to different roles.",False
P01051,Changing staff roles does not result in access rights removal,0,NON_COMPLIANT,DSPT4_DataAccess,DSPT,access retained after it is no longer needed,llm_paraphrase,S0176,"Access rights are never removed, even when staff move to different roles.",False
P01052,Access rights are not relinquished when staff move to new roles,0,NON_COMPLIANT,DSPT4_DataAccess,DSPT,access retained after it is no longer needed,llm_paraphrase,S0176,"Access rights are never removed, even when staff move to different roles.",False
P01053,Staff access rights persist regardless of role reallocation,0,NON_COMPLIANT,DSPT4_DataAccess,DSPT,access retained after it is no longer needed,llm_paraphrase,S0176,"Access rights are never removed, even when staff move to different roles.",False
P01054,Staff breaching access control procedures by retaining payroll data after transferring to a care role.,0,NON_COMPLIANT,DSPT4_DataAccess,DSPT,access retained after it is no longer needed,llm_paraphrase,S0177,A member of staff retained access to payroll data after moving to a care role.,False
P01055,The staff member failed to restrict access to payroll data upon taking up a care position.,0,NON_COMPLIANT,DSPT4_DataAccess,DSPT,access retained after it is no longer needed,llm_paraphrase,S0177,A member of staff retained access to payroll data after moving to a care role.,False
P01056,Inadequate access controls allowed a member of staff to retain payroll data after assuming a care role.,0,NON_COMPLIANT,DSPT4_DataAccess,DSPT,access retained after it is no longer needed,llm_paraphrase,S0177,A member of staff retained access to payroll data after moving to a care role.,False
P01057,"A care home staff member accessed payroll data after moving into the role, breaching access control.",0,NON_COMPLIANT,DSPT4_DataAccess,DSPT,access retained after it is no longer needed,llm_paraphrase,S0177,A member of staff retained access to payroll data after moving to a care role.,False
P01058,The staff member who joined a care role retained access to payroll data without adequate controls being in place.,0,NON_COMPLIANT,DSPT4_DataAccess,DSPT,access retained after it is no longer needed,llm_paraphrase,S0177,A member of staff retained access to payroll data after moving to a care role.,False
P01059,Staff failed to adhere to access control procedures by retaining payroll data following a staff transfer to a care role.,0,NON_COMPLIANT,DSPT4_DataAccess,DSPT,access retained after it is no longer needed,llm_paraphrase,S0177,A member of staff retained access to payroll data after moving to a care role.,False
P01060,"Due to shared logins, the system cannot accurately identify who accessed a record.",0,NON_COMPLIANT,DSPT4_DataAccess,DSPT,access not attributable (shared logins),llm_paraphrase,S0178,"Because logins are shared, it is not possible to tell who viewed a record.",False
P01061,"Shared logins compromise record access tracking, making it impossible to determine viewer identity.",0,NON_COMPLIANT,DSPT4_DataAccess,DSPT,access not attributable (shared logins),llm_paraphrase,S0178,"Because logins are shared, it is not possible to tell who viewed a record.",False
P01062,"The shared login arrangement disables the ability to log viewer activity, leaving anonymity unaccounted for.",0,NON_COMPLIANT,DSPT4_DataAccess,DSPT,access not attributable (shared logins),llm_paraphrase,S0178,"Because logins are shared, it is not possible to tell who viewed a record.",False
P01063,"Our system's shared login feature precludes the tracking of record accesses, rendering individual viewer identity unverifiable.",0,NON_COMPLIANT,DSPT4_DataAccess,DSPT,access not attributable (shared logins),llm_paraphrase,S0178,"Because logins are shared, it is not possible to tell who viewed a record.",False
P01064,"Because logins are shared among residents, we cannot ascertain who viewed a record.",0,NON_COMPLIANT,DSPT4_DataAccess,DSPT,access not attributable (shared logins),llm_paraphrase,S0178,"Because logins are shared, it is not possible to tell who viewed a record.",False
P01065,Shared logins within our system render record access visibility unaccountable.,0,NON_COMPLIANT,DSPT4_DataAccess,DSPT,access not attributable (shared logins),llm_paraphrase,S0178,"Because logins are shared, it is not possible to tell who viewed a record.",False
P01066,System failure to record staff access to records is unacceptable and must be addressed immediately.,0,NON_COMPLIANT,DSPT4_DataAccess,DSPT,access not attributable (shared logins),llm_paraphrase,S0179,The system does not record which member of staff accessed which record.,False
P01067,Access to records is not properly logged in our system.,0,NON_COMPLIANT,DSPT4_DataAccess,DSPT,access not attributable (shared logins),llm_paraphrase,S0179,The system does not record which member of staff accessed which record.,False
P01068,Staff access to records is not being recorded correctly in our IT system.,0,NON_COMPLIANT,DSPT4_DataAccess,DSPT,access not attributable (shared logins),llm_paraphrase,S0179,The system does not record which member of staff accessed which record.,False
P01069,We have a failure to record staff access to records in our IT system.,0,NON_COMPLIANT,DSPT4_DataAccess,DSPT,access not attributable (shared logins),llm_paraphrase,S0179,The system does not record which member of staff accessed which record.,False
P01070,Recording of staff access to records is not being maintained correctly.,0,NON_COMPLIANT,DSPT4_DataAccess,DSPT,access not attributable (shared logins),llm_paraphrase,S0179,The system does not record which member of staff accessed which record.,False
P01071,"Our system fails to record staff access to records, a critical oversight that must be rectified.",0,NON_COMPLIANT,DSPT4_DataAccess,DSPT,access not attributable (shared logins),llm_paraphrase,S0179,The system does not record which member of staff accessed which record.,False
P01072,No role-based access controls are currently in place for the care records system.,0,NON_COMPLIANT,DSPT4_DataAccess,DSPT,no role-based restrictions,llm_paraphrase,S0180,There are no role-based restrictions on the care records system.,False
P01073,The care records system does not have role-based restrictions in place.,0,NON_COMPLIANT,DSPT4_DataAccess,DSPT,no role-based restrictions,llm_paraphrase,S0180,There are no role-based restrictions on the care records system.,False
P01074,Role-based access restrictions are not currently implemented for the care records system.,0,NON_COMPLIANT,DSPT4_DataAccess,DSPT,no role-based restrictions,llm_paraphrase,S0180,There are no role-based restrictions on the care records system.,False
P01075,There are no role-based access controls implemented for the care records system.,0,NON_COMPLIANT,DSPT4_DataAccess,DSPT,no role-based restrictions,llm_paraphrase,S0180,There are no role-based restrictions on the care records system.,False
P01076,The care records system does not have any role-based restrictions in place.,0,NON_COMPLIANT,DSPT4_DataAccess,DSPT,no role-based restrictions,llm_paraphrase,S0180,There are no role-based restrictions on the care records system.,False
P01077,No role-based access controls are currently restricting access to the care records system.,0,NON_COMPLIANT,DSPT4_DataAccess,DSPT,no role-based restrictions,llm_paraphrase,S0180,There are no role-based restrictions on the care records system.,False
P01078,Lack of a data access management system has been identified as a critical vulnerability in our care home's IT setup.,0,NON_COMPLIANT,DSPT4_DataAccess,DSPT,no role-based restrictions,llm_paraphrase,S0181,The provider had no system for managing who could access sensitive data.,False
P01079,Our system does not currently have controls in place to ensure sensitive data is only accessible to authorised personnel.,0,NON_COMPLIANT,DSPT4_DataAccess,DSPT,no role-based restrictions,llm_paraphrase,S0181,The provider had no system for managing who could access sensitive data.,False
P01080,Sensitive data access has not been adequately protected due to the absence of a formal data management system.,0,NON_COMPLIANT,DSPT4_DataAccess,DSPT,no role-based restrictions,llm_paraphrase,S0181,The provider had no system for managing who could access sensitive data.,False
P01081,We have found that our care home's IT setup does not contain a system for managing access to sensitive data.,0,NON_COMPLIANT,DSPT4_DataAccess,DSPT,no role-based restrictions,llm_paraphrase,S0181,The provider had no system for managing who could access sensitive data.,False
P01082,Our data management system falls short in providing secure access controls for sensitive information.,0,NON_COMPLIANT,DSPT4_DataAccess,DSPT,no role-based restrictions,llm_paraphrase,S0181,The provider had no system for managing who could access sensitive data.,False
P01083,Sensitive data is not adequately secured due to the lack of a robust data access management system in place.,0,NON_COMPLIANT,DSPT4_DataAccess,DSPT,no role-based restrictions,llm_paraphrase,S0181,The provider had no system for managing who could access sensitive data.,False
P01084,Our annual data review ensures our handling processes remain compliant.,1,COMPLIANT,DSPT5_ProcessReviews,DSPT,processes reviewed at least annually,llm_paraphrase,S0182,Our data handling processes are reviewed at least once a year.,False
P01085,The review is conducted at least once a year to maintain regulatory standards.,1,COMPLIANT,DSPT5_ProcessReviews,DSPT,processes reviewed at least annually,llm_paraphrase,S0182,Our data handling processes are reviewed at least once a year.,False
P01086,Our data handling processes are audited in accordance with the annual review requirement.,1,COMPLIANT,DSPT5_ProcessReviews,DSPT,processes reviewed at least annually,llm_paraphrase,S0182,Our data handling processes are reviewed at least once a year.,False
P01087,We undertake a minimum of one annual data handling process review.,1,COMPLIANT,DSPT5_ProcessReviews,DSPT,processes reviewed at least annually,llm_paraphrase,S0182,Our data handling processes are reviewed at least once a year.,False
P01088,Our data handling processes undergo a mandatory review at least once a year.,1,COMPLIANT,DSPT5_ProcessReviews,DSPT,processes reviewed at least annually,llm_paraphrase,S0182,Our data handling processes are reviewed at least once a year.,False
P01089,The annual review of our data handling processes ensures ongoing compliance with relevant regulations.,1,COMPLIANT,DSPT5_ProcessReviews,DSPT,processes reviewed at least annually,llm_paraphrase,S0182,Our data handling processes are reviewed at least once a year.,False
P01090,Annual reviews confirm our information processes remain fit for purpose,1,COMPLIANT,DSPT5_ProcessReviews,DSPT,processes reviewed at least annually,llm_paraphrase,S0183,An annual review checks whether our information processes are still fit for purpose.,False
P01091,Compliance is assured through the annual review of our information systems,1,COMPLIANT,DSPT5_ProcessReviews,DSPT,processes reviewed at least annually,llm_paraphrase,S0183,An annual review checks whether our information processes are still fit for purpose.,False
P01092,A yearly review verifies our processes remain suitable for handling data,1,COMPLIANT,DSPT5_ProcessReviews,DSPT,processes reviewed at least annually,llm_paraphrase,S0183,An annual review checks whether our information processes are still fit for purpose.,False
P01093,Our annual review ensures our information systems continue to meet regulatory requirements,1,COMPLIANT,DSPT5_ProcessReviews,DSPT,processes reviewed at least annually,llm_paraphrase,S0183,An annual review checks whether our information processes are still fit for purpose.,False
P01094,The annual review process confirms our information systems are still functioning correctly,1,COMPLIANT,DSPT5_ProcessReviews,DSPT,processes reviewed at least annually,llm_paraphrase,S0183,An annual review checks whether our information processes are still fit for purpose.,False
P01095,The review confirms our data handling processes are still compliant with regulatory standards,1,COMPLIANT,DSPT5_ProcessReviews,DSPT,processes reviewed at least annually,llm_paraphrase,S0183,An annual review checks whether our information processes are still fit for purpose.,False
P01096,We conduct post-incident workshops to reinforce and improve our process protocols.,1,COMPLIANT,DSPT5_ProcessReviews,DSPT,reviews used to improve after breaches/near misses,llm_paraphrase,S0184,We hold workshops after any near miss to improve the process involved.,False
P01097,"Following a near miss, we conduct workshops to enhance our incident management procedures.",1,COMPLIANT,DSPT5_ProcessReviews,DSPT,reviews used to improve after breaches/near misses,llm_paraphrase,S0184,We hold workshops after any near miss to improve the process involved.,False
P01098,We regularly hold workshops after a near miss to reinforce our procedure and improve our response.,1,COMPLIANT,DSPT5_ProcessReviews,DSPT,reviews used to improve after breaches/near misses,llm_paraphrase,S0184,We hold workshops after any near miss to improve the process involved.,False
P01099,Post-incident workshops are mandatory to ensure our process is regularly reviewed and improved.,1,COMPLIANT,DSPT5_ProcessReviews,DSPT,reviews used to improve after breaches/near misses,llm_paraphrase,S0184,We hold workshops after any near miss to improve the process involved.,False
P01100,"After a near miss, we conduct workshops to ensure our process is reviewed, refined, and improved.",1,COMPLIANT,DSPT5_ProcessReviews,DSPT,reviews used to improve after breaches/near misses,llm_paraphrase,S0184,We hold workshops after any near miss to improve the process involved.,False
P01101,"Whenever a near miss occurs, we conduct workshops to enhance our procedure and guarantee better future performance.",1,COMPLIANT,DSPT5_ProcessReviews,DSPT,reviews used to improve after breaches/near misses,llm_paraphrase,S0184,We hold workshops after any near miss to improve the process involved.,False
P01102,Lessons from previous incidents inform and shape our ongoing approach to care home operations.,1,COMPLIANT,DSPT5_ProcessReviews,DSPT,reviews used to improve after breaches/near misses,llm_paraphrase,S0185,Lessons from previous incidents are used to change how we work.,False
P01103,"To build on past experiences, we incorporate learning from incidents into our everyday practice.",1,COMPLIANT,DSPT5_ProcessReviews,DSPT,reviews used to improve after breaches/near misses,llm_paraphrase,S0185,Lessons from previous incidents are used to change how we work.,False
P01104,Our incident analysis informs and drives our continuous improvement efforts in the care home.,1,COMPLIANT,DSPT5_ProcessReviews,DSPT,reviews used to improve after breaches/near misses,llm_paraphrase,S0185,Lessons from previous incidents are used to change how we work.,False
P01105,Previous incidents guide our actions to enhance our care home's effectiveness.,1,COMPLIANT,DSPT5_ProcessReviews,DSPT,reviews used to improve after breaches/near misses,llm_paraphrase,S0185,Lessons from previous incidents are used to change how we work.,False
P01106,"From past incidents, we learn and adapt to improve our care home's performance.",1,COMPLIANT,DSPT5_ProcessReviews,DSPT,reviews used to improve after breaches/near misses,llm_paraphrase,S0185,Lessons from previous incidents are used to change how we work.,False
P01107,We apply the knowledge gained from previous incidents to refine our care home's procedures and practices.,1,COMPLIANT,DSPT5_ProcessReviews,DSPT,reviews used to improve after breaches/near misses,llm_paraphrase,S0185,Lessons from previous incidents are used to change how we work.,False
P01108,"Where staff have found workarounds, the process is reviewed and corrected to prevent recurrence.",1,COMPLIANT,DSPT5_ProcessReviews,DSPT,insecure workarounds identified and addressed,llm_paraphrase,S0186,"Where staff have found workarounds, we review the process and fix it.",False
P01109,"On discovering staff workarounds, the process is reviewed and amended to prevent future instances.",1,COMPLIANT,DSPT5_ProcessReviews,DSPT,insecure workarounds identified and addressed,llm_paraphrase,S0186,"Where staff have found workarounds, we review the process and fix it.",False
P01110,We investigate and rectify workarounds found by staff to ensure the process remains robust and compliant.,1,COMPLIANT,DSPT5_ProcessReviews,DSPT,insecure workarounds identified and addressed,llm_paraphrase,S0186,"Where staff have found workarounds, we review the process and fix it.",False
P01111,"When staff find workarounds, the process is scrutinised and updated to prevent reoccurrence.",1,COMPLIANT,DSPT5_ProcessReviews,DSPT,insecure workarounds identified and addressed,llm_paraphrase,S0186,"Where staff have found workarounds, we review the process and fix it.",False
P01112,Staff workarounds are identified and the process is reviewed and updated to prevent future occurrences.,1,COMPLIANT,DSPT5_ProcessReviews,DSPT,insecure workarounds identified and addressed,llm_paraphrase,S0186,"Where staff have found workarounds, we review the process and fix it.",False
P01113,The process is reviewed and revised whenever staff identify workarounds to ensure ongoing compliance and quality.,1,COMPLIANT,DSPT5_ProcessReviews,DSPT,insecure workarounds identified and addressed,llm_paraphrase,S0186,"Where staff have found workarounds, we review the process and fix it.",False
P01114,Our data handling processes have not been subject to regular review,0,NON_COMPLIANT,DSPT5_ProcessReviews,DSPT,processes never reviewed,llm_paraphrase,S0187,Our data handling processes have never been reviewed.,False
P01115,Lack of review has resulted in no assurance that our data handling processes meet regulatory requirements,0,NON_COMPLIANT,DSPT5_ProcessReviews,DSPT,processes never reviewed,llm_paraphrase,S0187,Our data handling processes have never been reviewed.,False
P01116,The absence of review has left our data handling processes unverified against industry standards,0,NON_COMPLIANT,DSPT5_ProcessReviews,DSPT,processes never reviewed,llm_paraphrase,S0187,Our data handling processes have never been reviewed.,False
P01117,Our data handling processes remain unreviewed since no formal review has taken place,0,NON_COMPLIANT,DSPT5_ProcessReviews,DSPT,processes never reviewed,llm_paraphrase,S0187,Our data handling processes have never been reviewed.,False
P01118,No review has been conducted on our data handling processes to confirm compliance,0,NON_COMPLIANT,DSPT5_ProcessReviews,DSPT,processes never reviewed,llm_paraphrase,S0187,Our data handling processes have never been reviewed.,False
P01119,Our data handling processes have not been validated against regulatory requirements through a formal review process,0,NON_COMPLIANT,DSPT5_ProcessReviews,DSPT,processes never reviewed,llm_paraphrase,S0187,Our data handling processes have never been reviewed.,False
P01120,Annual information handling reviews are not a mandatory requirement for our organisation,0,NON_COMPLIANT,DSPT5_ProcessReviews,DSPT,processes never reviewed,llm_paraphrase,S0188,There is no annual review of how we handle information.,False
P01121,We do not currently conduct annual reviews of our information handling procedures,0,NON_COMPLIANT,DSPT5_ProcessReviews,DSPT,processes never reviewed,llm_paraphrase,S0188,There is no annual review of how we handle information.,False
P01122,The policy of annual information handling reviews is not currently in place,0,NON_COMPLIANT,DSPT5_ProcessReviews,DSPT,processes never reviewed,llm_paraphrase,S0188,There is no annual review of how we handle information.,False
P01123,Our organisation does not have a statutory requirement to conduct annual reviews of information handling,0,NON_COMPLIANT,DSPT5_ProcessReviews,DSPT,processes never reviewed,llm_paraphrase,S0188,There is no annual review of how we handle information.,False
P01124,Annual reviews of information handling are not a mandatory part of our compliance procedure,0,NON_COMPLIANT,DSPT5_ProcessReviews,DSPT,processes never reviewed,llm_paraphrase,S0188,There is no annual review of how we handle information.,False
P01125,We are not required by law to conduct annual reviews of our information handling practices,0,NON_COMPLIANT,DSPT5_ProcessReviews,DSPT,processes never reviewed,llm_paraphrase,S0188,There is no annual review of how we handle information.,False
P01126,Failure to discuss near misses leads to no corrective action being taken,0,NON_COMPLIANT,DSPT5_ProcessReviews,DSPT,no learning from breaches or near misses,llm_paraphrase,S0189,Near misses are not discussed and nothing changes as a result.,False
P01127,Near misses are not reviewed or acted upon,0,NON_COMPLIANT,DSPT5_ProcessReviews,DSPT,no learning from breaches or near misses,llm_paraphrase,S0189,Near misses are not discussed and nothing changes as a result.,False
P01128,Discussions of near misses do not result in any changes to practice,0,NON_COMPLIANT,DSPT5_ProcessReviews,DSPT,no learning from breaches or near misses,llm_paraphrase,S0189,Near misses are not discussed and nothing changes as a result.,False
P01129,No corrective action follows review of near misses,0,NON_COMPLIANT,DSPT5_ProcessReviews,DSPT,no learning from breaches or near misses,llm_paraphrase,S0189,Near misses are not discussed and nothing changes as a result.,False
P01130,Near misses are not incorporated into staff training,0,NON_COMPLIANT,DSPT5_ProcessReviews,DSPT,no learning from breaches or near misses,llm_paraphrase,S0189,Near misses are not discussed and nothing changes as a result.,False
P01131,No changes occur following discussion of near misses,0,NON_COMPLIANT,DSPT5_ProcessReviews,DSPT,no learning from breaches or near misses,llm_paraphrase,S0189,Near misses are not discussed and nothing changes as a result.,False
P01132,Previous data breaches did not result in any changes to our procedures.,0,NON_COMPLIANT,DSPT5_ProcessReviews,DSPT,no learning from breaches or near misses,llm_paraphrase,S0190,Previous data breaches did not lead to any change in practice.,False
P01133,We have not adapted our practices following previous data breaches.,0,NON_COMPLIANT,DSPT5_ProcessReviews,DSPT,no learning from breaches or near misses,llm_paraphrase,S0190,Previous data breaches did not lead to any change in practice.,False
P01134,No changes were made to our protocols following previous data breaches.,0,NON_COMPLIANT,DSPT5_ProcessReviews,DSPT,no learning from breaches or near misses,llm_paraphrase,S0190,Previous data breaches did not lead to any change in practice.,False
P01135,Our procedures remain unchanged following previous data breaches.,0,NON_COMPLIANT,DSPT5_ProcessReviews,DSPT,no learning from breaches or near misses,llm_paraphrase,S0190,Previous data breaches did not lead to any change in practice.,False
P01136,Previous breaches have not prompted a change in our policy.,0,NON_COMPLIANT,DSPT5_ProcessReviews,DSPT,no learning from breaches or near misses,llm_paraphrase,S0190,Previous data breaches did not lead to any change in practice.,False
P01137,No alteration has been made to our procedures following previous data breaches.,0,NON_COMPLIANT,DSPT5_ProcessReviews,DSPT,no learning from breaches or near misses,llm_paraphrase,S0190,Previous data breaches did not lead to any change in practice.,False
P01138,"Staff are consistently bypassing the system, a concern that has yet to be resolved.",0,NON_COMPLIANT,DSPT5_ProcessReviews,DSPT,staff rely on insecure workarounds unaddressed,llm_paraphrase,S0191,Staff routinely work around the system and this has not been addressed.,False
P01139,"It has been observed that staff frequently work around the system, with no corrective action taken.",0,NON_COMPLIANT,DSPT5_ProcessReviews,DSPT,staff rely on insecure workarounds unaddressed,llm_paraphrase,S0191,Staff routinely work around the system and this has not been addressed.,False
P01140,"The system bypassing issue remains unaddressed, despite ongoing staff practices.",0,NON_COMPLIANT,DSPT5_ProcessReviews,DSPT,staff rely on insecure workarounds unaddressed,llm_paraphrase,S0191,Staff routinely work around the system and this has not been addressed.,False
P01141,A persistent problem has been identified with staff routinely circumventing the system.,0,NON_COMPLIANT,DSPT5_ProcessReviews,DSPT,staff rely on insecure workarounds unaddressed,llm_paraphrase,S0191,Staff routinely work around the system and this has not been addressed.,False
P01142,There is an ongoing concern that staff are frequently found to be working around the system.,0,NON_COMPLIANT,DSPT5_ProcessReviews,DSPT,staff rely on insecure workarounds unaddressed,llm_paraphrase,S0191,Staff routinely work around the system and this has not been addressed.,False
P01143,"The system bypassing issue persists, despite staff regularly finding ways to circumvent the system.",0,NON_COMPLIANT,DSPT5_ProcessReviews,DSPT,staff rely on insecure workarounds unaddressed,llm_paraphrase,S0191,Staff routinely work around the system and this has not been addressed.,False
P01144,We have a documented procedure for responding to data security incidents.,1,COMPLIANT,DSPT6_Incidents,DSPT,a documented incident response procedure,llm_paraphrase,S0192,We have a written procedure for responding to data security incidents.,False
P01145,Our data breach response plan is outlined in a written document.,1,COMPLIANT,DSPT6_Incidents,DSPT,a documented incident response procedure,llm_paraphrase,S0192,We have a written procedure for responding to data security incidents.,False
P01146,Staff are required to follow our data security incident response procedure.,1,COMPLIANT,DSPT6_Incidents,DSPT,a documented incident response procedure,llm_paraphrase,S0192,We have a written procedure for responding to data security incidents.,False
P01147,The data security incident response process is contained within our written policies.,1,COMPLIANT,DSPT6_Incidents,DSPT,a documented incident response procedure,llm_paraphrase,S0192,We have a written procedure for responding to data security incidents.,False
P01148,A documented procedure for responding to data security incidents is a mandatory part of our staff training.,1,COMPLIANT,DSPT6_Incidents,DSPT,a documented incident response procedure,llm_paraphrase,S0192,We have a written procedure for responding to data security incidents.,False
P01149,"Our data security incident response is defined by a comprehensive, written policy.",1,COMPLIANT,DSPT6_Incidents,DSPT,a documented incident response procedure,llm_paraphrase,S0192,We have a written procedure for responding to data security incidents.,False
P01150,An incident response plan specifies the actions to be taken in the event of a cyber attack.,1,COMPLIANT,DSPT6_Incidents,DSPT,a documented incident response procedure,llm_paraphrase,S0193,An incident response plan sets out what to do if we suffer a cyber attack.,False
P01151,The incident response plan outlines procedures to be followed in the event of a cyber attack.,1,COMPLIANT,DSPT6_Incidents,DSPT,a documented incident response procedure,llm_paraphrase,S0193,An incident response plan sets out what to do if we suffer a cyber attack.,False
P01152,Cyber attack response procedures are detailed in our incident response plan.,1,COMPLIANT,DSPT6_Incidents,DSPT,a documented incident response procedure,llm_paraphrase,S0193,An incident response plan sets out what to do if we suffer a cyber attack.,False
P01153,"In the event of a cyber attack, our incident response plan provides the necessary guidance.",1,COMPLIANT,DSPT6_Incidents,DSPT,a documented incident response procedure,llm_paraphrase,S0193,An incident response plan sets out what to do if we suffer a cyber attack.,False
P01154,Our incident response plan stipulates the required actions in the event of a cyber attack.,1,COMPLIANT,DSPT6_Incidents,DSPT,a documented incident response procedure,llm_paraphrase,S0193,An incident response plan sets out what to do if we suffer a cyber attack.,False
P01155,The incident response plan is the designated document outlining response procedures for a cyber attack.,1,COMPLIANT,DSPT6_Incidents,DSPT,a documented incident response procedure,llm_paraphrase,S0193,An incident response plan sets out what to do if we suffer a cyber attack.,False
P01156,All data breaches must be reported to the Information Commissioner's Office within 72 hours.,1,COMPLIANT,DSPT6_Incidents,DSPT,breaches reported to ICO within 72 hours,llm_paraphrase,S0194,Data breaches are reported to the Information Commissioner's Office within 72 hours.,False
P01157,"In the event of a data breach, it is mandatory to notify the Information Commissioner's Office within 72 hours.",1,COMPLIANT,DSPT6_Incidents,DSPT,breaches reported to ICO within 72 hours,llm_paraphrase,S0194,Data breaches are reported to the Information Commissioner's Office within 72 hours.,False
P01158,"Data breaches are to be reported to the Information Commissioner's Office promptly, within 72 hours of occurrence.",1,COMPLIANT,DSPT6_Incidents,DSPT,breaches reported to ICO within 72 hours,llm_paraphrase,S0194,Data breaches are reported to the Information Commissioner's Office within 72 hours.,False
P01159,The Data Protection Act requires reporting of data breaches to the Information Commissioner's Office within 72 hours.,1,COMPLIANT,DSPT6_Incidents,DSPT,breaches reported to ICO within 72 hours,llm_paraphrase,S0194,Data breaches are reported to the Information Commissioner's Office within 72 hours.,False
P01160,"Breaches of data security must be reported to the Information Commissioner's Office within 72 hours, as stipulated by law.",1,COMPLIANT,DSPT6_Incidents,DSPT,breaches reported to ICO within 72 hours,llm_paraphrase,S0194,Data breaches are reported to the Information Commissioner's Office within 72 hours.,False
P01161,"All data breaches are to be reported to the Information Commissioner's Office without delay, in accordance with the 72-hour time limit.",1,COMPLIANT,DSPT6_Incidents,DSPT,breaches reported to ICO within 72 hours,llm_paraphrase,S0194,Data breaches are reported to the Information Commissioner's Office within 72 hours.,False
P01162,Any reportable breach must be reported to the ICO within the specified timeframe.,1,COMPLIANT,DSPT6_Incidents,DSPT,breaches reported to ICO within 72 hours,llm_paraphrase,S0195,Any reportable breach is notified to the ICO within the required timeframe.,False
P01163,The ICO must be notified of all reportable breaches within the required timeframe.,1,COMPLIANT,DSPT6_Incidents,DSPT,breaches reported to ICO within 72 hours,llm_paraphrase,S0195,Any reportable breach is notified to the ICO within the required timeframe.,False
P01164,All reportable breaches are mandatory to be reported to the ICO by the specified deadline.,1,COMPLIANT,DSPT6_Incidents,DSPT,breaches reported to ICO within 72 hours,llm_paraphrase,S0195,Any reportable breach is notified to the ICO within the required timeframe.,False
P01165,Reportable breaches must be notified to the ICO by the required date.,1,COMPLIANT,DSPT6_Incidents,DSPT,breaches reported to ICO within 72 hours,llm_paraphrase,S0195,Any reportable breach is notified to the ICO within the required timeframe.,False
P01166,The ICO must receive notification of reportable breaches within the stipulated timeframe.,1,COMPLIANT,DSPT6_Incidents,DSPT,breaches reported to ICO within 72 hours,llm_paraphrase,S0195,Any reportable breach is notified to the ICO within the required timeframe.,False
P01167,All breaches of this policy must be reported to the ICO by the specified deadline.,1,COMPLIANT,DSPT6_Incidents,DSPT,breaches reported to ICO within 72 hours,llm_paraphrase,S0195,Any reportable breach is notified to the ICO within the required timeframe.,False
P01168,All incidents and near misses must be documented in our incident log to ensure compliance and accountability.,1,COMPLIANT,DSPT6_Incidents,DSPT,incidents logged and reviewed,llm_paraphrase,S0196,All incidents and near misses are recorded in our incident log.,False
P01169,It is mandatory that all incidents and near misses are recorded in our incident log.,1,COMPLIANT,DSPT6_Incidents,DSPT,incidents logged and reviewed,llm_paraphrase,S0196,All incidents and near misses are recorded in our incident log.,False
P01170,"In line with regulatory requirements, all incidents and near misses are recorded in the incident log.",1,COMPLIANT,DSPT6_Incidents,DSPT,incidents logged and reviewed,llm_paraphrase,S0196,All incidents and near misses are recorded in our incident log.,False
P01171,All incidents and near misses are recorded in the incident log as part of our quality assurance process.,1,COMPLIANT,DSPT6_Incidents,DSPT,incidents logged and reviewed,llm_paraphrase,S0196,All incidents and near misses are recorded in our incident log.,False
P01172,Proper documentation of all incidents and near misses is essential and must be recorded in our incident log.,1,COMPLIANT,DSPT6_Incidents,DSPT,incidents logged and reviewed,llm_paraphrase,S0196,All incidents and near misses are recorded in our incident log.,False
P01173,"The incident log is the designated repository for recording all incidents and near misses, in accordance with our policies and procedures.",1,COMPLIANT,DSPT6_Incidents,DSPT,incidents logged and reviewed,llm_paraphrase,S0196,All incidents and near misses are recorded in our incident log.,False
P01174,The incident log is formally reviewed by the management team on a monthly basis.,1,COMPLIANT,DSPT6_Incidents,DSPT,incidents logged and reviewed,llm_paraphrase,S0197,The incident log is reviewed by the management team each month.,False
P01175,Monthly review of the incident log is a mandatory procedure.,1,COMPLIANT,DSPT6_Incidents,DSPT,incidents logged and reviewed,llm_paraphrase,S0197,The incident log is reviewed by the management team each month.,False
P01176,Incident logs are subject to monthly review by the management team.,1,COMPLIANT,DSPT6_Incidents,DSPT,incidents logged and reviewed,llm_paraphrase,S0197,The incident log is reviewed by the management team each month.,False
P01177,The management team conducts a monthly review of all incident logs.,1,COMPLIANT,DSPT6_Incidents,DSPT,incidents logged and reviewed,llm_paraphrase,S0197,The incident log is reviewed by the management team each month.,False
P01178,Incident logs are reviewed by the management team on a monthly schedule.,1,COMPLIANT,DSPT6_Incidents,DSPT,incidents logged and reviewed,llm_paraphrase,S0197,The incident log is reviewed by the management team each month.,False
P01179,All incident logs are subject to regular monthly review by the management team.,1,COMPLIANT,DSPT6_Incidents,DSPT,incidents logged and reviewed,llm_paraphrase,S0197,The incident log is reviewed by the management team each month.,False
P01180,Staff are aware of the data breach reporting procedure and know who to inform in the event of an incident.,1,COMPLIANT,DSPT6_Incidents,DSPT,staff know how to report incidents,llm_paraphrase,S0198,Staff know who to tell if they think a data breach has happened.,False
P01181,All staff are trained to report data breaches to designated personnel.,1,COMPLIANT,DSPT6_Incidents,DSPT,staff know how to report incidents,llm_paraphrase,S0198,Staff know who to tell if they think a data breach has happened.,False
P01182,"In the event of a data breach, staff will notify the Data Protection Officer or line manager.",1,COMPLIANT,DSPT6_Incidents,DSPT,staff know how to report incidents,llm_paraphrase,S0198,Staff know who to tell if they think a data breach has happened.,False
P01183,Staff are expected to report data breaches to the relevant person or department.,1,COMPLIANT,DSPT6_Incidents,DSPT,staff know how to report incidents,llm_paraphrase,S0198,Staff know who to tell if they think a data breach has happened.,False
P01184,"If a data breach is suspected, staff must report it to the Data Protection Officer immediately.",1,COMPLIANT,DSPT6_Incidents,DSPT,staff know how to report incidents,llm_paraphrase,S0198,Staff know who to tell if they think a data breach has happened.,False
P01185,Staff are required to notify the Data Protection Officer or relevant authority if a data breach is suspected.,1,COMPLIANT,DSPT6_Incidents,DSPT,staff know how to report incidents,llm_paraphrase,S0198,Staff know who to tell if they think a data breach has happened.,False
P01186,Everyone is aware of the procedure for reporting a suspected security incident.,1,COMPLIANT,DSPT6_Incidents,DSPT,staff know how to report incidents,llm_paraphrase,S0199,Everyone is clear on how to report a suspected security incident.,False
P01187,All staff are informed of the method for reporting a suspected security incident.,1,COMPLIANT,DSPT6_Incidents,DSPT,staff know how to report incidents,llm_paraphrase,S0199,Everyone is clear on how to report a suspected security incident.,False
P01188,It is expected that everyone understands how to report a suspected security breach.,1,COMPLIANT,DSPT6_Incidents,DSPT,staff know how to report incidents,llm_paraphrase,S0199,Everyone is clear on how to report a suspected security incident.,False
P01189,Staff must be aware of the correct process for reporting a suspected security incident.,1,COMPLIANT,DSPT6_Incidents,DSPT,staff know how to report incidents,llm_paraphrase,S0199,Everyone is clear on how to report a suspected security incident.,False
P01190,The process for reporting a suspected security incident is clearly communicated to all staff.,1,COMPLIANT,DSPT6_Incidents,DSPT,staff know how to report incidents,llm_paraphrase,S0199,Everyone is clear on how to report a suspected security incident.,False
P01191,All staff are expected to be familiar with the procedure for reporting a suspected security incident.,1,COMPLIANT,DSPT6_Incidents,DSPT,staff know how to report incidents,llm_paraphrase,S0199,Everyone is clear on how to report a suspected security incident.,False
P01192,We respond to security advisories in a timely manner.,1,COMPLIANT,DSPT6_Incidents,DSPT,security advisories acted upon,llm_paraphrase,S0200,We act on security advisories when they are issued.,False
P01193,Security advisories are acted upon as soon as they are issued.,1,COMPLIANT,DSPT6_Incidents,DSPT,security advisories acted upon,llm_paraphrase,S0200,We act on security advisories when they are issued.,False
P01194,We acknowledge and respond to security advisories issued by relevant authorities.,1,COMPLIANT,DSPT6_Incidents,DSPT,security advisories acted upon,llm_paraphrase,S0200,We act on security advisories when they are issued.,False
P01195,Security advisories are implemented as soon as they are received.,1,COMPLIANT,DSPT6_Incidents,DSPT,security advisories acted upon,llm_paraphrase,S0200,We act on security advisories when they are issued.,False
P01196,Incident reports are filed and security advisories are acted upon promptly.,1,COMPLIANT,DSPT6_Incidents,DSPT,security advisories acted upon,llm_paraphrase,S0200,We act on security advisories when they are issued.,False
P01197,All security advisories are taken into account and addressed immediately upon receipt.,1,COMPLIANT,DSPT6_Incidents,DSPT,security advisories acted upon,llm_paraphrase,S0200,We act on security advisories when they are issued.,False
P01198,Lack of defined procedure for responding to data security incidents is present,0,NON_COMPLIANT,DSPT6_Incidents,DSPT,no incident response procedure,llm_paraphrase,S0201,There is no procedure for responding to a data security incident.,False
P01199,Data security incident response is non-existent,0,NON_COMPLIANT,DSPT6_Incidents,DSPT,no incident response procedure,llm_paraphrase,S0201,There is no procedure for responding to a data security incident.,False
P01200,Insufficient procedure exists for incident response,0,NON_COMPLIANT,DSPT6_Incidents,DSPT,no incident response procedure,llm_paraphrase,S0201,There is no procedure for responding to a data security incident.,False
P01201,No documented procedure for incident response exists,0,NON_COMPLIANT,DSPT6_Incidents,DSPT,no incident response procedure,llm_paraphrase,S0201,There is no procedure for responding to a data security incident.,False
P01202,Response to data security incidents is currently unauthorised,0,NON_COMPLIANT,DSPT6_Incidents,DSPT,no incident response procedure,llm_paraphrase,S0201,There is no procedure for responding to a data security incident.,False
P01203,Procedure for data security incident response is absent,0,NON_COMPLIANT,DSPT6_Incidents,DSPT,no incident response procedure,llm_paraphrase,S0201,There is no procedure for responding to a data security incident.,False
P01204,We have not incorporated a cyber attack response plan into our operational procedures.,0,NON_COMPLIANT,DSPT6_Incidents,DSPT,no incident response procedure,llm_paraphrase,S0202,We have never planned for what to do in the event of a cyber attack.,False
P01205,Our cyber attack response planning has not been a priority.,0,NON_COMPLIANT,DSPT6_Incidents,DSPT,no incident response procedure,llm_paraphrase,S0202,We have never planned for what to do in the event of a cyber attack.,False
P01206,The absence of a cyber attack response plan is a critical oversight in our current procedures.,0,NON_COMPLIANT,DSPT6_Incidents,DSPT,no incident response procedure,llm_paraphrase,S0202,We have never planned for what to do in the event of a cyber attack.,False
P01207,We have failed to develop a comprehensive plan for responding to a cyber attack.,0,NON_COMPLIANT,DSPT6_Incidents,DSPT,no incident response procedure,llm_paraphrase,S0202,We have never planned for what to do in the event of a cyber attack.,False
P01208,Our lack of planning for a cyber attack response is a significant compliance risk.,0,NON_COMPLIANT,DSPT6_Incidents,DSPT,no incident response procedure,llm_paraphrase,S0202,We have never planned for what to do in the event of a cyber attack.,False
P01209,Our operational procedures do not include a contingency plan for a cyber attack.,0,NON_COMPLIANT,DSPT6_Incidents,DSPT,no incident response procedure,llm_paraphrase,S0202,We have never planned for what to do in the event of a cyber attack.,False
P01210,A data breach has been identified and not reported to the ICO in a timely manner.,0,NON_COMPLIANT,DSPT6_Incidents,DSPT,breaches not reported / reported late,llm_paraphrase,S0203,A data breach occurred but was not reported to the ICO.,False
P01211,The requirement for notification to the ICO following a data breach was not fulfilled.,0,NON_COMPLIANT,DSPT6_Incidents,DSPT,breaches not reported / reported late,llm_paraphrase,S0203,A data breach occurred but was not reported to the ICO.,False
P01212,"In breach of policy, a data breach was not reported to the ICO.",0,NON_COMPLIANT,DSPT6_Incidents,DSPT,breaches not reported / reported late,llm_paraphrase,S0203,A data breach occurred but was not reported to the ICO.,False
P01213,"A data breach has occurred, but notification to the ICO as per policy was not made.",0,NON_COMPLIANT,DSPT6_Incidents,DSPT,breaches not reported / reported late,llm_paraphrase,S0203,A data breach occurred but was not reported to the ICO.,False
P01214,The ICO notification requirement post data breach was not met.,0,NON_COMPLIANT,DSPT6_Incidents,DSPT,breaches not reported / reported late,llm_paraphrase,S0203,A data breach occurred but was not reported to the ICO.,False
P01215,Failure to notify the ICO following a data breach has occurred and is therefore non-compliant.,0,NON_COMPLIANT,DSPT6_Incidents,DSPT,breaches not reported / reported late,llm_paraphrase,S0203,A data breach occurred but was not reported to the ICO.,False
P01216,The reported breach was not reported to the regulator in a timely manner.,0,NON_COMPLIANT,DSPT6_Incidents,DSPT,breaches not reported / reported late,llm_paraphrase,S0204,The breach was reported to the regulator several weeks after it was discovered.,False
P01217,A failure to report the breach to the regulator occurred several weeks after it was identified.,0,NON_COMPLIANT,DSPT6_Incidents,DSPT,breaches not reported / reported late,llm_paraphrase,S0204,The breach was reported to the regulator several weeks after it was discovered.,False
P01218,The regulator was informed of the breach delay shortly after it was detected.,0,NON_COMPLIANT,DSPT6_Incidents,DSPT,breaches not reported / reported late,llm_paraphrase,S0204,The breach was reported to the regulator several weeks after it was discovered.,False
P01219,"There was a significant delay in reporting the breach to the regulator, resulting from the discovery several weeks prior.",0,NON_COMPLIANT,DSPT6_Incidents,DSPT,breaches not reported / reported late,llm_paraphrase,S0204,The breach was reported to the regulator several weeks after it was discovered.,False
P01220,The regulator was not informed of the breach breach breach several weeks after it was found.,0,NON_COMPLIANT,DSPT6_Incidents,DSPT,breaches not reported / reported late,llm_paraphrase,S0204,The breach was reported to the regulator several weeks after it was discovered.,False
P01221,The reported breach was not submitted to the regulator in accordance with the required reporting timeline.,0,NON_COMPLIANT,DSPT6_Incidents,DSPT,breaches not reported / reported late,llm_paraphrase,S0204,The breach was reported to the regulator several weeks after it was discovered.,False
P01222,Incidents are dealt with informally and not recorded in our incident reporting system.,0,NON_COMPLIANT,DSPT6_Incidents,DSPT,incidents not recorded,llm_paraphrase,S0205,Incidents are dealt with informally and not written down anywhere.,False
P01223,All incidents are handled without formal documentation.,0,NON_COMPLIANT,DSPT6_Incidents,DSPT,incidents not recorded,llm_paraphrase,S0205,Incidents are dealt with informally and not written down anywhere.,False
P01224,Informal incident response is not a viable alternative and must be replaced.,0,NON_COMPLIANT,DSPT6_Incidents,DSPT,incidents not recorded,llm_paraphrase,S0205,Incidents are dealt with informally and not written down anywhere.,False
P01225,Dealing with incidents informally does not meet regulatory requirements.,0,NON_COMPLIANT,DSPT6_Incidents,DSPT,incidents not recorded,llm_paraphrase,S0205,Incidents are dealt with informally and not written down anywhere.,False
P01226,Inadequate incident recording is a breach of our internal policies.,0,NON_COMPLIANT,DSPT6_Incidents,DSPT,incidents not recorded,llm_paraphrase,S0205,Incidents are dealt with informally and not written down anywhere.,False
P01227,Incident handling without formal recording is a non-compliant practice.,0,NON_COMPLIANT,DSPT6_Incidents,DSPT,incidents not recorded,llm_paraphrase,S0205,Incidents are dealt with informally and not written down anywhere.,False
P01228,No log of past data security incidents has been maintained,0,NON_COMPLIANT,DSPT6_Incidents,DSPT,incidents not recorded,llm_paraphrase,S0206,There is no log of past data security incidents.,False
P01229,Failure to maintain a log of past security incidents is recorded,0,NON_COMPLIANT,DSPT6_Incidents,DSPT,incidents not recorded,llm_paraphrase,S0206,There is no log of past data security incidents.,False
P01230,Past data security incidents lack a recorded log,0,NON_COMPLIANT,DSPT6_Incidents,DSPT,incidents not recorded,llm_paraphrase,S0206,There is no log of past data security incidents.,False
P01231,Incidents have not been logged to a record of past security events,0,NON_COMPLIANT,DSPT6_Incidents,DSPT,incidents not recorded,llm_paraphrase,S0206,There is no log of past data security incidents.,False
P01232,The lack of a past security incidents log is noted,0,NON_COMPLIANT,DSPT6_Incidents,DSPT,incidents not recorded,llm_paraphrase,S0206,There is no log of past data security incidents.,False
P01233,No recorded log of past security incidents exists,0,NON_COMPLIANT,DSPT6_Incidents,DSPT,incidents not recorded,llm_paraphrase,S0206,There is no log of past data security incidents.,False
P01234,Staff were not trained to notify the data breach incident reporting system when a suspected breach occurred.,0,NON_COMPLIANT,DSPT6_Incidents,DSPT,staff don't know how to report incidents,llm_paraphrase,S0207,Staff did not know how to report a suspected data breach.,False
P01235,The data breach reporting protocol was not followed when staff failed to report a suspected breach.,0,NON_COMPLIANT,DSPT6_Incidents,DSPT,staff don't know how to report incidents,llm_paraphrase,S0207,Staff did not know how to report a suspected data breach.,False
P01236,It was not in accordance with the incident reporting policy that staff did not report a suspected data breach.,0,NON_COMPLIANT,DSPT6_Incidents,DSPT,staff don't know how to report incidents,llm_paraphrase,S0207,Staff did not know how to report a suspected data breach.,False
P01237,Compliance with the incident reporting policy was not met when staff failed to report a suspected data breach.,0,NON_COMPLIANT,DSPT6_Incidents,DSPT,staff don't know how to report incidents,llm_paraphrase,S0207,Staff did not know how to report a suspected data breach.,False
P01238,"When staff were not trained to report data breaches, compliance with policy was compromised.",0,NON_COMPLIANT,DSPT6_Incidents,DSPT,staff don't know how to report incidents,llm_paraphrase,S0207,Staff did not know how to report a suspected data breach.,False
P01239,Reporting a suspected data breach to the designated system was not done in line with the data breach reporting policy.,0,NON_COMPLIANT,DSPT6_Incidents,DSPT,staff don't know how to report incidents,llm_paraphrase,S0207,Staff did not know how to report a suspected data breach.,False
P01240,"Security warnings from our supplier are not acted upon, as per our incident response policy.",0,NON_COMPLIANT,DSPT6_Incidents,DSPT,security advice ignored,llm_paraphrase,S0208,Security warnings from our supplier are received but not acted on.,False
P01241,"Failure to act on security warnings from our supplier is a compliance breach, in line with our incident management procedure.",0,NON_COMPLIANT,DSPT6_Incidents,DSPT,security advice ignored,llm_paraphrase,S0208,Security warnings from our supplier are received but not acted on.,False
P01242,Receiving security warnings from our supplier is not sufficient; all incidents must be reported and acted on within the stipulated timeframe.,0,NON_COMPLIANT,DSPT6_Incidents,DSPT,security advice ignored,llm_paraphrase,S0208,Security warnings from our supplier are received but not acted on.,False
P01243,Our incident response policy clearly states that security warnings from suppliers must be escalated and acted upon promptly.,0,NON_COMPLIANT,DSPT6_Incidents,DSPT,security advice ignored,llm_paraphrase,S0208,Security warnings from our supplier are received but not acted on.,False
P01244,"Acting on security warnings from our supplier is a mandatory step, as per our incident management guidelines.",0,NON_COMPLIANT,DSPT6_Incidents,DSPT,security advice ignored,llm_paraphrase,S0208,Security warnings from our supplier are received but not acted on.,False
P01245,Receipt of security warnings from our supplier does not authorise non-compliance; all incidents must be reported and addressed accordingly.,0,NON_COMPLIANT,DSPT6_Incidents,DSPT,security advice ignored,llm_paraphrase,S0208,Security warnings from our supplier are received but not acted on.,False
P01246,A business continuity plan is in place to ensure continuity of operations in the event of an IT system failure.,1,COMPLIANT,DSPT7_Continuity,DSPT,a business continuity plan in place,llm_paraphrase,S0209,A business continuity plan covers what we do if our IT systems fail.,False
P01247,"In the event of IT system failure, our business continuity plan kicks in immediately.",1,COMPLIANT,DSPT7_Continuity,DSPT,a business continuity plan in place,llm_paraphrase,S0209,A business continuity plan covers what we do if our IT systems fail.,False
P01248,"Our business continuity plan addresses the consequences of IT system failure, not just the technical aspects.",1,COMPLIANT,DSPT7_Continuity,DSPT,a business continuity plan in place,llm_paraphrase,S0209,A business continuity plan covers what we do if our IT systems fail.,False
P01249,"A business continuity plan is crucial in the event of an IT system failure, outlining the necessary steps.",1,COMPLIANT,DSPT7_Continuity,DSPT,a business continuity plan in place,llm_paraphrase,S0209,A business continuity plan covers what we do if our IT systems fail.,False
P01250,"The IT systems failure will trigger our business continuity plan, which has been designed to mitigate the impact.",1,COMPLIANT,DSPT7_Continuity,DSPT,a business continuity plan in place,llm_paraphrase,S0209,A business continuity plan covers what we do if our IT systems fail.,False
P01251,"Our business continuity plan is fully operational, covering what happens in the event of an IT system failure.",1,COMPLIANT,DSPT7_Continuity,DSPT,a business continuity plan in place,llm_paraphrase,S0209,A business continuity plan covers what we do if our IT systems fail.,False
P01252,Our continuity plan outlines procedures to continue care delivery in the event of a cyber incident.,1,COMPLIANT,DSPT7_Continuity,DSPT,a business continuity plan in place,llm_paraphrase,S0210,Our continuity plan includes how to keep delivering care during a cyber incident.,False
P01253,Properly functioning continuity plans necessitate continuation of care services during a cyber incident.,1,COMPLIANT,DSPT7_Continuity,DSPT,a business continuity plan in place,llm_paraphrase,S0210,Our continuity plan includes how to keep delivering care during a cyber incident.,False
P01254,"In the event of a cyber incident, our continuity plan ensures uninterrupted care delivery.",1,COMPLIANT,DSPT7_Continuity,DSPT,a business continuity plan in place,llm_paraphrase,S0210,Our continuity plan includes how to keep delivering care during a cyber incident.,False
P01255,Our cyber incident response plan includes protocols for maintaining care delivery continuity.,1,COMPLIANT,DSPT7_Continuity,DSPT,a business continuity plan in place,llm_paraphrase,S0210,Our continuity plan includes how to keep delivering care during a cyber incident.,False
P01256,"During a cyber incident, our continuity plan ensures that care is delivered without disruption.",1,COMPLIANT,DSPT7_Continuity,DSPT,a business continuity plan in place,llm_paraphrase,S0210,Our continuity plan includes how to keep delivering care during a cyber incident.,False
P01257,The continuity plan we have in place guarantees continued care delivery in the event of a cyber incident.,1,COMPLIANT,DSPT7_Continuity,DSPT,a business continuity plan in place,llm_paraphrase,S0210,Our continuity plan includes how to keep delivering care during a cyber incident.,False
P01258,Daily data backups are performed automatically as part of our standard procedure.,1,COMPLIANT,DSPT7_Continuity,DSPT,backups taken regularly,llm_paraphrase,S0211,Care records are backed up every night.,False
P01259,All care records are regularly backed up to ensure data integrity.,1,COMPLIANT,DSPT7_Continuity,DSPT,backups taken regularly,llm_paraphrase,S0211,Care records are backed up every night.,False
P01260,"To maintain compliance, care records are routinely backed up each and every night.",1,COMPLIANT,DSPT7_Continuity,DSPT,backups taken regularly,llm_paraphrase,S0211,Care records are backed up every night.,False
P01261,It is imperative that daily backups are executed as part of our core data protection protocol.,1,COMPLIANT,DSPT7_Continuity,DSPT,backups taken regularly,llm_paraphrase,S0211,Care records are backed up every night.,False
P01262,Daily care records are automatically backed up in line with our established data management guidelines.,1,COMPLIANT,DSPT7_Continuity,DSPT,backups taken regularly,llm_paraphrase,S0211,Care records are backed up every night.,False
P01263,Care records are automatically backed up each and every night to ensure ongoing data security and compliance.,1,COMPLIANT,DSPT7_Continuity,DSPT,backups taken regularly,llm_paraphrase,S0211,Care records are backed up every night.,False
P01264,Backups of all electronic records are performed daily.,1,COMPLIANT,DSPT7_Continuity,DSPT,backups taken regularly,llm_paraphrase,S0212,Backups of all electronic records run automatically each day.,False
P01265,Automatic daily backups of electronic records are maintained.,1,COMPLIANT,DSPT7_Continuity,DSPT,backups taken regularly,llm_paraphrase,S0212,Backups of all electronic records run automatically each day.,False
P01266,Daily automated backups of all electronic records are taken.,1,COMPLIANT,DSPT7_Continuity,DSPT,backups taken regularly,llm_paraphrase,S0212,Backups of all electronic records run automatically each day.,False
P01267,Electronic records are backed up daily as a standard procedure.,1,COMPLIANT,DSPT7_Continuity,DSPT,backups taken regularly,llm_paraphrase,S0212,Backups of all electronic records run automatically each day.,False
P01268,It is a requirement that all electronic records are backed up daily.,1,COMPLIANT,DSPT7_Continuity,DSPT,backups taken regularly,llm_paraphrase,S0212,Backups of all electronic records run automatically each day.,False
P01269,Daily automated backups of all electronic records are required.,1,COMPLIANT,DSPT7_Continuity,DSPT,backups taken regularly,llm_paraphrase,S0212,Backups of all electronic records run automatically each day.,False
P01270,We regularly test our backups to ensure data can be restored from the most recent point in time.,1,COMPLIANT,DSPT7_Continuity,DSPT,backups tested for successful recovery,llm_paraphrase,S0213,We test our backups quarterly to confirm data can be restored.,False
P01271,The backup system must be tested quarterly to confirm data can be restored as required.,1,COMPLIANT,DSPT7_Continuity,DSPT,backups tested for successful recovery,llm_paraphrase,S0213,We test our backups quarterly to confirm data can be restored.,False
P01272,"To maintain compliance, quarterly backup testing is mandatory to verify data restoration capability.",1,COMPLIANT,DSPT7_Continuity,DSPT,backups tested for successful recovery,llm_paraphrase,S0213,We test our backups quarterly to confirm data can be restored.,False
P01273,Our quarterly backup tests confirm that data can be restored to the most recent point in time.,1,COMPLIANT,DSPT7_Continuity,DSPT,backups tested for successful recovery,llm_paraphrase,S0213,We test our backups quarterly to confirm data can be restored.,False
P01274,All care homes must test their backup systems quarterly to ensure data can be restored to meet regulatory standards.,1,COMPLIANT,DSPT7_Continuity,DSPT,backups tested for successful recovery,llm_paraphrase,S0213,We test our backups quarterly to confirm data can be restored.,False
P01275,"Weekly, monthly, and quarterly testing of the backup system is required to confirm data can be restored as specified.",1,COMPLIANT,DSPT7_Continuity,DSPT,backups tested for successful recovery,llm_paraphrase,S0213,We test our backups quarterly to confirm data can be restored.,False
P01276,A restore test must be conducted to verify the functionality of our backup systems.,1,COMPLIANT,DSPT7_Continuity,DSPT,backups tested for successful recovery,llm_paraphrase,S0214,A restore test is carried out to make sure the backups actually work.,False
P01277,The backup restore process must be regularly tested to ensure its effectiveness.,1,COMPLIANT,DSPT7_Continuity,DSPT,backups tested for successful recovery,llm_paraphrase,S0214,A restore test is carried out to make sure the backups actually work.,False
P01278,It is mandatory that a restore test is performed to confirm the viability of our backup systems.,1,COMPLIANT,DSPT7_Continuity,DSPT,backups tested for successful recovery,llm_paraphrase,S0214,A restore test is carried out to make sure the backups actually work.,False
P01279,All staff members must undertake a restore test to verify the restore functionality of our backup systems.,1,COMPLIANT,DSPT7_Continuity,DSPT,backups tested for successful recovery,llm_paraphrase,S0214,A restore test is carried out to make sure the backups actually work.,False
P01280,The backup systems' ability to recover data is validated through regular restore tests.,1,COMPLIANT,DSPT7_Continuity,DSPT,backups tested for successful recovery,llm_paraphrase,S0214,A restore test is carried out to make sure the backups actually work.,False
P01281,A restore test is a crucial requirement to ensure the successful recall of data from our backup systems.,1,COMPLIANT,DSPT7_Continuity,DSPT,backups tested for successful recovery,llm_paraphrase,S0214,A restore test is carried out to make sure the backups actually work.,False
P01282,Backups are encrypted and stored securely off-site,1,COMPLIANT,DSPT7_Continuity,DSPT,backups stored securely/offsite/encrypted,llm_paraphrase,S0215,Backups are encrypted and held separately from the main system.,False
P01283,All backups are encrypted and stored in a segregated area,1,COMPLIANT,DSPT7_Continuity,DSPT,backups stored securely/offsite/encrypted,llm_paraphrase,S0215,Backups are encrypted and held separately from the main system.,False
P01284,"Data backups are encrypted and kept in a separate, secure location",1,COMPLIANT,DSPT7_Continuity,DSPT,backups stored securely/offsite/encrypted,llm_paraphrase,S0215,Backups are encrypted and held separately from the main system.,False
P01285,Backups are encrypted and held securely apart from the main system,1,COMPLIANT,DSPT7_Continuity,DSPT,backups stored securely/offsite/encrypted,llm_paraphrase,S0215,Backups are encrypted and held separately from the main system.,False
P01286,"All backup data is encrypted and stored in a separate, secure environment",1,COMPLIANT,DSPT7_Continuity,DSPT,backups stored securely/offsite/encrypted,llm_paraphrase,S0215,Backups are encrypted and held separately from the main system.,False
P01287,"Backups are encrypted and kept in a secure, isolated area from the main system",1,COMPLIANT,DSPT7_Continuity,DSPT,backups stored securely/offsite/encrypted,llm_paraphrase,S0215,Backups are encrypted and held separately from the main system.,False
P01288,Copies of our data are stored off-site to prevent loss in the event of a fire or theft.,1,COMPLIANT,DSPT7_Continuity,DSPT,backups stored securely/offsite/encrypted,llm_paraphrase,S0216,Copies of our data are stored off-site in case of fire or theft.,False
P01289,All data copies are stored securely off-site to mitigate risk in case of fire or theft.,1,COMPLIANT,DSPT7_Continuity,DSPT,backups stored securely/offsite/encrypted,llm_paraphrase,S0216,Copies of our data are stored off-site in case of fire or theft.,False
P01290,Data backups are stored securely off-site to ensure business continuity in the event of fire or theft.,1,COMPLIANT,DSPT7_Continuity,DSPT,backups stored securely/offsite/encrypted,llm_paraphrase,S0216,Copies of our data are stored off-site in case of fire or theft.,False
P01291,"To prevent loss in the event of a fire or theft, our data is stored securely off-site.",1,COMPLIANT,DSPT7_Continuity,DSPT,backups stored securely/offsite/encrypted,llm_paraphrase,S0216,Copies of our data are stored off-site in case of fire or theft.,False
P01292,"In the event of a fire or theft, our data is stored off-site to ensure protection of sensitive information.",1,COMPLIANT,DSPT7_Continuity,DSPT,backups stored securely/offsite/encrypted,llm_paraphrase,S0216,Copies of our data are stored off-site in case of fire or theft.,False
P01293,Our data is stored securely off-site to safeguard against loss in the event of fire or theft.,1,COMPLIANT,DSPT7_Continuity,DSPT,backups stored securely/offsite/encrypted,llm_paraphrase,S0216,Copies of our data are stored off-site in case of fire or theft.,False
P01294,The continuity plan is annually reviewed and updated to ensure ongoing compliance.,1,COMPLIANT,DSPT7_Continuity,DSPT,continuity plan reviewed,llm_paraphrase,S0217,The continuity plan is reviewed and updated every year.,False
P01295,The continuity plan is reviewed and updated annually to ensure its ongoing effectiveness.,1,COMPLIANT,DSPT7_Continuity,DSPT,continuity plan reviewed,llm_paraphrase,S0217,The continuity plan is reviewed and updated every year.,False
P01296,All staff are required to review the continuity plan annually to ensure its ongoing compliance.,1,COMPLIANT,DSPT7_Continuity,DSPT,continuity plan reviewed,llm_paraphrase,S0217,The continuity plan is reviewed and updated every year.,False
P01297,"The continuity plan is reviewed and updated annually, in line with regulatory requirements.",1,COMPLIANT,DSPT7_Continuity,DSPT,continuity plan reviewed,llm_paraphrase,S0217,The continuity plan is reviewed and updated every year.,False
P01298,Annual review and update of the continuity plan is mandatory for all staff members.,1,COMPLIANT,DSPT7_Continuity,DSPT,continuity plan reviewed,llm_paraphrase,S0217,The continuity plan is reviewed and updated every year.,False
P01299,The continuity plan is annually reviewed and updated to meet statutory obligations and ensure ongoing compliance.,1,COMPLIANT,DSPT7_Continuity,DSPT,continuity plan reviewed,llm_paraphrase,S0217,The continuity plan is reviewed and updated every year.,False
P01300,No continuity plan exists for system failure,0,NON_COMPLIANT,DSPT7_Continuity,DSPT,no continuity plan,llm_paraphrase,S0218,There is no continuity plan for what happens if our systems go down.,False
P01301,Systems downtime has no prearranged recovery plan in place,0,NON_COMPLIANT,DSPT7_Continuity,DSPT,no continuity plan,llm_paraphrase,S0218,There is no continuity plan for what happens if our systems go down.,False
P01302,A continuity plan does not currently exist for system failure scenarios,0,NON_COMPLIANT,DSPT7_Continuity,DSPT,no continuity plan,llm_paraphrase,S0218,There is no continuity plan for what happens if our systems go down.,False
P01303,We have no formal plan for restoring services in the event of system failure,0,NON_COMPLIANT,DSPT7_Continuity,DSPT,no continuity plan,llm_paraphrase,S0218,There is no continuity plan for what happens if our systems go down.,False
P01304,There is no established process for dealing with system downtime,0,NON_COMPLIANT,DSPT7_Continuity,DSPT,no continuity plan,llm_paraphrase,S0218,There is no continuity plan for what happens if our systems go down.,False
P01305,A comprehensive continuity plan does not currently exist for managing system failure,0,NON_COMPLIANT,DSPT7_Continuity,DSPT,no continuity plan,llm_paraphrase,S0218,There is no continuity plan for what happens if our systems go down.,False
P01306,"Our IT systems are not designed to automatically transfer care instructions during a failure, leaving a service gap.",0,NON_COMPLIANT,DSPT7_Continuity,DSPT,no continuity plan,llm_paraphrase,S0219,We have not considered how care would continue during an IT failure.,False
P01307,We have not implemented adequate procedures to ensure continuity of care in the event of an IT system outage.,0,NON_COMPLIANT,DSPT7_Continuity,DSPT,no continuity plan,llm_paraphrase,S0219,We have not considered how care would continue during an IT failure.,False
P01308,Failure to have a robust IT system in place means we cannot guarantee that care instructions would be preserved during a failure.,0,NON_COMPLIANT,DSPT7_Continuity,DSPT,no continuity plan,llm_paraphrase,S0219,We have not considered how care would continue during an IT failure.,False
P01309,The lack of a fail-safe mechanism means we cannot confidently state that care instructions would be maintained during an IT failure.,0,NON_COMPLIANT,DSPT7_Continuity,DSPT,no continuity plan,llm_paraphrase,S0219,We have not considered how care would continue during an IT failure.,False
P01310,"Our IT systems are not capable of automatically transitioning care instructions to an alternative system during a failure, resulting in service disruption.",0,NON_COMPLIANT,DSPT7_Continuity,DSPT,no continuity plan,llm_paraphrase,S0219,We have not considered how care would continue during an IT failure.,False
P01311,"Regulatory requirements necessitate that we have procedures in place to ensure continuity of care, which we currently do not have in the event of an IT failure.",0,NON_COMPLIANT,DSPT7_Continuity,DSPT,no continuity plan,llm_paraphrase,S0219,We have not considered how care would continue during an IT failure.,False
P01312,"Electronic care records are not backed up regularly, posing a risk to resident data integrity.",0,NON_COMPLIANT,DSPT7_Continuity,DSPT,no backups taken,llm_paraphrase,S0220,Electronic care records are not backed up at all.,False
P01313,Failure to back up care records is a critical non-compliance issue.,0,NON_COMPLIANT,DSPT7_Continuity,DSPT,no backups taken,llm_paraphrase,S0220,Electronic care records are not backed up at all.,False
P01314,Back-up of electronic care records is required by regulatory standards.,0,NON_COMPLIANT,DSPT7_Continuity,DSPT,no backups taken,llm_paraphrase,S0220,Electronic care records are not backed up at all.,False
P01315,Inadequate back-up of care records breaches data protection regulations.,0,NON_COMPLIANT,DSPT7_Continuity,DSPT,no backups taken,llm_paraphrase,S0220,Electronic care records are not backed up at all.,False
P01316,"Care records are not properly backed up, resulting in data loss and non-compliance.",0,NON_COMPLIANT,DSPT7_Continuity,DSPT,no backups taken,llm_paraphrase,S0220,Electronic care records are not backed up at all.,False
P01317,The absence of back-up for electronic care records constitutes a serious breach of data protection regulations.,0,NON_COMPLIANT,DSPT7_Continuity,DSPT,no backups taken,llm_paraphrase,S0220,Electronic care records are not backed up at all.,False
P01318,Failure to implement data backup of office computer information.,0,NON_COMPLIANT,DSPT7_Continuity,DSPT,no backups taken,llm_paraphrase,S0221,There is no backup of the information held on the office computer.,False
P01319,The office computer does not have a backup of its held information.,0,NON_COMPLIANT,DSPT7_Continuity,DSPT,no backups taken,llm_paraphrase,S0221,There is no backup of the information held on the office computer.,False
P01320,A backup of the office computer data is not in place.,0,NON_COMPLIANT,DSPT7_Continuity,DSPT,no backups taken,llm_paraphrase,S0221,There is no backup of the information held on the office computer.,False
P01321,No backup exists for the information on the office computer.,0,NON_COMPLIANT,DSPT7_Continuity,DSPT,no backups taken,llm_paraphrase,S0221,There is no backup of the information held on the office computer.,False
P01322,The office computer's held information is not backed up.,0,NON_COMPLIANT,DSPT7_Continuity,DSPT,no backups taken,llm_paraphrase,S0221,There is no backup of the information held on the office computer.,False
P01323,The office computer lacks a data backup.,0,NON_COMPLIANT,DSPT7_Continuity,DSPT,no backups taken,llm_paraphrase,S0221,There is no backup of the information held on the office computer.,False
P01324,"Backups have not been validated against restoration, resulting in a potential data loss risk.",0,NON_COMPLIANT,DSPT7_Continuity,DSPT,backups never tested,llm_paraphrase,S0222,The backups have never been tested to see if they would restore.,False
P01325,Testing of backups has never been conducted to confirm they can restore data in the event of a failure.,0,NON_COMPLIANT,DSPT7_Continuity,DSPT,backups never tested,llm_paraphrase,S0222,The backups have never been tested to see if they would restore.,False
P01326,We have not completed a test to verify that our backups can restore data in the event of a system failure.,0,NON_COMPLIANT,DSPT7_Continuity,DSPT,backups never tested,llm_paraphrase,S0222,The backups have never been tested to see if they would restore.,False
P01327,"The policy requires testing of backups to ensure restoration, but this has not been done.",0,NON_COMPLIANT,DSPT7_Continuity,DSPT,backups never tested,llm_paraphrase,S0222,The backups have never been tested to see if they would restore.,False
P01328,"A test to verify backup restoration has not been carried out, leaving the data at risk.",0,NON_COMPLIANT,DSPT7_Continuity,DSPT,backups never tested,llm_paraphrase,S0222,The backups have never been tested to see if they would restore.,False
P01329,"Backup restoration has not been validated, presenting a potential risk to data integrity.",0,NON_COMPLIANT,DSPT7_Continuity,DSPT,backups never tested,llm_paraphrase,S0222,The backups have never been tested to see if they would restore.,False
P01330,We assume the backup is in place but have not verified its functionality.,0,NON_COMPLIANT,DSPT7_Continuity,DSPT,backups never tested,llm_paraphrase,S0223,We assume the backup works but have never checked.,False
P01331,"It is assumed that the backup is operational, yet its efficacy has not been confirmed.",0,NON_COMPLIANT,DSPT7_Continuity,DSPT,backups never tested,llm_paraphrase,S0223,We assume the backup works but have never checked.,False
P01332,"We operate under the assumption that the backup is in use, but have not conducted a validation test.",0,NON_COMPLIANT,DSPT7_Continuity,DSPT,backups never tested,llm_paraphrase,S0223,We assume the backup works but have never checked.,False
P01333,"The backup system is assumed to be operational, although we have not checked its effectiveness.",0,NON_COMPLIANT,DSPT7_Continuity,DSPT,backups never tested,llm_paraphrase,S0223,We assume the backup works but have never checked.,False
P01334,"In our current system, we assume the backup is functional, but its actual performance has not been confirmed.",0,NON_COMPLIANT,DSPT7_Continuity,DSPT,backups never tested,llm_paraphrase,S0223,We assume the backup works but have never checked.,False
P01335,"We maintain that the backup is operational, but have not confirmed its success through a formal review.",0,NON_COMPLIANT,DSPT7_Continuity,DSPT,backups never tested,llm_paraphrase,S0223,We assume the backup works but have never checked.,False
P01336,Backups are not stored on a USB drive securely plugged into the computer.,0,NON_COMPLIANT,DSPT7_Continuity,DSPT,backups stored insecurely or not at all,llm_paraphrase,S0224,Backups are kept on a USB drive left plugged into the same computer.,False
P01337,The backup process does not involve storing files on a USB drive.,0,NON_COMPLIANT,DSPT7_Continuity,DSPT,backups stored insecurely or not at all,llm_paraphrase,S0224,Backups are kept on a USB drive left plugged into the same computer.,False
P01338,It is not acceptable to store backups on a USB drive that is left plugged into the computer.,0,NON_COMPLIANT,DSPT7_Continuity,DSPT,backups stored insecurely or not at all,llm_paraphrase,S0224,Backups are kept on a USB drive left plugged into the same computer.,False
P01339,The IT policy requires backups to be stored on a USB drive removed from the computer.,0,NON_COMPLIANT,DSPT7_Continuity,DSPT,backups stored insecurely or not at all,llm_paraphrase,S0224,Backups are kept on a USB drive left plugged into the same computer.,False
P01340,Backups are not permitted to be left plugged into the computer for extended periods.,0,NON_COMPLIANT,DSPT7_Continuity,DSPT,backups stored insecurely or not at all,llm_paraphrase,S0224,Backups are kept on a USB drive left plugged into the same computer.,False
P01341,It is a compliance requirement that backups are stored on a USB drive disconnected from the computer.,0,NON_COMPLIANT,DSPT7_Continuity,DSPT,backups stored insecurely or not at all,llm_paraphrase,S0224,Backups are kept on a USB drive left plugged into the same computer.,False
P01342,The office machine is the sole repository for our data.,0,NON_COMPLIANT,DSPT7_Continuity,DSPT,backups stored insecurely or not at all,llm_paraphrase,S0225,The only copy of our data is on the machine in the office.,False
P01343,Our data is stored solely on the machine in the office.,0,NON_COMPLIANT,DSPT7_Continuity,DSPT,backups stored insecurely or not at all,llm_paraphrase,S0225,The only copy of our data is on the machine in the office.,False
P01344,The machine in the office holds all our data.,0,NON_COMPLIANT,DSPT7_Continuity,DSPT,backups stored insecurely or not at all,llm_paraphrase,S0225,The only copy of our data is on the machine in the office.,False
P01345,Our data is centrally stored on the office machine.,0,NON_COMPLIANT,DSPT7_Continuity,DSPT,backups stored insecurely or not at all,llm_paraphrase,S0225,The only copy of our data is on the machine in the office.,False
P01346,The office machine contains all of our data.,0,NON_COMPLIANT,DSPT7_Continuity,DSPT,backups stored insecurely or not at all,llm_paraphrase,S0225,The only copy of our data is on the machine in the office.,False
P01347,Our data is exclusively stored on the machine in the office.,0,NON_COMPLIANT,DSPT7_Continuity,DSPT,backups stored insecurely or not at all,llm_paraphrase,S0225,The only copy of our data is on the machine in the office.,False
P01348,"The continuity plan, established years ago, remains unreviewed.",0,NON_COMPLIANT,DSPT7_Continuity,DSPT,continuity plan outdated or absent,llm_paraphrase,S0226,The continuity plan was written years ago and has not been looked at since.,False
P01349,"Compliance records show the continuity plan, created years ago, has not been scrutinised.",0,NON_COMPLIANT,DSPT7_Continuity,DSPT,continuity plan outdated or absent,llm_paraphrase,S0226,The continuity plan was written years ago and has not been looked at since.,False
P01350,Review of the continuity plan has not taken place since its creation.,0,NON_COMPLIANT,DSPT7_Continuity,DSPT,continuity plan outdated or absent,llm_paraphrase,S0226,The continuity plan was written years ago and has not been looked at since.,False
P01351,"The continuity plan, set out years ago, has not undergone any subsequent review.",0,NON_COMPLIANT,DSPT7_Continuity,DSPT,continuity plan outdated or absent,llm_paraphrase,S0226,The continuity plan was written years ago and has not been looked at since.,False
P01352,No formal review has been conducted on the continuity plan since its initial development.,0,NON_COMPLIANT,DSPT7_Continuity,DSPT,continuity plan outdated or absent,llm_paraphrase,S0226,The continuity plan was written years ago and has not been looked at since.,False
P01353,"The continuity plan, first implemented years ago, has not been formally assessed since its creation.",0,NON_COMPLIANT,DSPT7_Continuity,DSPT,continuity plan outdated or absent,llm_paraphrase,S0226,The continuity plan was written years ago and has not been looked at since.,False
P01354,All operating systems in use are still supported by their vendor as a mandatory requirement.,1,COMPLIANT,DSPT8_UnsupportedSystems,DSPT,only supported systems in use,llm_paraphrase,S0227,All operating systems in use are still supported by their vendor.,False
P01355,It is essential that all operating systems in use receive ongoing vendor support.,1,COMPLIANT,DSPT8_UnsupportedSystems,DSPT,only supported systems in use,llm_paraphrase,S0227,All operating systems in use are still supported by their vendor.,False
P01356,Vendor support for all operating systems in use is compulsory and must be maintained.,1,COMPLIANT,DSPT8_UnsupportedSystems,DSPT,only supported systems in use,llm_paraphrase,S0227,All operating systems in use are still supported by their vendor.,False
P01357,All operating systems currently in use must have active vendor support.,1,COMPLIANT,DSPT8_UnsupportedSystems,DSPT,only supported systems in use,llm_paraphrase,S0227,All operating systems in use are still supported by their vendor.,False
P01358,Vendor support for all operating systems in use is a statutory requirement.,1,COMPLIANT,DSPT8_UnsupportedSystems,DSPT,only supported systems in use,llm_paraphrase,S0227,All operating systems in use are still supported by their vendor.,False
P01359,It is a condition of licence that all operating systems in use receive ongoing vendor support.,1,COMPLIANT,DSPT8_UnsupportedSystems,DSPT,only supported systems in use,llm_paraphrase,S0227,All operating systems in use are still supported by their vendor.,False
P01360,All software and browsers used must be officially approved and maintained.,1,COMPLIANT,DSPT8_UnsupportedSystems,DSPT,only supported systems in use,llm_paraphrase,S0228,No unsupported software or browsers are used anywhere in the service.,False
P01361,The use of unsupported software or browsers is strictly prohibited throughout the care home.,1,COMPLIANT,DSPT8_UnsupportedSystems,DSPT,only supported systems in use,llm_paraphrase,S0228,No unsupported software or browsers are used anywhere in the service.,False
P01362,Any attempt to use unsupported software or browsers is considered a breach of policy.,1,COMPLIANT,DSPT8_UnsupportedSystems,DSPT,only supported systems in use,llm_paraphrase,S0228,No unsupported software or browsers are used anywhere in the service.,False
P01363,All staff members are required to use approved software and browsers in accordance with company policy.,1,COMPLIANT,DSPT8_UnsupportedSystems,DSPT,only supported systems in use,llm_paraphrase,S0228,No unsupported software or browsers are used anywhere in the service.,False
P01364,Properly approved and maintained software and browsers must be used in all areas of the care home.,1,COMPLIANT,DSPT8_UnsupportedSystems,DSPT,only supported systems in use,llm_paraphrase,S0228,No unsupported software or browsers are used anywhere in the service.,False
P01365,Our applications and browsers are always supported by the vendor to ensure we can access the latest security patches.,1,COMPLIANT,DSPT8_UnsupportedSystems,DSPT,only supported systems in use,llm_paraphrase,S0229,Our browsers and applications all remain within vendor support.,False
P01366,All applications and browsers are under the vendor's support lifecycle to prevent obsolescence.,1,COMPLIANT,DSPT8_UnsupportedSystems,DSPT,only supported systems in use,llm_paraphrase,S0229,Our browsers and applications all remain within vendor support.,False
P01367,Our browser and application support remains within the vendor's current support cycle to stay secure.,1,COMPLIANT,DSPT8_UnsupportedSystems,DSPT,only supported systems in use,llm_paraphrase,S0229,Our browsers and applications all remain within vendor support.,False
P01368,Vendor support for our applications and browsers is paramount to ensure timely access to security patches.,1,COMPLIANT,DSPT8_UnsupportedSystems,DSPT,only supported systems in use,llm_paraphrase,S0229,Our browsers and applications all remain within vendor support.,False
P01369,It is mandatory that our applications and browsers are within the vendor's official support period.,1,COMPLIANT,DSPT8_UnsupportedSystems,DSPT,only supported systems in use,llm_paraphrase,S0229,Our browsers and applications all remain within vendor support.,False
P01370,Our applications and browsers are under the vendor's official support for all security updates and patches.,1,COMPLIANT,DSPT8_UnsupportedSystems,DSPT,only supported systems in use,llm_paraphrase,S0229,Our browsers and applications all remain within vendor support.,False
P01371,The older system must be identified and its risk documented and managed.,1,COMPLIANT,DSPT8_UnsupportedSystems,DSPT,legacy systems identified and mitigated,llm_paraphrase,S0230,"Where an older system is still required, the risk is documented and managed.",False
P01372,"Where an older system is still required, its associated risk is recorded and controlled.",1,COMPLIANT,DSPT8_UnsupportedSystems,DSPT,legacy systems identified and mitigated,llm_paraphrase,S0230,"Where an older system is still required, the risk is documented and managed.",False
P01373,Older systems must be assessed for risk and documented to be managed.,1,COMPLIANT,DSPT8_UnsupportedSystems,DSPT,legacy systems identified and mitigated,llm_paraphrase,S0230,"Where an older system is still required, the risk is documented and managed.",False
P01374,"The older system's risk must be assessed, documented, and then managed.",1,COMPLIANT,DSPT8_UnsupportedSystems,DSPT,legacy systems identified and mitigated,llm_paraphrase,S0230,"Where an older system is still required, the risk is documented and managed.",False
P01375,"If an older system is still needed, its associated risk must be documented and controlled.",1,COMPLIANT,DSPT8_UnsupportedSystems,DSPT,legacy systems identified and mitigated,llm_paraphrase,S0230,"Where an older system is still required, the risk is documented and managed.",False
P01376,"Where an older system is still required, its risk must be identified, documented, and managed.",1,COMPLIANT,DSPT8_UnsupportedSystems,DSPT,legacy systems identified and mitigated,llm_paraphrase,S0230,"Where an older system is still required, the risk is documented and managed.",False
P01377,Legacy equipment is temporarily isolated from the main network during replacement activities.,1,COMPLIANT,DSPT8_UnsupportedSystems,DSPT,legacy systems identified and mitigated,llm_paraphrase,S0231,Legacy equipment is isolated from the main network while we replace it.,False
P01378,Isolation of legacy equipment from the main network is a prerequisite for replacement.,1,COMPLIANT,DSPT8_UnsupportedSystems,DSPT,legacy systems identified and mitigated,llm_paraphrase,S0231,Legacy equipment is isolated from the main network while we replace it.,False
P01379,"During equipment replacement, legacy equipment is isolated from the main network.",1,COMPLIANT,DSPT8_UnsupportedSystems,DSPT,legacy systems identified and mitigated,llm_paraphrase,S0231,Legacy equipment is isolated from the main network while we replace it.,False
P01380,It is a requirement that legacy equipment is isolated from the main network during the replacement process.,1,COMPLIANT,DSPT8_UnsupportedSystems,DSPT,legacy systems identified and mitigated,llm_paraphrase,S0231,Legacy equipment is isolated from the main network while we replace it.,False
P01381,Legacy equipment is disconnected from the main network before replacement takes place.,1,COMPLIANT,DSPT8_UnsupportedSystems,DSPT,legacy systems identified and mitigated,llm_paraphrase,S0231,Legacy equipment is isolated from the main network while we replace it.,False
P01382,Legacy equipment must be isolated from the main network prior to the commencement of replacement activities.,1,COMPLIANT,DSPT8_UnsupportedSystems,DSPT,legacy systems identified and mitigated,llm_paraphrase,S0231,Legacy equipment is isolated from the main network while we replace it.,False
P01383,All software reaching its end-of-life has been systematically removed from our devices to ensure compliance with our information governance policy.,1,COMPLIANT,DSPT8_UnsupportedSystems,DSPT,unsupported software removed,llm_paraphrase,S0232,Software that reached end-of-life has been removed from our devices.,False
P01384,It is mandatory to remove software reaching its end-of-life from all devices immediately to prevent data security breaches.,1,COMPLIANT,DSPT8_UnsupportedSystems,DSPT,unsupported software removed,llm_paraphrase,S0232,Software that reached end-of-life has been removed from our devices.,False
P01385,All IT staff are required to remove outdated software from our devices to comply with our information management guidelines.,1,COMPLIANT,DSPT8_UnsupportedSystems,DSPT,unsupported software removed,llm_paraphrase,S0232,Software that reached end-of-life has been removed from our devices.,False
P01386,Any software no longer receiving updates is promptly removed from our devices to maintain data integrity.,1,COMPLIANT,DSPT8_UnsupportedSystems,DSPT,unsupported software removed,llm_paraphrase,S0232,Software that reached end-of-life has been removed from our devices.,False
P01387,Our IT policy stipulates that all software reaching its end-of-life must be swiftly removed from our devices to prevent IT security incidents.,1,COMPLIANT,DSPT8_UnsupportedSystems,DSPT,unsupported software removed,llm_paraphrase,S0232,Software that reached end-of-life has been removed from our devices.,False
P01388,It is essential that all IT staff adhere to our policy of removing software reaching its end-of-life from our devices to safeguard our data.,1,COMPLIANT,DSPT8_UnsupportedSystems,DSPT,unsupported software removed,llm_paraphrase,S0232,Software that reached end-of-life has been removed from our devices.,False
P01389,"The care home's operating system is no longer supported by its supplier, leaving it vulnerable to security threats.",0,NON_COMPLIANT,DSPT8_UnsupportedSystems,DSPT,unsupported OS/software/browsers in use,llm_paraphrase,S0233,The home uses an operating system that no longer receives security updates.,False
P01390,"Operating system updates are no longer being received by our system, compromising its security.",0,NON_COMPLIANT,DSPT8_UnsupportedSystems,DSPT,unsupported OS/software/browsers in use,llm_paraphrase,S0233,The home uses an operating system that no longer receives security updates.,False
P01391,"As our operating system is no longer receiving updates, it presents a significant security risk.",0,NON_COMPLIANT,DSPT8_UnsupportedSystems,DSPT,unsupported OS/software/browsers in use,llm_paraphrase,S0233,The home uses an operating system that no longer receives security updates.,False
P01392,"We are no longer receiving security updates for our operating system, putting it at risk of being compromised.",0,NON_COMPLIANT,DSPT8_UnsupportedSystems,DSPT,unsupported OS/software/browsers in use,llm_paraphrase,S0233,The home uses an operating system that no longer receives security updates.,False
P01393,"The home's operating system is no longer receiving security patches, making it susceptible to vulnerabilities.",0,NON_COMPLIANT,DSPT8_UnsupportedSystems,DSPT,unsupported OS/software/browsers in use,llm_paraphrase,S0233,The home uses an operating system that no longer receives security updates.,False
P01394,"Due to the end of support for our operating system, we are no longer receiving security updates, which puts our data at risk.",0,NON_COMPLIANT,DSPT8_UnsupportedSystems,DSPT,unsupported OS/software/browsers in use,llm_paraphrase,S0233,The home uses an operating system that no longer receives security updates.,False
P01395,"An unsupported web browser is being used to access the care system, in breach of our policy.",0,NON_COMPLIANT,DSPT8_UnsupportedSystems,DSPT,unsupported OS/software/browsers in use,llm_paraphrase,S0234,An unsupported web browser is still used to access the care system.,False
P01396,Using an unsupported web browser to access the care system is not in line with our policy.,0,NON_COMPLIANT,DSPT8_UnsupportedSystems,DSPT,unsupported OS/software/browsers in use,llm_paraphrase,S0234,An unsupported web browser is still used to access the care system.,False
P01397,"The care system is being accessed using an unsupported web browser, which is against our rules.",0,NON_COMPLIANT,DSPT8_UnsupportedSystems,DSPT,unsupported OS/software/browsers in use,llm_paraphrase,S0234,An unsupported web browser is still used to access the care system.,False
P01398,It is unacceptable that an unsupported web browser is still used to access the care system.,0,NON_COMPLIANT,DSPT8_UnsupportedSystems,DSPT,unsupported OS/software/browsers in use,llm_paraphrase,S0234,An unsupported web browser is still used to access the care system.,False
P01399,Our policy prohibits the use of unsupported web browsers to access the care system.,0,NON_COMPLIANT,DSPT8_UnsupportedSystems,DSPT,unsupported OS/software/browsers in use,llm_paraphrase,S0234,An unsupported web browser is still used to access the care system.,False
P01400,The use of an unsupported web browser to access the care system is not compliant with our policy.,0,NON_COMPLIANT,DSPT8_UnsupportedSystems,DSPT,unsupported OS/software/browsers in use,llm_paraphrase,S0234,An unsupported web browser is still used to access the care system.,False
P01401,Old software continues to be used daily without risk assessment being undertaken.,0,NON_COMPLIANT,DSPT8_UnsupportedSystems,DSPT,legacy systems used with no mitigation,llm_paraphrase,S0235,Old software remains in daily use with no assessment of the risk.,False
P01402,Compliance with software update procedures is currently not being met.,0,NON_COMPLIANT,DSPT8_UnsupportedSystems,DSPT,legacy systems used with no mitigation,llm_paraphrase,S0235,Old software remains in daily use with no assessment of the risk.,False
P01403,Daily software usage occurs without risk assessment being conducted on the current system.,0,NON_COMPLIANT,DSPT8_UnsupportedSystems,DSPT,legacy systems used with no mitigation,llm_paraphrase,S0235,Old software remains in daily use with no assessment of the risk.,False
P01404,No risk assessment is being performed on the outdated software in daily use.,0,NON_COMPLIANT,DSPT8_UnsupportedSystems,DSPT,legacy systems used with no mitigation,llm_paraphrase,S0235,Old software remains in daily use with no assessment of the risk.,False
P01405,Failure to assess risk exists in the continued use of old software on a daily basis.,0,NON_COMPLIANT,DSPT8_UnsupportedSystems,DSPT,legacy systems used with no mitigation,llm_paraphrase,S0235,Old software remains in daily use with no assessment of the risk.,False
P01406,Outdated software is being used daily without the required risk assessment having been undertaken.,0,NON_COMPLIANT,DSPT8_UnsupportedSystems,DSPT,legacy systems used with no mitigation,llm_paraphrase,S0235,Old software remains in daily use with no assessment of the risk.,False
P01407,"The legacy rota system is no longer supported, and it remains connected to the main network.",0,NON_COMPLIANT,DSPT8_UnsupportedSystems,DSPT,legacy systems used with no mitigation,llm_paraphrase,S0236,The legacy rota system is out of support and connected to the main network.,False
P01408,"The rota system, inherited from legacy systems, is currently unsupported and still connected to the main network.",0,NON_COMPLIANT,DSPT8_UnsupportedSystems,DSPT,legacy systems used with no mitigation,llm_paraphrase,S0236,The legacy rota system is out of support and connected to the main network.,False
P01409,All care homes must ensure the rota system is no longer connected to the main network.,0,NON_COMPLIANT,DSPT8_UnsupportedSystems,DSPT,legacy systems used with no mitigation,llm_paraphrase,S0236,The legacy rota system is out of support and connected to the main network.,False
P01410,"The rota system, as part of our legacy system, is no longer supported and connected to the main network.",0,NON_COMPLIANT,DSPT8_UnsupportedSystems,DSPT,legacy systems used with no mitigation,llm_paraphrase,S0236,The legacy rota system is out of support and connected to the main network.,False
P01411,"Connecting the legacy rota system to the main network is not permitted, as it is no longer supported.",0,NON_COMPLIANT,DSPT8_UnsupportedSystems,DSPT,legacy systems used with no mitigation,llm_paraphrase,S0236,The legacy rota system is out of support and connected to the main network.,False
P01412,It is mandatory that the rota system is not connected to the main network as it is no longer supported.,0,NON_COMPLIANT,DSPT8_UnsupportedSystems,DSPT,legacy systems used with no mitigation,llm_paraphrase,S0236,The legacy rota system is out of support and connected to the main network.,False
P01413,Obsolete software has been retained due to replacement inconvenience.,0,NON_COMPLIANT,DSPT8_UnsupportedSystems,DSPT,obsolete software knowingly retained,llm_paraphrase,S0237,Obsolete software has been kept because replacing it would be inconvenient.,False
P01414,Non-compliance noted: outdated software kept despite replacement challenges.,0,NON_COMPLIANT,DSPT8_UnsupportedSystems,DSPT,obsolete software knowingly retained,llm_paraphrase,S0237,Obsolete software has been kept because replacing it would be inconvenient.,False
P01415,Inadequate software replacement procedure identified: software not updated despite difficulty.,0,NON_COMPLIANT,DSPT8_UnsupportedSystems,DSPT,obsolete software knowingly retained,llm_paraphrase,S0237,Obsolete software has been kept because replacing it would be inconvenient.,False
P01416,Software update procedure falls short: keeping outdated software contrary to policy.,0,NON_COMPLIANT,DSPT8_UnsupportedSystems,DSPT,obsolete software knowingly retained,llm_paraphrase,S0237,Obsolete software has been kept because replacing it would be inconvenient.,False
P01417,Compliance breached: software not updated despite inconvenience of replacement.,0,NON_COMPLIANT,DSPT8_UnsupportedSystems,DSPT,obsolete software knowingly retained,llm_paraphrase,S0237,Obsolete software has been kept because replacing it would be inconvenient.,False
P01418,Outdated software retained in non-compliant breach of update procedure due to replacement complications.,0,NON_COMPLIANT,DSPT8_UnsupportedSystems,DSPT,obsolete software knowingly retained,llm_paraphrase,S0237,Obsolete software has been kept because replacing it would be inconvenient.,False
P01419,Personal data is encrypted both when stored and when sent externally as a mandatory security measure.,1,COMPLIANT,DSPT9_ITProtection,DSPT,data encrypted at rest and/or in transit,llm_paraphrase,S0238,Personal data is encrypted both when stored and when sent externally.,False
P01420,The encryption of personal data is obligatory both during storage and during external transmission.,1,COMPLIANT,DSPT9_ITProtection,DSPT,data encrypted at rest and/or in transit,llm_paraphrase,S0238,Personal data is encrypted both when stored and when sent externally.,False
P01421,It is mandatory to encrypt personal data both during storage and when sent externally for security purposes.,1,COMPLIANT,DSPT9_ITProtection,DSPT,data encrypted at rest and/or in transit,llm_paraphrase,S0238,Personal data is encrypted both when stored and when sent externally.,False
P01422,Encryption of personal data is compulsory when stored and during external transmissions to prevent unauthorised access.,1,COMPLIANT,DSPT9_ITProtection,DSPT,data encrypted at rest and/or in transit,llm_paraphrase,S0238,Personal data is encrypted both when stored and when sent externally.,False
P01423,Personal data must be encrypted both in storage and when transmitted externally to adhere to data protection regulations.,1,COMPLIANT,DSPT9_ITProtection,DSPT,data encrypted at rest and/or in transit,llm_paraphrase,S0238,Personal data is encrypted both when stored and when sent externally.,False
P01424,Encryption of personal data is a mandatory requirement both during storage and when data is sent externally for security reasons.,1,COMPLIANT,DSPT9_ITProtection,DSPT,data encrypted at rest and/or in transit,llm_paraphrase,S0238,Personal data is encrypted both when stored and when sent externally.,False
P01425,All devices must be encrypted to prevent loss-related data breaches.,1,COMPLIANT,DSPT9_ITProtection,DSPT,data encrypted at rest and/or in transit,llm_paraphrase,S0239,All laptops are encrypted so data is protected if a device is lost.,False
P01426,Data protection is assured when all staff laptops are set to encryption.,1,COMPLIANT,DSPT9_ITProtection,DSPT,data encrypted at rest and/or in transit,llm_paraphrase,S0239,All laptops are encrypted so data is protected if a device is lost.,False
P01427,The use of encryption for all devices ensures that data remains secure in the event of loss.,1,COMPLIANT,DSPT9_ITProtection,DSPT,data encrypted at rest and/or in transit,llm_paraphrase,S0239,All laptops are encrypted so data is protected if a device is lost.,False
P01428,It is mandatory for all staff laptops to be encrypted to safeguard data.,1,COMPLIANT,DSPT9_ITProtection,DSPT,data encrypted at rest and/or in transit,llm_paraphrase,S0239,All laptops are encrypted so data is protected if a device is lost.,False
P01429,Encryption must be applied to all laptops to prevent unauthorised access following loss or theft.,1,COMPLIANT,DSPT9_ITProtection,DSPT,data encrypted at rest and/or in transit,llm_paraphrase,S0239,All laptops are encrypted so data is protected if a device is lost.,False
P01430,All laptops must be encrypted to maintain data confidentiality in the unlikely event of device loss.,1,COMPLIANT,DSPT9_ITProtection,DSPT,data encrypted at rest and/or in transit,llm_paraphrase,S0239,All laptops are encrypted so data is protected if a device is lost.,False
P01431,All care information transmitted to the GP is encrypted during transmission.,1,COMPLIANT,DSPT9_ITProtection,DSPT,data encrypted at rest and/or in transit,llm_paraphrase,S0240,Care information sent to the GP is encrypted in transit.,False
P01432,Data transmitted to the GP must be encrypted in transit.,1,COMPLIANT,DSPT9_ITProtection,DSPT,data encrypted at rest and/or in transit,llm_paraphrase,S0240,Care information sent to the GP is encrypted in transit.,False
P01433,The care information sent to the GP must be encrypted to ensure confidentiality.,1,COMPLIANT,DSPT9_ITProtection,DSPT,data encrypted at rest and/or in transit,llm_paraphrase,S0240,Care information sent to the GP is encrypted in transit.,False
P01434,It is mandatory to encrypt care information sent to the GP in transit.,1,COMPLIANT,DSPT9_ITProtection,DSPT,data encrypted at rest and/or in transit,llm_paraphrase,S0240,Care information sent to the GP is encrypted in transit.,False
P01435,Properly encrypted care information must be sent to the GP.,1,COMPLIANT,DSPT9_ITProtection,DSPT,data encrypted at rest and/or in transit,llm_paraphrase,S0240,Care information sent to the GP is encrypted in transit.,False
P01436,All care information sent to the GP must be encrypted when transmitted.,1,COMPLIANT,DSPT9_ITProtection,DSPT,data encrypted at rest and/or in transit,llm_paraphrase,S0240,Care information sent to the GP is encrypted in transit.,False
P01437,Our cyber security strategy adheres to a validated framework.,1,COMPLIANT,DSPT9_ITProtection,DSPT,a cyber security strategy based on a proven framework,llm_paraphrase,S0241,We have a cyber security strategy based on a recognised framework.,False
P01438,The framework underpins our cyber security strategy.,1,COMPLIANT,DSPT9_ITProtection,DSPT,a cyber security strategy based on a proven framework,llm_paraphrase,S0241,We have a cyber security strategy based on a recognised framework.,False
P01439,Our cyber security strategy is informed by a recognised framework.,1,COMPLIANT,DSPT9_ITProtection,DSPT,a cyber security strategy based on a proven framework,llm_paraphrase,S0241,We have a cyber security strategy based on a recognised framework.,False
P01440,The recognised framework sets the basis for our cyber security strategy.,1,COMPLIANT,DSPT9_ITProtection,DSPT,a cyber security strategy based on a proven framework,llm_paraphrase,S0241,We have a cyber security strategy based on a recognised framework.,False
P01441,Our cyber security strategy is based on a validated framework.,1,COMPLIANT,DSPT9_ITProtection,DSPT,a cyber security strategy based on a proven framework,llm_paraphrase,S0241,We have a cyber security strategy based on a recognised framework.,False
P01442,The framework provides the foundation for our cyber security strategy.,1,COMPLIANT,DSPT9_ITProtection,DSPT,a cyber security strategy based on a proven framework,llm_paraphrase,S0241,We have a cyber security strategy based on a recognised framework.,False
P01443,Our IT systems are protected in line with the UK Government's Cyber Essentials framework guidelines.,1,COMPLIANT,DSPT9_ITProtection,DSPT,Cyber Essentials (or equivalent) in place,llm_paraphrase,S0242,Our approach to protecting IT systems follows the Cyber Essentials framework.,False
P01444,We adhere to the Cyber Essentials framework to ensure our IT systems are secure.,1,COMPLIANT,DSPT9_ITProtection,DSPT,Cyber Essentials (or equivalent) in place,llm_paraphrase,S0242,Our approach to protecting IT systems follows the Cyber Essentials framework.,False
P01445,The Cyber Essentials framework is the basis for our IT system protection policies.,1,COMPLIANT,DSPT9_ITProtection,DSPT,Cyber Essentials (or equivalent) in place,llm_paraphrase,S0242,Our approach to protecting IT systems follows the Cyber Essentials framework.,False
P01446,Our IT systems must be managed in accordance with the Cyber Essentials framework.,1,COMPLIANT,DSPT9_ITProtection,DSPT,Cyber Essentials (or equivalent) in place,llm_paraphrase,S0242,Our approach to protecting IT systems follows the Cyber Essentials framework.,False
P01447,The Cyber Essentials framework is the governing framework for our IT system protection.,1,COMPLIANT,DSPT9_ITProtection,DSPT,Cyber Essentials (or equivalent) in place,llm_paraphrase,S0242,Our approach to protecting IT systems follows the Cyber Essentials framework.,False
P01448,We are required to follow the Cyber Essentials framework for the protection of our IT systems.,1,COMPLIANT,DSPT9_ITProtection,DSPT,Cyber Essentials (or equivalent) in place,llm_paraphrase,S0242,Our approach to protecting IT systems follows the Cyber Essentials framework.,False
P01449,The home must hold current Cyber Essentials certification at all times.,1,COMPLIANT,DSPT9_ITProtection,DSPT,Cyber Essentials (or equivalent) in place,llm_paraphrase,S0243,The home holds current Cyber Essentials certification.,False
P01450,All staff must ensure current Cyber Essentials certification is in place.,1,COMPLIANT,DSPT9_ITProtection,DSPT,Cyber Essentials (or equivalent) in place,llm_paraphrase,S0243,The home holds current Cyber Essentials certification.,False
P01451,Cyber Essentials certification is a mandatory requirement for the home.,1,COMPLIANT,DSPT9_ITProtection,DSPT,Cyber Essentials (or equivalent) in place,llm_paraphrase,S0243,The home holds current Cyber Essentials certification.,False
P01452,Staff are responsible for maintaining current Cyber Essentials certification.,1,COMPLIANT,DSPT9_ITProtection,DSPT,Cyber Essentials (or equivalent) in place,llm_paraphrase,S0243,The home holds current Cyber Essentials certification.,False
P01453,The home's IT system must meet current Cyber Essentials standards.,1,COMPLIANT,DSPT9_ITProtection,DSPT,Cyber Essentials (or equivalent) in place,llm_paraphrase,S0243,The home holds current Cyber Essentials certification.,False
P01454,Current Cyber Essentials certification is a regulatory necessity for the care home.,1,COMPLIANT,DSPT9_ITProtection,DSPT,Cyber Essentials (or equivalent) in place,llm_paraphrase,S0243,The home holds current Cyber Essentials certification.,False
P01455,"We successfully submitted our Data Security and Protection Toolkit, meeting the required standards.",1,COMPLIANT,DSPT9_ITProtection,DSPT,DSPT submitted / standards met,llm_paraphrase,S0244,We submitted our Data Security and Protection Toolkit and met the standards.,False
P01456,The submission of our Data Security and Protection Toolkit was deemed compliant with the necessary standards.,1,COMPLIANT,DSPT9_ITProtection,DSPT,DSPT submitted / standards met,llm_paraphrase,S0244,We submitted our Data Security and Protection Toolkit and met the standards.,False
P01457,Our Data Security and Protection Toolkit was submitted and found to meet the required standards.,1,COMPLIANT,DSPT9_ITProtection,DSPT,DSPT submitted / standards met,llm_paraphrase,S0244,We submitted our Data Security and Protection Toolkit and met the standards.,False
P01458,We have submitted our Data Security and Protection Toolkit and it has been confirmed as meeting the specified standards.,1,COMPLIANT,DSPT9_ITProtection,DSPT,DSPT submitted / standards met,llm_paraphrase,S0244,We submitted our Data Security and Protection Toolkit and met the standards.,False
P01459,"Our Data Security and Protection Toolkit was submitted and validated against the required standards, resulting in a compliant outcome.",1,COMPLIANT,DSPT9_ITProtection,DSPT,DSPT submitted / standards met,llm_paraphrase,S0244,We submitted our Data Security and Protection Toolkit and met the standards.,False
P01460,Our submission of the Data Security and Protection Toolkit was confirmed as compliant with the specified standards.,1,COMPLIANT,DSPT9_ITProtection,DSPT,DSPT submitted / standards met,llm_paraphrase,S0244,We submitted our Data Security and Protection Toolkit and met the standards.,False
P01461,The DSPT assessment was completed on time as stipulated in the policy.,1,COMPLIANT,DSPT9_ITProtection,DSPT,DSPT submitted / standards met,llm_paraphrase,S0245,The DSPT assessment was completed and published before the deadline.,False
P01462,All DSPT assessments were completed and published within the required timeframe.,1,COMPLIANT,DSPT9_ITProtection,DSPT,DSPT submitted / standards met,llm_paraphrase,S0245,The DSPT assessment was completed and published before the deadline.,False
P01463,DSPT assessments were completed and published in accordance with the approved schedule.,1,COMPLIANT,DSPT9_ITProtection,DSPT,DSPT submitted / standards met,llm_paraphrase,S0245,The DSPT assessment was completed and published before the deadline.,False
P01464,"The DSPT assessment was completed before the deadline, as outlined in the care home's policies.",1,COMPLIANT,DSPT9_ITProtection,DSPT,DSPT submitted / standards met,llm_paraphrase,S0245,The DSPT assessment was completed and published before the deadline.,False
P01465,Compliance with the DSPT assessment deadline was maintained throughout the assessment process.,1,COMPLIANT,DSPT9_ITProtection,DSPT,DSPT submitted / standards met,llm_paraphrase,S0245,The DSPT assessment was completed and published before the deadline.,False
P01466,All published DSPT assessments were completed and published ahead of the scheduled deadline.,1,COMPLIANT,DSPT9_ITProtection,DSPT,DSPT submitted / standards met,llm_paraphrase,S0245,The DSPT assessment was completed and published before the deadline.,False
P01467,Our IT security measures are regularly assessed annually,1,COMPLIANT,DSPT9_ITProtection,DSPT,IT protections reviewed annually,llm_paraphrase,S0246,Our IT protections are reviewed at least once a year.,False
P01468,The review of our IT controls is a mandatory biennial process,1,COMPLIANT,DSPT9_ITProtection,DSPT,IT protections reviewed annually,llm_paraphrase,S0246,Our IT protections are reviewed at least once a year.,False
P01469,"As part of our compliance cycle, we conduct a yearly review of our IT protections",1,COMPLIANT,DSPT9_ITProtection,DSPT,IT protections reviewed annually,llm_paraphrase,S0246,Our IT protections are reviewed at least once a year.,False
P01470,"Our IT security protocols are reviewed at least once a year, in accordance with regulatory requirements",1,COMPLIANT,DSPT9_ITProtection,DSPT,IT protections reviewed annually,llm_paraphrase,S0246,Our IT protections are reviewed at least once a year.,False
P01471,"In line with industry best practice, we review our IT systems annually to ensure ongoing compliance",1,COMPLIANT,DSPT9_ITProtection,DSPT,IT protections reviewed annually,llm_paraphrase,S0246,Our IT protections are reviewed at least once a year.,False
P01472,"Our IT protection policies are subject to a minimum annual review and assessment, to ensure ongoing security",1,COMPLIANT,DSPT9_ITProtection,DSPT,IT protections reviewed annually,llm_paraphrase,S0246,Our IT protections are reviewed at least once a year.,False
P01473,Resident data is stored on USB sticks that are not encrypted in accordance with organisational policy.,0,NON_COMPLIANT,DSPT9_ITProtection,DSPT,sensitive data unencrypted,llm_paraphrase,S0247,Resident data is stored on USB sticks that are not encrypted.,False
P01474,The storage of resident data on USB sticks without adequate encryption is a critical control failure.,0,NON_COMPLIANT,DSPT9_ITProtection,DSPT,sensitive data unencrypted,llm_paraphrase,S0247,Resident data is stored on USB sticks that are not encrypted.,False
P01475,Resident data on USB sticks is not encrypted as required by policy and regulatory guidelines.,0,NON_COMPLIANT,DSPT9_ITProtection,DSPT,sensitive data unencrypted,llm_paraphrase,S0247,Resident data is stored on USB sticks that are not encrypted.,False
P01476,The storage of resident data on USB sticks without encryption falls short of the required standards.,0,NON_COMPLIANT,DSPT9_ITProtection,DSPT,sensitive data unencrypted,llm_paraphrase,S0247,Resident data is stored on USB sticks that are not encrypted.,False
P01477,"Resident data on USB sticks is not encrypted, contravening our policy and statutory obligations.",0,NON_COMPLIANT,DSPT9_ITProtection,DSPT,sensitive data unencrypted,llm_paraphrase,S0247,Resident data is stored on USB sticks that are not encrypted.,False
P01478,The failure to encrypt resident data on USB sticks constitutes a material compliance breach of our organisational policy.,0,NON_COMPLIANT,DSPT9_ITProtection,DSPT,sensitive data unencrypted,llm_paraphrase,S0247,Resident data is stored on USB sticks that are not encrypted.,False
P01479,"Care records are emailed without encryption, contravening data protection regulations.",0,NON_COMPLIANT,DSPT9_ITProtection,DSPT,sensitive data unencrypted,llm_paraphrase,S0248,Care records are emailed without any encryption.,False
P01480,Failure to encrypt care records emailed poses a significant data protection risk.,0,NON_COMPLIANT,DSPT9_ITProtection,DSPT,sensitive data unencrypted,llm_paraphrase,S0248,Care records are emailed without any encryption.,False
P01481,E-mailing care records without encryption breaches data protection guidelines.,0,NON_COMPLIANT,DSPT9_ITProtection,DSPT,sensitive data unencrypted,llm_paraphrase,S0248,Care records are emailed without any encryption.,False
P01482,The unencrypted email of care records breaches data protection legislation.,0,NON_COMPLIANT,DSPT9_ITProtection,DSPT,sensitive data unencrypted,llm_paraphrase,S0248,Care records are emailed without any encryption.,False
P01483,E-mailing care records without encryption is a serious contravention of data protection rules.,0,NON_COMPLIANT,DSPT9_ITProtection,DSPT,sensitive data unencrypted,llm_paraphrase,S0248,Care records are emailed without any encryption.,False
P01484,Care records emailed without encryption constitute a breach of data protection regulations.,0,NON_COMPLIANT,DSPT9_ITProtection,DSPT,sensitive data unencrypted,llm_paraphrase,S0248,Care records are emailed without any encryption.,False
P01485,Personal devices containing sensitive information are not protected by encryption.,0,NON_COMPLIANT,DSPT9_ITProtection,DSPT,sensitive data unencrypted,llm_paraphrase,S0249,Laptops holding personal data are not encrypted.,False
P01486,Encryption is not applied to laptops holding personal data.,0,NON_COMPLIANT,DSPT9_ITProtection,DSPT,sensitive data unencrypted,llm_paraphrase,S0249,Laptops holding personal data are not encrypted.,False
P01487,Laptops storing personal data are not compliant with encryption requirements.,0,NON_COMPLIANT,DSPT9_ITProtection,DSPT,sensitive data unencrypted,llm_paraphrase,S0249,Laptops holding personal data are not encrypted.,False
P01488,Personal data stored on laptops is not encrypted as per policy.,0,NON_COMPLIANT,DSPT9_ITProtection,DSPT,sensitive data unencrypted,llm_paraphrase,S0249,Laptops holding personal data are not encrypted.,False
P01489,Laptops used to handle personal data are not configured to encrypt data.,0,NON_COMPLIANT,DSPT9_ITProtection,DSPT,sensitive data unencrypted,llm_paraphrase,S0249,Laptops holding personal data are not encrypted.,False
P01490,Personal data on laptops is not encrypted as mandated by data protection regulations.,0,NON_COMPLIANT,DSPT9_ITProtection,DSPT,sensitive data unencrypted,llm_paraphrase,S0249,Laptops holding personal data are not encrypted.,False
P01491,Our IT systems are not equipped with a comprehensive cybersecurity strategy to prevent cyber threats.,0,NON_COMPLIANT,DSPT9_ITProtection,DSPT,no cyber security strategy,llm_paraphrase,S0250,There is no strategy for protecting our IT systems from cyber threats.,False
P01492,We do not have a formal plan in place to safeguard our IT systems from cyber-attacks.,0,NON_COMPLIANT,DSPT9_ITProtection,DSPT,no cyber security strategy,llm_paraphrase,S0250,There is no strategy for protecting our IT systems from cyber threats.,False
P01493,"Cyber threat protection is not a priority for our IT systems, with no formal strategy in place.",0,NON_COMPLIANT,DSPT9_ITProtection,DSPT,no cyber security strategy,llm_paraphrase,S0250,There is no strategy for protecting our IT systems from cyber threats.,False
P01494,"Our IT systems are not currently protected by a robust cybersecurity strategy, leaving them vulnerable to cyber threats.",0,NON_COMPLIANT,DSPT9_ITProtection,DSPT,no cyber security strategy,llm_paraphrase,S0250,There is no strategy for protecting our IT systems from cyber threats.,False
P01495,"We have failed to establish a suitable cybersecurity framework for our IT systems, exposing them to cyber threats.",0,NON_COMPLIANT,DSPT9_ITProtection,DSPT,no cyber security strategy,llm_paraphrase,S0250,There is no strategy for protecting our IT systems from cyber threats.,False
P01496,"There is no formal strategy in place to protect our IT systems from cyber-attacks, compromising our security posture.",0,NON_COMPLIANT,DSPT9_ITProtection,DSPT,no cyber security strategy,llm_paraphrase,S0250,There is no strategy for protecting our IT systems from cyber threats.,False
P01497,We are not compliant with any internationally recognised cyber security framework.,0,NON_COMPLIANT,DSPT9_ITProtection,DSPT,no recognised framework followed,llm_paraphrase,S0251,We do not follow any recognised cyber security framework.,False
P01498,Non-compliance with a standard framework exists.,0,NON_COMPLIANT,DSPT9_ITProtection,DSPT,no recognised framework followed,llm_paraphrase,S0251,We do not follow any recognised cyber security framework.,False
P01499,A widely adopted cyber security framework is not used.,0,NON_COMPLIANT,DSPT9_ITProtection,DSPT,no recognised framework followed,llm_paraphrase,S0251,We do not follow any recognised cyber security framework.,False
P01500,The organisation does not adhere to a widely accepted security standard.,0,NON_COMPLIANT,DSPT9_ITProtection,DSPT,no recognised framework followed,llm_paraphrase,S0251,We do not follow any recognised cyber security framework.,False
P01501,No recognised cyber security framework is followed.,0,NON_COMPLIANT,DSPT9_ITProtection,DSPT,no recognised framework followed,llm_paraphrase,S0251,We do not follow any recognised cyber security framework.,False
P01502,A major cyber security framework is not employed.,0,NON_COMPLIANT,DSPT9_ITProtection,DSPT,no recognised framework followed,llm_paraphrase,S0251,We do not follow any recognised cyber security framework.,False
P01503,The Data Security and Protection Toolkit remains outstanding,0,NON_COMPLIANT,DSPT9_ITProtection,DSPT,DSPT not submitted / standards not met,llm_paraphrase,S0252,The home has not completed its Data Security and Protection Toolkit this year.,False
P01504,The home has not completed the required Data Security and Protection Toolkit,0,NON_COMPLIANT,DSPT9_ITProtection,DSPT,DSPT not submitted / standards not met,llm_paraphrase,S0252,The home has not completed its Data Security and Protection Toolkit this year.,False
P01505,We are not compliant with the Data Security and Protection Toolkit,0,NON_COMPLIANT,DSPT9_ITProtection,DSPT,DSPT not submitted / standards not met,llm_paraphrase,S0252,The home has not completed its Data Security and Protection Toolkit this year.,False
P01506,The Data Security and Protection Toolkit has not been fully implemented,0,NON_COMPLIANT,DSPT9_ITProtection,DSPT,DSPT not submitted / standards not met,llm_paraphrase,S0252,The home has not completed its Data Security and Protection Toolkit this year.,False
P01507,Inspection found the Data Security and Protection Toolkit to be incomplete,0,NON_COMPLIANT,DSPT9_ITProtection,DSPT,DSPT not submitted / standards not met,llm_paraphrase,S0252,The home has not completed its Data Security and Protection Toolkit this year.,False
P01508,The Data Security and Protection Toolkit is still outstanding from the current inspection,0,NON_COMPLIANT,DSPT9_ITProtection,DSPT,DSPT not submitted / standards not met,llm_paraphrase,S0252,The home has not completed its Data Security and Protection Toolkit this year.,False
P01509,Our last DSPT submission fell short of the required standards.,0,NON_COMPLIANT,DSPT9_ITProtection,DSPT,DSPT not submitted / standards not met,llm_paraphrase,S0253,Our last DSPT submission did not meet the required standards.,False
P01510,The latest DSPT submission did not meet the expected requirements.,0,NON_COMPLIANT,DSPT9_ITProtection,DSPT,DSPT not submitted / standards not met,llm_paraphrase,S0253,Our last DSPT submission did not meet the required standards.,False
P01511,The DSPT submission we submitted recently did not meet the required standards.,0,NON_COMPLIANT,DSPT9_ITProtection,DSPT,DSPT not submitted / standards not met,llm_paraphrase,S0253,Our last DSPT submission did not meet the required standards.,False
P01512,We failed to meet the standards in our last DSPT submission.,0,NON_COMPLIANT,DSPT9_ITProtection,DSPT,DSPT not submitted / standards not met,llm_paraphrase,S0253,Our last DSPT submission did not meet the required standards.,False
P01513,Our DSPT submission for the latest reporting period did not meet the expected standards.,0,NON_COMPLIANT,DSPT9_ITProtection,DSPT,DSPT not submitted / standards not met,llm_paraphrase,S0253,Our last DSPT submission did not meet the required standards.,False
P01514,The submitted DSPT report did not meet the required standards for compliance.,0,NON_COMPLIANT,DSPT9_ITProtection,DSPT,DSPT not submitted / standards not met,llm_paraphrase,S0253,Our last DSPT submission did not meet the required standards.,False
P01515,IT security arrangements have not been updated for several years,0,NON_COMPLIANT,DSPT9_ITProtection,DSPT,protections never reviewed,llm_paraphrase,S0254,IT security arrangements have not been reviewed for several years.,False
P01516,Our security protocols have not been reviewed since 20XX,0,NON_COMPLIANT,DSPT9_ITProtection,DSPT,protections never reviewed,llm_paraphrase,S0254,IT security arrangements have not been reviewed for several years.,False
P01517,IT security checks have not been carried out for several years now,0,NON_COMPLIANT,DSPT9_ITProtection,DSPT,protections never reviewed,llm_paraphrase,S0254,IT security arrangements have not been reviewed for several years.,False
P01518,Security reviews are overdue and have not taken place for a considerable period,0,NON_COMPLIANT,DSPT9_ITProtection,DSPT,protections never reviewed,llm_paraphrase,S0254,IT security arrangements have not been reviewed for several years.,False
P01519,We are in breach of our IT security policy due to lack of recent review,0,NON_COMPLIANT,DSPT9_ITProtection,DSPT,protections never reviewed,llm_paraphrase,S0254,IT security arrangements have not been reviewed for several years.,False
P01520,Our IT security arrangements remain unreviewed and are no longer compliant with the latest guidelines,0,NON_COMPLIANT,DSPT9_ITProtection,DSPT,protections never reviewed,llm_paraphrase,S0254,IT security arrangements have not been reviewed for several years.,False
P01521,Data processing agreements are in place with all IT suppliers,1,COMPLIANT,DSPT10_Suppliers,DSPT,data processing agreements in place with suppliers,llm_paraphrase,S0255,Data processing agreements are in place with all our IT suppliers.,False
P01522,All IT suppliers have been assigned data processing agreements,1,COMPLIANT,DSPT10_Suppliers,DSPT,data processing agreements in place with suppliers,llm_paraphrase,S0255,Data processing agreements are in place with all our IT suppliers.,False
P01523,Supplier data processing agreements are mandatory and current,1,COMPLIANT,DSPT10_Suppliers,DSPT,data processing agreements in place with suppliers,llm_paraphrase,S0255,Data processing agreements are in place with all our IT suppliers.,False
P01524,Our IT suppliers are contractually bound by data processing agreements,1,COMPLIANT,DSPT10_Suppliers,DSPT,data processing agreements in place with suppliers,llm_paraphrase,S0255,Data processing agreements are in place with all our IT suppliers.,False
P01525,Data processing agreements are a contractual requirement for all IT suppliers,1,COMPLIANT,DSPT10_Suppliers,DSPT,data processing agreements in place with suppliers,llm_paraphrase,S0255,Data processing agreements are in place with all our IT suppliers.,False
P01526,All IT suppliers have a live data processing agreement in place,1,COMPLIANT,DSPT10_Suppliers,DSPT,data processing agreements in place with suppliers,llm_paraphrase,S0255,Data processing agreements are in place with all our IT suppliers.,False
P01527,All care home suppliers must formally confirm they have signed a processing agreement for resident data,1,COMPLIANT,DSPT10_Suppliers,DSPT,data processing agreements in place with suppliers,llm_paraphrase,S0256,Every supplier handling resident data has signed a processing agreement.,False
P01528,Resident data handling suppliers must sign a processing agreement prior to data use,1,COMPLIANT,DSPT10_Suppliers,DSPT,data processing agreements in place with suppliers,llm_paraphrase,S0256,Every supplier handling resident data has signed a processing agreement.,False
P01529,Suppliers accessing resident data are required to sign a processing agreement before commencement,1,COMPLIANT,DSPT10_Suppliers,DSPT,data processing agreements in place with suppliers,llm_paraphrase,S0256,Every supplier handling resident data has signed a processing agreement.,False
P01530,Signing a processing agreement is mandatory for all suppliers handling resident data,1,COMPLIANT,DSPT10_Suppliers,DSPT,data processing agreements in place with suppliers,llm_paraphrase,S0256,Every supplier handling resident data has signed a processing agreement.,False
P01531,Resident data handlers must obtain a signed processing agreement from suppliers before use,1,COMPLIANT,DSPT10_Suppliers,DSPT,data processing agreements in place with suppliers,llm_paraphrase,S0256,Every supplier handling resident data has signed a processing agreement.,False
P01532,Signed processing agreements from suppliers are mandatory for resident data handling,1,COMPLIANT,DSPT10_Suppliers,DSPT,data processing agreements in place with suppliers,llm_paraphrase,S0256,Every supplier handling resident data has signed a processing agreement.,False
P01533,Our contracts stipulate that suppliers must protect personal data during processing.,1,COMPLIANT,DSPT10_Suppliers,DSPT,supplier contracts include data security requirements,llm_paraphrase,S0257,Our contracts require suppliers to protect the personal data they process.,False
P01534,Suppliers are required to safeguard personal data under our contracts.,1,COMPLIANT,DSPT10_Suppliers,DSPT,supplier contracts include data security requirements,llm_paraphrase,S0257,Our contracts require suppliers to protect the personal data they process.,False
P01535,The contracts specify that suppliers must protect personal data they process.,1,COMPLIANT,DSPT10_Suppliers,DSPT,supplier contracts include data security requirements,llm_paraphrase,S0257,Our contracts require suppliers to protect the personal data they process.,False
P01536,Our agreements demand that suppliers ensure the secure processing of personal data.,1,COMPLIANT,DSPT10_Suppliers,DSPT,supplier contracts include data security requirements,llm_paraphrase,S0257,Our contracts require suppliers to protect the personal data they process.,False
P01537,The contracts outline that suppliers are responsible for safeguarding personal data.,1,COMPLIANT,DSPT10_Suppliers,DSPT,supplier contracts include data security requirements,llm_paraphrase,S0257,Our contracts require suppliers to protect the personal data they process.,False
P01538,Suppliers must comply with our contracts to protect personal data during processing.,1,COMPLIANT,DSPT10_Suppliers,DSPT,supplier contracts include data security requirements,llm_paraphrase,S0257,Our contracts require suppliers to protect the personal data they process.,False
P01539,Data security obligations are formally documented in all supplier contracts,1,COMPLIANT,DSPT10_Suppliers,DSPT,supplier contracts include data security requirements,llm_paraphrase,S0258,Data security obligations are written into our supplier contracts.,False
P01540,Supplier contracts explicitly detail our data security obligations,1,COMPLIANT,DSPT10_Suppliers,DSPT,supplier contracts include data security requirements,llm_paraphrase,S0258,Data security obligations are written into our supplier contracts.,False
P01541,Our contracts with suppliers contain explicit clauses for data security,1,COMPLIANT,DSPT10_Suppliers,DSPT,supplier contracts include data security requirements,llm_paraphrase,S0258,Data security obligations are written into our supplier contracts.,False
P01542,Data security obligations are an integral part of all our supplier contracts,1,COMPLIANT,DSPT10_Suppliers,DSPT,supplier contracts include data security requirements,llm_paraphrase,S0258,Data security obligations are written into our supplier contracts.,False
P01543,Supplier contracts are mandated to include data security provisions,1,COMPLIANT,DSPT10_Suppliers,DSPT,supplier contracts include data security requirements,llm_paraphrase,S0258,Data security obligations are written into our supplier contracts.,False
P01544,All supplier contracts are required to adhere to our data security standards,1,COMPLIANT,DSPT10_Suppliers,DSPT,supplier contracts include data security requirements,llm_paraphrase,S0258,Data security obligations are written into our supplier contracts.,False
P01545,Suppliers must comply with the national data security standards as stipulated in their contract,1,COMPLIANT,DSPT10_Suppliers,DSPT,suppliers held accountable for NDG standards,llm_paraphrase,S0259,Suppliers are contractually required to meet the national data security standards.,False
P01546,The data security standards specified in the contract must be met,1,COMPLIANT,DSPT10_Suppliers,DSPT,suppliers held accountable for NDG standards,llm_paraphrase,S0259,Suppliers are contractually required to meet the national data security standards.,False
P01547,Contractual obligations require suppliers to meet national data security standards,1,COMPLIANT,DSPT10_Suppliers,DSPT,suppliers held accountable for NDG standards,llm_paraphrase,S0259,Suppliers are contractually required to meet the national data security standards.,False
P01548,National data security standards must be met as stipulated in the contract,1,COMPLIANT,DSPT10_Suppliers,DSPT,suppliers held accountable for NDG standards,llm_paraphrase,S0259,Suppliers are contractually required to meet the national data security standards.,False
P01549,Suppliers are bound by the national data security standards as outlined in their agreement,1,COMPLIANT,DSPT10_Suppliers,DSPT,suppliers held accountable for NDG standards,llm_paraphrase,S0259,Suppliers are contractually required to meet the national data security standards.,False
P01550,The contract requires suppliers to adhere to the national data security standards,1,COMPLIANT,DSPT10_Suppliers,DSPT,suppliers held accountable for NDG standards,llm_paraphrase,S0259,Suppliers are contractually required to meet the national data security standards.,False
P01551,We verify our care system provider's ongoing DSPT compliance,1,COMPLIANT,DSPT10_Suppliers,DSPT,supplier compliance monitored,llm_paraphrase,S0260,We check that our care system provider maintains its own DSPT compliance.,False
P01552,The provider must maintain DSPT compliance,1,COMPLIANT,DSPT10_Suppliers,DSPT,supplier compliance monitored,llm_paraphrase,S0260,We check that our care system provider maintains its own DSPT compliance.,False
P01553,DSPT compliance is a contractual requirement,1,COMPLIANT,DSPT10_Suppliers,DSPT,supplier compliance monitored,llm_paraphrase,S0260,We check that our care system provider maintains its own DSPT compliance.,False
P01554,Our system provider is responsible for its DSPT compliance,1,COMPLIANT,DSPT10_Suppliers,DSPT,supplier compliance monitored,llm_paraphrase,S0260,We check that our care system provider maintains its own DSPT compliance.,False
P01555,DSPT compliance is a critical provider obligation,1,COMPLIANT,DSPT10_Suppliers,DSPT,supplier compliance monitored,llm_paraphrase,S0260,We check that our care system provider maintains its own DSPT compliance.,False
P01556,Provider is required to maintain DSPT compliance,1,COMPLIANT,DSPT10_Suppliers,DSPT,supplier compliance monitored,llm_paraphrase,S0260,We check that our care system provider maintains its own DSPT compliance.,False
P01557,No data processing agreements have been formally documented with our suppliers,0,NON_COMPLIANT,DSPT10_Suppliers,DSPT,no data processing agreements with suppliers,llm_paraphrase,S0261,No data processing agreements have been signed with our software suppliers.,False
P01558,We do not have a signed data processing agreement with our software providers,0,NON_COMPLIANT,DSPT10_Suppliers,DSPT,no data processing agreements with suppliers,llm_paraphrase,S0261,No data processing agreements have been signed with our software suppliers.,False
P01559,Our software supplier data processing agreements are not yet compliant with organisational requirements,0,NON_COMPLIANT,DSPT10_Suppliers,DSPT,no data processing agreements with suppliers,llm_paraphrase,S0261,No data processing agreements have been signed with our software suppliers.,False
P01560,No data processing agreements have been completed for our software supplier contract,0,NON_COMPLIANT,DSPT10_Suppliers,DSPT,no data processing agreements with suppliers,llm_paraphrase,S0261,No data processing agreements have been signed with our software suppliers.,False
P01561,Our software supplier data processing arrangements do not meet our required documentation protocol,0,NON_COMPLIANT,DSPT10_Suppliers,DSPT,no data processing agreements with suppliers,llm_paraphrase,S0261,No data processing agreements have been signed with our software suppliers.,False
P01562,We lack a signed data processing agreement with our software vendor,0,NON_COMPLIANT,DSPT10_Suppliers,DSPT,no data processing agreements with suppliers,llm_paraphrase,S0261,No data processing agreements have been signed with our software suppliers.,False
P01563,Our IT provider's access to resident data is not compliant with our data protection procedures,0,NON_COMPLIANT,DSPT10_Suppliers,DSPT,no data processing agreements with suppliers,llm_paraphrase,S0262,Our IT provider has access to resident data with no written agreement in place.,False
P01564,No written agreement exists for our IT provider to access resident data,0,NON_COMPLIANT,DSPT10_Suppliers,DSPT,no data processing agreements with suppliers,llm_paraphrase,S0262,Our IT provider has access to resident data with no written agreement in place.,False
P01565,Our IT provider lacks written authorisation to access resident data,0,NON_COMPLIANT,DSPT10_Suppliers,DSPT,no data processing agreements with suppliers,llm_paraphrase,S0262,Our IT provider has access to resident data with no written agreement in place.,False
P01566,Non-compliant access to resident data is granted by our IT provider,0,NON_COMPLIANT,DSPT10_Suppliers,DSPT,no data processing agreements with suppliers,llm_paraphrase,S0262,Our IT provider has access to resident data with no written agreement in place.,False
P01567,Our IT provider has been granted access to resident data without a written agreement,0,NON_COMPLIANT,DSPT10_Suppliers,DSPT,no data processing agreements with suppliers,llm_paraphrase,S0262,Our IT provider has access to resident data with no written agreement in place.,False
P01568,Non-written agreement allows IT provider access to resident data,0,NON_COMPLIANT,DSPT10_Suppliers,DSPT,no data processing agreements with suppliers,llm_paraphrase,S0262,Our IT provider has access to resident data with no written agreement in place.,False
P01569,Supplier contracts do not include a data security clause.,0,NON_COMPLIANT,DSPT10_Suppliers,DSPT,supplier contracts silent on data security,llm_paraphrase,S0263,Supplier contracts do not mention data security at all.,False
P01570,No data security measures are specified in supplier contracts.,0,NON_COMPLIANT,DSPT10_Suppliers,DSPT,supplier contracts silent on data security,llm_paraphrase,S0263,Supplier contracts do not mention data security at all.,False
P01571,Data security provisions are absent from supplier contracts.,0,NON_COMPLIANT,DSPT10_Suppliers,DSPT,supplier contracts silent on data security,llm_paraphrase,S0263,Supplier contracts do not mention data security at all.,False
P01572,Supplier contracts fail to mention data security requirements.,0,NON_COMPLIANT,DSPT10_Suppliers,DSPT,supplier contracts silent on data security,llm_paraphrase,S0263,Supplier contracts do not mention data security at all.,False
P01573,Supplier contracts neglect to include data security protocols.,0,NON_COMPLIANT,DSPT10_Suppliers,DSPT,supplier contracts silent on data security,llm_paraphrase,S0263,Supplier contracts do not mention data security at all.,False
P01574,Data security is not a required element in supplier contracts.,0,NON_COMPLIANT,DSPT10_Suppliers,DSPT,supplier contracts silent on data security,llm_paraphrase,S0263,Supplier contracts do not mention data security at all.,False
P01575,The contract with our care system provider explicitly states no provisions for data protection,0,NON_COMPLIANT,DSPT10_Suppliers,DSPT,supplier contracts silent on data security,llm_paraphrase,S0264,The contract with our care system provider says nothing about protecting data.,False
P01576,No data protection measures are specified in our contract with the care system provider,0,NON_COMPLIANT,DSPT10_Suppliers,DSPT,supplier contracts silent on data security,llm_paraphrase,S0264,The contract with our care system provider says nothing about protecting data.,False
P01577,Our care system provider's contract contains no data protection protocols,0,NON_COMPLIANT,DSPT10_Suppliers,DSPT,supplier contracts silent on data security,llm_paraphrase,S0264,The contract with our care system provider says nothing about protecting data.,False
P01578,The contract with our care system provider does not include provisions for safeguarding personal data,0,NON_COMPLIANT,DSPT10_Suppliers,DSPT,supplier contracts silent on data security,llm_paraphrase,S0264,The contract with our care system provider says nothing about protecting data.,False
P01579,Our agreement with the care system provider does not outline data protection procedures,0,NON_COMPLIANT,DSPT10_Suppliers,DSPT,supplier contracts silent on data security,llm_paraphrase,S0264,The contract with our care system provider says nothing about protecting data.,False
P01580,Our contract with the care system provider explicitly does not contain any data protection clauses,0,NON_COMPLIANT,DSPT10_Suppliers,DSPT,supplier contracts silent on data security,llm_paraphrase,S0264,The contract with our care system provider says nothing about protecting data.,False
P01581,Third-party access to resident records should be subject to a written agreement in place.,0,NON_COMPLIANT,DSPT10_Suppliers,DSPT,suppliers given access with no accountability,llm_paraphrase,S0265,Third parties were given access to resident records without any contract.,False
P01582,Resident records are not shared with third parties without a formal contract.,0,NON_COMPLIANT,DSPT10_Suppliers,DSPT,suppliers given access with no accountability,llm_paraphrase,S0265,Third parties were given access to resident records without any contract.,False
P01583,The sharing of resident records with third parties is contingent on a contract being in place.,0,NON_COMPLIANT,DSPT10_Suppliers,DSPT,suppliers given access with no accountability,llm_paraphrase,S0265,Third parties were given access to resident records without any contract.,False
P01584,Resident records are not disclosed to third parties unless a contract exists.,0,NON_COMPLIANT,DSPT10_Suppliers,DSPT,suppliers given access with no accountability,llm_paraphrase,S0265,Third parties were given access to resident records without any contract.,False
P01585,Access to resident records by third parties requires a signed contract.,0,NON_COMPLIANT,DSPT10_Suppliers,DSPT,suppliers given access with no accountability,llm_paraphrase,S0265,Third parties were given access to resident records without any contract.,False
P01586,Any sharing of resident records with third parties must be in accordance with a valid contract.,0,NON_COMPLIANT,DSPT10_Suppliers,DSPT,suppliers given access with no accountability,llm_paraphrase,S0265,Third parties were given access to resident records without any contract.,False
P01587,"We fail to meet regulatory requirements for supplier data security, as no checks have been conducted on our providers.",0,NON_COMPLIANT,DSPT10_Suppliers,DSPT,supplier compliance never checked,llm_paraphrase,S0266,We have never checked whether our suppliers meet any data security standards.,False
P01588,"No data security audits have been performed on our suppliers, highlighting a compliance failure.",0,NON_COMPLIANT,DSPT10_Suppliers,DSPT,supplier compliance never checked,llm_paraphrase,S0266,We have never checked whether our suppliers meet any data security standards.,False
P01589,Our failure to review supplier data security protocols is a breach of statutory obligations.,0,NON_COMPLIANT,DSPT10_Suppliers,DSPT,supplier compliance never checked,llm_paraphrase,S0266,We have never checked whether our suppliers meet any data security standards.,False
P01590,The lack of supplier data security checks renders our compliance with data protection regulations incomplete.,0,NON_COMPLIANT,DSPT10_Suppliers,DSPT,supplier compliance never checked,llm_paraphrase,S0266,We have never checked whether our suppliers meet any data security standards.,False
P01591,We are non-compliant with data security regulations due to the absence of audits on our suppliers.,0,NON_COMPLIANT,DSPT10_Suppliers,DSPT,supplier compliance never checked,llm_paraphrase,S0266,We have never checked whether our suppliers meet any data security standards.,False
P01592,"Our suppliers' data security standards have not been verified, resulting in a compliance failure.",0,NON_COMPLIANT,DSPT10_Suppliers,DSPT,supplier compliance never checked,llm_paraphrase,S0266,We have never checked whether our suppliers meet any data security standards.,False
