id,sentence_text,label,label_text,control,framework,criterion,source,seed_id,seed_text,validated
P00001,"A firewall boundary separates our internal network from the internet,",1,COMPLIANT,CE1_Firewalls,Cyber Essentials,boundary firewall in place and configured,llm_paraphrase,S0001,A boundary firewall is in place between our internal network and the internet.,False
P00002,"A firewall barrier is in place to segregate our internal network from the internet,",1,COMPLIANT,CE1_Firewalls,Cyber Essentials,boundary firewall in place and configured,llm_paraphrase,S0001,A boundary firewall is in place between our internal network and the internet.,False
P00003,"All internet traffic is filtered through our internal network's firewall before reaching our systems,",1,COMPLIANT,CE1_Firewalls,Cyber Essentials,boundary firewall in place and configured,llm_paraphrase,S0001,A boundary firewall is in place between our internal network and the internet.,False
P00004,"The internet connection is segregated from our internal network using a firewall for security purposes,",1,COMPLIANT,CE1_Firewalls,Cyber Essentials,boundary firewall in place and configured,llm_paraphrase,S0001,A boundary firewall is in place between our internal network and the internet.,False
P00005,"A firewall acts as a physical and logical barrier to separate our internal network from the internet,",1,COMPLIANT,CE1_Firewalls,Cyber Essentials,boundary firewall in place and configured,llm_paraphrase,S0001,A boundary firewall is in place between our internal network and the internet.,False
P00006,The internal network is kept separate from the internet by an operational firewall policy.,1,COMPLIANT,CE1_Firewalls,Cyber Essentials,boundary firewall in place and configured,llm_paraphrase,S0001,A boundary firewall is in place between our internal network and the internet.,False
P00007,The firewall is currently active on all network connections to ensure compliance.,1,COMPLIANT,CE1_Firewalls,Cyber Essentials,boundary firewall in place and configured,llm_paraphrase,S0002,The office router's firewall is configured and active on all connections.,False
P00008,All staff are required to verify the firewall status on their devices before initiating connections.,1,COMPLIANT,CE1_Firewalls,Cyber Essentials,boundary firewall in place and configured,llm_paraphrase,S0002,The office router's firewall is configured and active on all connections.,False
P00009,The IT system requires active firewall configuration on all devices before connecting to the network.,1,COMPLIANT,CE1_Firewalls,Cyber Essentials,boundary firewall in place and configured,llm_paraphrase,S0002,The office router's firewall is configured and active on all connections.,False
P00010,"As part of our security protocols, all devices must have active firewall configurations in place.",1,COMPLIANT,CE1_Firewalls,Cyber Essentials,boundary firewall in place and configured,llm_paraphrase,S0002,The office router's firewall is configured and active on all connections.,False
P00011,The IT system necessitates active firewall configuration for all connections to ensure regulatory compliance.,1,COMPLIANT,CE1_Firewalls,Cyber Essentials,boundary firewall in place and configured,llm_paraphrase,S0002,The office router's firewall is configured and active on all connections.,False
P00012,All devices must be set up with active firewalls on all connections to maintain data security standards.,1,COMPLIANT,CE1_Firewalls,Cyber Essentials,boundary firewall in place and configured,llm_paraphrase,S0002,The office router's firewall is configured and active on all connections.,False
P00013,Windows Defender Firewall is mandatory on all workstations,1,COMPLIANT,CE1_Firewalls,Cyber Essentials,host/software firewalls enabled on devices,llm_paraphrase,S0003,Windows Defender Firewall is enabled on every laptop and desktop we use.,False
P00014,All laptops and desktops have Windows Defender Firewall enabled,1,COMPLIANT,CE1_Firewalls,Cyber Essentials,host/software firewalls enabled on devices,llm_paraphrase,S0003,Windows Defender Firewall is enabled on every laptop and desktop we use.,False
P00015,Laptops and desktops must have Windows Defender Firewall active at all times,1,COMPLIANT,CE1_Firewalls,Cyber Essentials,host/software firewalls enabled on devices,llm_paraphrase,S0003,Windows Defender Firewall is enabled on every laptop and desktop we use.,False
P00016,Enabling Windows Defender Firewall on all devices is a mandatory security policy,1,COMPLIANT,CE1_Firewalls,Cyber Essentials,host/software firewalls enabled on devices,llm_paraphrase,S0003,Windows Defender Firewall is enabled on every laptop and desktop we use.,False
P00017,All workstations are subject to Windows Defender Firewall configuration requirements,1,COMPLIANT,CE1_Firewalls,Cyber Essentials,host/software firewalls enabled on devices,llm_paraphrase,S0003,Windows Defender Firewall is enabled on every laptop and desktop we use.,False
P00018,Windows Defender Firewall must be enabled on every laptop and desktop used by staff,1,COMPLIANT,CE1_Firewalls,Cyber Essentials,host/software firewalls enabled on devices,llm_paraphrase,S0003,Windows Defender Firewall is enabled on every laptop and desktop we use.,False
P00019,"All staff devices, including those used off-site, must have software firewalls switched on.",1,COMPLIANT,CE1_Firewalls,Cyber Essentials,host/software firewalls enabled on devices,llm_paraphrase,S0004,"Software firewalls are switched on for all staff devices, including those used off-site.",False
P00020,Staff devices used off-site must have software firewalls activated.,1,COMPLIANT,CE1_Firewalls,Cyber Essentials,host/software firewalls enabled on devices,llm_paraphrase,S0004,"Software firewalls are switched on for all staff devices, including those used off-site.",False
P00021,"Software firewalls are mandatory on all staff devices, including those used remotely.",1,COMPLIANT,CE1_Firewalls,Cyber Essentials,host/software firewalls enabled on devices,llm_paraphrase,S0004,"Software firewalls are switched on for all staff devices, including those used off-site.",False
P00022,"Staff devices, including those used off-site, are required to have software firewalls enabled.",1,COMPLIANT,CE1_Firewalls,Cyber Essentials,host/software firewalls enabled on devices,llm_paraphrase,S0004,"Software firewalls are switched on for all staff devices, including those used off-site.",False
P00023,"Software firewalls must be switched on for all staff devices, including those accessed remotely.",1,COMPLIANT,CE1_Firewalls,Cyber Essentials,host/software firewalls enabled on devices,llm_paraphrase,S0004,"Software firewalls are switched on for all staff devices, including those used off-site.",False
P00024,"All staff devices, including those used remotely, must have software firewalls in place.",1,COMPLIANT,CE1_Firewalls,Cyber Essentials,host/software firewalls enabled on devices,llm_paraphrase,S0004,"Software firewalls are switched on for all staff devices, including those used off-site.",False
P00025,The router password was updated when it was initially set up.,1,COMPLIANT,CE1_Firewalls,Cyber Essentials,default router/firewall passwords changed,llm_paraphrase,S0005,The default password on our router was changed when it was installed.,False
P00026,We have updated our router password upon installation.,1,COMPLIANT,CE1_Firewalls,Cyber Essentials,default router/firewall passwords changed,llm_paraphrase,S0005,The default password on our router was changed when it was installed.,False
P00027,The router password was changed upon installation as a security precaution.,1,COMPLIANT,CE1_Firewalls,Cyber Essentials,default router/firewall passwords changed,llm_paraphrase,S0005,The default password on our router was changed when it was installed.,False
P00028,Our router password was set to a secure default upon initial configuration.,1,COMPLIANT,CE1_Firewalls,Cyber Essentials,default router/firewall passwords changed,llm_paraphrase,S0005,The default password on our router was changed when it was installed.,False
P00029,A secure default password was applied to our router when it was first installed.,1,COMPLIANT,CE1_Firewalls,Cyber Essentials,default router/firewall passwords changed,llm_paraphrase,S0005,The default password on our router was changed when it was installed.,False
P00030,Our router password was updated to a secure default value when the device was initially activated.,1,COMPLIANT,CE1_Firewalls,Cyber Essentials,default router/firewall passwords changed,llm_paraphrase,S0005,The default password on our router was changed when it was installed.,False
P00031,"We have updated the firewall password to a robust, non-repetitive one.",1,COMPLIANT,CE1_Firewalls,Cyber Essentials,default router/firewall passwords changed,llm_paraphrase,S0006,"We replaced the manufacturer's password on the firewall with a strong, unique one.",False
P00032,"Our firewall password has been changed to a secure, one-time use key.",1,COMPLIANT,CE1_Firewalls,Cyber Essentials,default router/firewall passwords changed,llm_paraphrase,S0006,"We replaced the manufacturer's password on the firewall with a strong, unique one.",False
P00033,"The manufacturer's password has been replaced with a robust, unique password on the firewall.",1,COMPLIANT,CE1_Firewalls,Cyber Essentials,default router/firewall passwords changed,llm_paraphrase,S0006,"We replaced the manufacturer's password on the firewall with a strong, unique one.",False
P00034,"A strong, unique password has been assigned to the firewall.",1,COMPLIANT,CE1_Firewalls,Cyber Essentials,default router/firewall passwords changed,llm_paraphrase,S0006,"We replaced the manufacturer's password on the firewall with a strong, unique one.",False
P00035,"The firewall now uses a non-repetitive, secure password.",1,COMPLIANT,CE1_Firewalls,Cyber Essentials,default router/firewall passwords changed,llm_paraphrase,S0006,"We replaced the manufacturer's password on the firewall with a strong, unique one.",False
P00036,"We have strengthened the firewall password to a unique, non-guessable value.",1,COMPLIANT,CE1_Firewalls,Cyber Essentials,default router/firewall passwords changed,llm_paraphrase,S0006,"We replaced the manufacturer's password on the firewall with a strong, unique one.",False
P00037,"Inbound connections are blocked by default, only allowing approved connections to establish.",1,COMPLIANT,CE1_Firewalls,Cyber Essentials,inbound connections blocked by default,llm_paraphrase,S0007,Inbound connections are blocked by default unless specifically approved.,False
P00038,Approved inbound connections are the exception to our default blocking policy.,1,COMPLIANT,CE1_Firewalls,Cyber Essentials,inbound connections blocked by default,llm_paraphrase,S0007,Inbound connections are blocked by default unless specifically approved.,False
P00039,"By default, inbound connections are blocked, except for those that have been explicitly approved.",1,COMPLIANT,CE1_Firewalls,Cyber Essentials,inbound connections blocked by default,llm_paraphrase,S0007,Inbound connections are blocked by default unless specifically approved.,False
P00040,"Inbound connections are blocked by default, with only explicitly approved connections permitted.",1,COMPLIANT,CE1_Firewalls,Cyber Essentials,inbound connections blocked by default,llm_paraphrase,S0007,Inbound connections are blocked by default unless specifically approved.,False
P00041,Our default policy blocks inbound connections; exceptions are only allowed through explicit approval.,1,COMPLIANT,CE1_Firewalls,Cyber Essentials,inbound connections blocked by default,llm_paraphrase,S0007,Inbound connections are blocked by default unless specifically approved.,False
P00042,Only connections explicitly approved by our system are permitted to establish inbound connections by default.,1,COMPLIANT,CE1_Firewalls,Cyber Essentials,inbound connections blocked by default,llm_paraphrase,S0007,Inbound connections are blocked by default unless specifically approved.,False
P00043,Incoming traffic not reviewed for approval at the network boundary is not permitted.,1,COMPLIANT,CE1_Firewalls,Cyber Essentials,inbound connections blocked by default,llm_paraphrase,S0008,Unapproved incoming traffic is denied at the network boundary.,False
P00044,All incoming traffic is subject to approval prior to reaching the network boundary.,1,COMPLIANT,CE1_Firewalls,Cyber Essentials,inbound connections blocked by default,llm_paraphrase,S0008,Unapproved incoming traffic is denied at the network boundary.,False
P00045,Rejection of unapproved incoming traffic at the network boundary is mandatory.,1,COMPLIANT,CE1_Firewalls,Cyber Essentials,inbound connections blocked by default,llm_paraphrase,S0008,Unapproved incoming traffic is denied at the network boundary.,False
P00046,Approval for incoming traffic is required before it is allowed to pass the network boundary.,1,COMPLIANT,CE1_Firewalls,Cyber Essentials,inbound connections blocked by default,llm_paraphrase,S0008,Unapproved incoming traffic is denied at the network boundary.,False
P00047,Unapproved incoming traffic is systematically blocked at the network boundary.,1,COMPLIANT,CE1_Firewalls,Cyber Essentials,inbound connections blocked by default,llm_paraphrase,S0008,Unapproved incoming traffic is denied at the network boundary.,False
P00048,Network boundary traffic not cleared for approval is automatically and permanently denied entry.,1,COMPLIANT,CE1_Firewalls,Cyber Essentials,inbound connections blocked by default,llm_paraphrase,S0008,Unapproved incoming traffic is denied at the network boundary.,False
P00049,Firewall rules are reviewed by our IT provider on a regular six-monthly basis.,1,COMPLIANT,CE1_Firewalls,Cyber Essentials,firewall rules reviewed periodically,llm_paraphrase,S0009,Firewall rules are reviewed by our IT provider every six months.,False
P00050,Our IT provider conducts a six-monthly review of our firewall rules.,1,COMPLIANT,CE1_Firewalls,Cyber Essentials,firewall rules reviewed periodically,llm_paraphrase,S0009,Firewall rules are reviewed by our IT provider every six months.,False
P00051,The firewall rules are reviewed and updated by our IT provider every six months.,1,COMPLIANT,CE1_Firewalls,Cyber Essentials,firewall rules reviewed periodically,llm_paraphrase,S0009,Firewall rules are reviewed by our IT provider every six months.,False
P00052,Our IT provider updates our firewall rules in accordance with a six-monthly review.,1,COMPLIANT,CE1_Firewalls,Cyber Essentials,firewall rules reviewed periodically,llm_paraphrase,S0009,Firewall rules are reviewed by our IT provider every six months.,False
P00053,The IT provider's six-monthly review of our firewall rules is a critical component of our security policy.,1,COMPLIANT,CE1_Firewalls,Cyber Essentials,firewall rules reviewed periodically,llm_paraphrase,S0009,Firewall rules are reviewed by our IT provider every six months.,False
P00054,"As part of our regular security protocol, our firewall rules are reviewed and updated by our IT provider every six months.",1,COMPLIANT,CE1_Firewalls,Cyber Essentials,firewall rules reviewed periodically,llm_paraphrase,S0009,Firewall rules are reviewed by our IT provider every six months.,False
P00055,We conduct a firewall configuration audit as part of our annual IT review process.,1,COMPLIANT,CE1_Firewalls,Cyber Essentials,firewall rules reviewed periodically,llm_paraphrase,S0010,We check the firewall configuration as part of our annual IT review.,False
P00056,Our annual IT review includes a check of the firewall configuration.,1,COMPLIANT,CE1_Firewalls,Cyber Essentials,firewall rules reviewed periodically,llm_paraphrase,S0010,We check the firewall configuration as part of our annual IT review.,False
P00057,The firewall configuration is assessed as part of our scheduled IT review procedures.,1,COMPLIANT,CE1_Firewalls,Cyber Essentials,firewall rules reviewed periodically,llm_paraphrase,S0010,We check the firewall configuration as part of our annual IT review.,False
P00058,"During our annual IT review, we verify the firewall configuration.",1,COMPLIANT,CE1_Firewalls,Cyber Essentials,firewall rules reviewed periodically,llm_paraphrase,S0010,We check the firewall configuration as part of our annual IT review.,False
P00059,Our IT review protocol includes a check of the firewall configuration.,1,COMPLIANT,CE1_Firewalls,Cyber Essentials,firewall rules reviewed periodically,llm_paraphrase,S0010,We check the firewall configuration as part of our annual IT review.,False
P00060,The firewall configuration is scrutinised during our annual IT review.,1,COMPLIANT,CE1_Firewalls,Cyber Essentials,firewall rules reviewed periodically,llm_paraphrase,S0010,We check the firewall configuration as part of our annual IT review.,False
P00061,The firewall's internet-facing interface is inaccessible.,1,COMPLIANT,CE1_Firewalls,Cyber Essentials,admin interface protected / not internet-facing,llm_paraphrase,S0011,The firewall's administrative interface is not accessible from the internet.,False
P00062,The firewall's admin panel is not reachable from the internet.,1,COMPLIANT,CE1_Firewalls,Cyber Essentials,admin interface protected / not internet-facing,llm_paraphrase,S0011,The firewall's administrative interface is not accessible from the internet.,False
P00063,The firewall's configuration restricts internet access.,1,COMPLIANT,CE1_Firewalls,Cyber Essentials,admin interface protected / not internet-facing,llm_paraphrase,S0011,The firewall's administrative interface is not accessible from the internet.,False
P00064,Internet access to the firewall's admin interface is not permitted.,1,COMPLIANT,CE1_Firewalls,Cyber Essentials,admin interface protected / not internet-facing,llm_paraphrase,S0011,The firewall's administrative interface is not accessible from the internet.,False
P00065,The firewall's admin interface cannot be accessed via the internet.,1,COMPLIANT,CE1_Firewalls,Cyber Essentials,admin interface protected / not internet-facing,llm_paraphrase,S0011,The firewall's administrative interface is not accessible from the internet.,False
P00066,The firewall's internet interface is not available.,1,COMPLIANT,CE1_Firewalls,Cyber Essentials,admin interface protected / not internet-facing,llm_paraphrase,S0011,The firewall's administrative interface is not accessible from the internet.,False
P00067,Multi-factor authentication is mandatory for all remote router management.,1,COMPLIANT,CE1_Firewalls,Cyber Essentials,admin interface protected / not internet-facing,llm_paraphrase,S0012,Remote management of the router requires multi-factor authentication.,False
P00068,Remote access to the router must be secured with multi-factor authentication.,1,COMPLIANT,CE1_Firewalls,Cyber Essentials,admin interface protected / not internet-facing,llm_paraphrase,S0012,Remote management of the router requires multi-factor authentication.,False
P00069,All staff must use multi-factor authentication when accessing the router remotely.,1,COMPLIANT,CE1_Firewalls,Cyber Essentials,admin interface protected / not internet-facing,llm_paraphrase,S0012,Remote management of the router requires multi-factor authentication.,False
P00070,Multi-factor authentication is a mandatory security requirement for remote router management.,1,COMPLIANT,CE1_Firewalls,Cyber Essentials,admin interface protected / not internet-facing,llm_paraphrase,S0012,Remote management of the router requires multi-factor authentication.,False
P00071,Remote router management must always be conducted with multi-factor authentication enabled.,1,COMPLIANT,CE1_Firewalls,Cyber Essentials,admin interface protected / not internet-facing,llm_paraphrase,S0012,Remote management of the router requires multi-factor authentication.,False
P00072,Guest Wi-Fi for visitors and residents is isolated from the staff network,1,COMPLIANT,CE1_Firewalls,Cyber Essentials,boundary firewall in place and configured,llm_paraphrase,S0013,Guest Wi-Fi for visitors and residents is kept separate from the staff network.,False
P00073,The care home maintains separate Wi-Fi networks for visitors and residents from staff,1,COMPLIANT,CE1_Firewalls,Cyber Essentials,boundary firewall in place and configured,llm_paraphrase,S0013,Guest Wi-Fi for visitors and residents is kept separate from the staff network.,False
P00074,It is essential that guest Wi-Fi for visitors and residents is segregated from the staff network,1,COMPLIANT,CE1_Firewalls,Cyber Essentials,boundary firewall in place and configured,llm_paraphrase,S0013,Guest Wi-Fi for visitors and residents is kept separate from the staff network.,False
P00075,Visitors and residents' Wi-Fi access is separated from staff network,1,COMPLIANT,CE1_Firewalls,Cyber Essentials,boundary firewall in place and configured,llm_paraphrase,S0013,Guest Wi-Fi for visitors and residents is kept separate from the staff network.,False
P00076,Guest Wi-Fi must be kept on a separate network from the staff one,1,COMPLIANT,CE1_Firewalls,Cyber Essentials,boundary firewall in place and configured,llm_paraphrase,S0013,Guest Wi-Fi for visitors and residents is kept separate from the staff network.,False
P00077,Separate Wi-Fi networks are kept for visitors/residents and staff,1,COMPLIANT,CE1_Firewalls,Cyber Essentials,boundary firewall in place and configured,llm_paraphrase,S0013,Guest Wi-Fi for visitors and residents is kept separate from the staff network.,False
P00078,All unused ports on network equipment have been securely disabled.,1,COMPLIANT,CE1_Firewalls,Cyber Essentials,inbound connections blocked by default,llm_paraphrase,S0014,Unused ports on the network equipment have been disabled.,False
P00079,Unused network ports have been deactivated to prevent unauthorized access.,1,COMPLIANT,CE1_Firewalls,Cyber Essentials,inbound connections blocked by default,llm_paraphrase,S0014,Unused ports on the network equipment have been disabled.,False
P00080,Port configurations have been updated to ensure all unused ports are disabled.,1,COMPLIANT,CE1_Firewalls,Cyber Essentials,inbound connections blocked by default,llm_paraphrase,S0014,Unused ports on the network equipment have been disabled.,False
P00081,Unused network ports are now inactive to prevent malicious use.,1,COMPLIANT,CE1_Firewalls,Cyber Essentials,inbound connections blocked by default,llm_paraphrase,S0014,Unused ports on the network equipment have been disabled.,False
P00082,All non-functional ports on the network equipment have been disabled.,1,COMPLIANT,CE1_Firewalls,Cyber Essentials,inbound connections blocked by default,llm_paraphrase,S0014,Unused ports on the network equipment have been disabled.,False
P00083,Network port configurations have been modified to disable all unused connections.,1,COMPLIANT,CE1_Firewalls,Cyber Essentials,inbound connections blocked by default,llm_paraphrase,S0014,Unused ports on the network equipment have been disabled.,False
P00084,The home's network is not secured by a firewall to prevent internet access,0,NON_COMPLIANT,CE1_Firewalls,Cyber Essentials,no firewall at the network boundary,llm_paraphrase,S0015,There is no firewall protecting the home's network from the internet.,False
P00085,No firewall is in place to protect the home's network from internet threat,0,NON_COMPLIANT,CE1_Firewalls,Cyber Essentials,no firewall at the network boundary,llm_paraphrase,S0015,There is no firewall protecting the home's network from the internet.,False
P00086,The network is not firewall-protected to the internet,0,NON_COMPLIANT,CE1_Firewalls,Cyber Essentials,no firewall at the network boundary,llm_paraphrase,S0015,There is no firewall protecting the home's network from the internet.,False
P00087,A firewall is absent to safeguard the home's network from internet exposure,0,NON_COMPLIANT,CE1_Firewalls,Cyber Essentials,no firewall at the network boundary,llm_paraphrase,S0015,There is no firewall protecting the home's network from the internet.,False
P00088,The home's network is not secured due to the lack of a firewall against internet access,0,NON_COMPLIANT,CE1_Firewalls,Cyber Essentials,no firewall at the network boundary,llm_paraphrase,S0015,There is no firewall protecting the home's network from the internet.,False
P00089,No firewall exists to shield the home's network from internet traffic,0,NON_COMPLIANT,CE1_Firewalls,Cyber Essentials,no firewall at the network boundary,llm_paraphrase,S0015,There is no firewall protecting the home's network from the internet.,False
P00090,The broadband router's installation was incomplete without a firewall configuration.,0,NON_COMPLIANT,CE1_Firewalls,Cyber Essentials,no firewall at the network boundary,llm_paraphrase,S0016,The broadband router was installed without any firewall configuration.,False
P00091,No firewall configuration was applied during the broadband router's installation.,0,NON_COMPLIANT,CE1_Firewalls,Cyber Essentials,no firewall at the network boundary,llm_paraphrase,S0016,The broadband router was installed without any firewall configuration.,False
P00092,The broadband router's installation failed to include a configured firewall.,0,NON_COMPLIANT,CE1_Firewalls,Cyber Essentials,no firewall at the network boundary,llm_paraphrase,S0016,The broadband router was installed without any firewall configuration.,False
P00093,A firewall configuration was not provided during the broadband router's installation.,0,NON_COMPLIANT,CE1_Firewalls,Cyber Essentials,no firewall at the network boundary,llm_paraphrase,S0016,The broadband router was installed without any firewall configuration.,False
P00094,The broadband router installation lacked a firewall configuration.,0,NON_COMPLIANT,CE1_Firewalls,Cyber Essentials,no firewall at the network boundary,llm_paraphrase,S0016,The broadband router was installed without any firewall configuration.,False
P00095,The broadband router's installation did not include a configured firewall.,0,NON_COMPLIANT,CE1_Firewalls,Cyber Essentials,no firewall at the network boundary,llm_paraphrase,S0016,The broadband router was installed without any firewall configuration.,False
P00096,Firewalls on office computers are currently disabled as a precautionary measure.,0,NON_COMPLIANT,CE1_Firewalls,Cyber Essentials,firewalls disabled or absent on devices,llm_paraphrase,S0017,Software firewalls have been turned off on several office computers.,False
P00097,All applicable software firewalls have been deactivated on staff computers for security reasons.,0,NON_COMPLIANT,CE1_Firewalls,Cyber Essentials,firewalls disabled or absent on devices,llm_paraphrase,S0017,Software firewalls have been turned off on several office computers.,False
P00098,The IT policy requires firewalls to be turned off on all office computers for enhanced security.,0,NON_COMPLIANT,CE1_Firewalls,Cyber Essentials,firewalls disabled or absent on devices,llm_paraphrase,S0017,Software firewalls have been turned off on several office computers.,False
P00099,Our standard operating procedure dictates that all office computers' firewalls are disabled for security purposes.,0,NON_COMPLIANT,CE1_Firewalls,Cyber Essentials,firewalls disabled or absent on devices,llm_paraphrase,S0017,Software firewalls have been turned off on several office computers.,False
P00100,"In line with our IT guidelines, the firewalls on office computers have been deactivated for maximum security.",0,NON_COMPLIANT,CE1_Firewalls,Cyber Essentials,firewalls disabled or absent on devices,llm_paraphrase,S0017,Software firewalls have been turned off on several office computers.,False
P00101,Our policy directives state that firewalls on office computers must be deactivated to maintain a secure computing environment.,0,NON_COMPLIANT,CE1_Firewalls,Cyber Essentials,firewalls disabled or absent on devices,llm_paraphrase,S0017,Software firewalls have been turned off on several office computers.,False
P00102,Staff laptops accessed outside the home must have a firewall enabled,0,NON_COMPLIANT,CE1_Firewalls,Cyber Essentials,firewalls disabled or absent on devices,llm_paraphrase,S0018,Staff laptops used away from the home do not have a firewall enabled.,False
P00103,Laptops used remotely must be equipped with a firewall,0,NON_COMPLIANT,CE1_Firewalls,Cyber Essentials,firewalls disabled or absent on devices,llm_paraphrase,S0018,Staff laptops used away from the home do not have a firewall enabled.,False
P00104,Firewalls are mandatory for laptops used outside the premises,0,NON_COMPLIANT,CE1_Firewalls,Cyber Essentials,firewalls disabled or absent on devices,llm_paraphrase,S0018,Staff laptops used away from the home do not have a firewall enabled.,False
P00105,All staff laptops used remotely must have a firewall,0,NON_COMPLIANT,CE1_Firewalls,Cyber Essentials,firewalls disabled or absent on devices,llm_paraphrase,S0018,Staff laptops used away from the home do not have a firewall enabled.,False
P00106,Remote laptop access requires a firewall to be installed,0,NON_COMPLIANT,CE1_Firewalls,Cyber Essentials,firewalls disabled or absent on devices,llm_paraphrase,S0018,Staff laptops used away from the home do not have a firewall enabled.,False
P00107,Laptops taken off-site must have a firewall enabled before use,0,NON_COMPLIANT,CE1_Firewalls,Cyber Essentials,firewalls disabled or absent on devices,llm_paraphrase,S0018,Staff laptops used away from the home do not have a firewall enabled.,False
P00108,"The router's default password has not been changed, contravening our policy on secure network access.",0,NON_COMPLIANT,CE1_Firewalls,Cyber Essentials,default router/firewall passwords still in use,llm_paraphrase,S0019,The router is still using the default password printed on the label.,False
P00109,"Our network access protocol requires a unique password, which is not the case here.",0,NON_COMPLIANT,CE1_Firewalls,Cyber Essentials,default router/firewall passwords still in use,llm_paraphrase,S0019,The router is still using the default password printed on the label.,False
P00110,Failure to update the router's password is a breach of our IT security policy.,0,NON_COMPLIANT,CE1_Firewalls,Cyber Essentials,default router/firewall passwords still in use,llm_paraphrase,S0019,The router is still using the default password printed on the label.,False
P00111,The current default password is in breach of our organisation's policy on secure network configuration.,0,NON_COMPLIANT,CE1_Firewalls,Cyber Essentials,default router/firewall passwords still in use,llm_paraphrase,S0019,The router is still using the default password printed on the label.,False
P00112,"Contrary to policy, the router's default password remains unchanged.",0,NON_COMPLIANT,CE1_Firewalls,Cyber Essentials,default router/firewall passwords still in use,llm_paraphrase,S0019,The router is still using the default password printed on the label.,False
P00113,"Our network security policy dictates the use of unique passwords, and this has not been observed.",0,NON_COMPLIANT,CE1_Firewalls,Cyber Essentials,default router/firewall passwords still in use,llm_paraphrase,S0019,The router is still using the default password printed on the label.,False
P00114,The firewall's configuration was not updated to reflect the manufacturer's new password.,0,NON_COMPLIANT,CE1_Firewalls,Cyber Essentials,default router/firewall passwords still in use,llm_paraphrase,S0020,Nobody changed the manufacturer's password when the firewall was set up.,False
P00115,"When setting up the firewall, the manufacturer's password was not changed.",0,NON_COMPLIANT,CE1_Firewalls,Cyber Essentials,default router/firewall passwords still in use,llm_paraphrase,S0020,Nobody changed the manufacturer's password when the firewall was set up.,False
P00116,"During the firewall setup, the manufacturer's password was not altered as required.",0,NON_COMPLIANT,CE1_Firewalls,Cyber Essentials,default router/firewall passwords still in use,llm_paraphrase,S0020,Nobody changed the manufacturer's password when the firewall was set up.,False
P00117,The firewall's password was not updated to match the manufacturer's new credentials.,0,NON_COMPLIANT,CE1_Firewalls,Cyber Essentials,default router/firewall passwords still in use,llm_paraphrase,S0020,Nobody changed the manufacturer's password when the firewall was set up.,False
P00118,The setup of the firewall did not include changing the manufacturer's password.,0,NON_COMPLIANT,CE1_Firewalls,Cyber Essentials,default router/firewall passwords still in use,llm_paraphrase,S0020,Nobody changed the manufacturer's password when the firewall was set up.,False
P00119,The manufacturer's password was not updated during the firewall installation process.,0,NON_COMPLIANT,CE1_Firewalls,Cyber Essentials,default router/firewall passwords still in use,llm_paraphrase,S0020,Nobody changed the manufacturer's password when the firewall was set up.,False
P00120,Incoming connections are not restricted from the internet.,0,NON_COMPLIANT,CE1_Firewalls,Cyber Essentials,inbound connections open or unrestricted,llm_paraphrase,S0021,Incoming connections from the internet are not restricted.,False
P00121,Internet connections for incoming residents are not blocked.,0,NON_COMPLIANT,CE1_Firewalls,Cyber Essentials,inbound connections open or unrestricted,llm_paraphrase,S0021,Incoming connections from the internet are not restricted.,False
P00122,Residents' internet access is not restricted.,0,NON_COMPLIANT,CE1_Firewalls,Cyber Essentials,inbound connections open or unrestricted,llm_paraphrase,S0021,Incoming connections from the internet are not restricted.,False
P00123,Incoming internet connections are not restricted.,0,NON_COMPLIANT,CE1_Firewalls,Cyber Essentials,inbound connections open or unrestricted,llm_paraphrase,S0021,Incoming connections from the internet are not restricted.,False
P00124,The internet connection for incoming residents is not restricted.,0,NON_COMPLIANT,CE1_Firewalls,Cyber Essentials,inbound connections open or unrestricted,llm_paraphrase,S0021,Incoming connections from the internet are not restricted.,False
P00125,Incoming internet connections are unrestricted.,0,NON_COMPLIANT,CE1_Firewalls,Cyber Essentials,inbound connections open or unrestricted,llm_paraphrase,S0021,Incoming connections from the internet are not restricted.,False
P00126,The firewall's default settings permit all inbound traffic without restriction.,0,NON_COMPLIANT,CE1_Firewalls,Cyber Essentials,inbound connections open or unrestricted,llm_paraphrase,S0022,The firewall allows all inbound traffic through by default.,False
P00127,All inbound traffic is allowed to pass through by default without intervention.,0,NON_COMPLIANT,CE1_Firewalls,Cyber Essentials,inbound connections open or unrestricted,llm_paraphrase,S0022,The firewall allows all inbound traffic through by default.,False
P00128,The firewall's default configuration enables unrestricted inbound traffic.,0,NON_COMPLIANT,CE1_Firewalls,Cyber Essentials,inbound connections open or unrestricted,llm_paraphrase,S0022,The firewall allows all inbound traffic through by default.,False
P00129,"By default, the firewall allows all inbound traffic to pass through.",0,NON_COMPLIANT,CE1_Firewalls,Cyber Essentials,inbound connections open or unrestricted,llm_paraphrase,S0022,The firewall allows all inbound traffic through by default.,False
P00130,Inbound traffic is permitted to pass through the firewall without modification.,0,NON_COMPLIANT,CE1_Firewalls,Cyber Essentials,inbound connections open or unrestricted,llm_paraphrase,S0022,The firewall allows all inbound traffic through by default.,False
P00131,The firewall's default settings automatically allow all inbound traffic to proceed unimpeded.,0,NON_COMPLIANT,CE1_Firewalls,Cyber Essentials,inbound connections open or unrestricted,llm_paraphrase,S0022,The firewall allows all inbound traffic through by default.,False
P00132,The firewall settings have not been updated since installation,0,NON_COMPLIANT,CE1_Firewalls,Cyber Essentials,firewall never reviewed or configured,llm_paraphrase,S0023,The firewall settings have not been reviewed since the system was installed.,False
P00133,Review of firewall settings is due,0,NON_COMPLIANT,CE1_Firewalls,Cyber Essentials,firewall never reviewed or configured,llm_paraphrase,S0023,The firewall settings have not been reviewed since the system was installed.,False
P00134,Firewall settings are overdue for review,0,NON_COMPLIANT,CE1_Firewalls,Cyber Essentials,firewall never reviewed or configured,llm_paraphrase,S0023,The firewall settings have not been reviewed since the system was installed.,False
P00135,We have not reviewed firewall settings since initial installation,0,NON_COMPLIANT,CE1_Firewalls,Cyber Essentials,firewall never reviewed or configured,llm_paraphrase,S0023,The firewall settings have not been reviewed since the system was installed.,False
P00136,Firewall settings are in need of a review,0,NON_COMPLIANT,CE1_Firewalls,Cyber Essentials,firewall never reviewed or configured,llm_paraphrase,S0023,The firewall settings have not been reviewed since the system was installed.,False
P00137,Firewall settings have not been assessed since system deployment,0,NON_COMPLIANT,CE1_Firewalls,Cyber Essentials,firewall never reviewed or configured,llm_paraphrase,S0023,The firewall settings have not been reviewed since the system was installed.,False
P00138,No firewall rules have been reviewed for over two years.,0,NON_COMPLIANT,CE1_Firewalls,Cyber Essentials,firewall never reviewed or configured,llm_paraphrase,S0024,No one has looked at the firewall rules in over two years.,False
P00139,The firewall configuration has not been assessed in over two years.,0,NON_COMPLIANT,CE1_Firewalls,Cyber Essentials,firewall never reviewed or configured,llm_paraphrase,S0024,No one has looked at the firewall rules in over two years.,False
P00140,We have not conducted a review of the firewall rules since over two years ago.,0,NON_COMPLIANT,CE1_Firewalls,Cyber Essentials,firewall never reviewed or configured,llm_paraphrase,S0024,No one has looked at the firewall rules in over two years.,False
P00141,Firewall rules have not been inspected in over two years.,0,NON_COMPLIANT,CE1_Firewalls,Cyber Essentials,firewall never reviewed or configured,llm_paraphrase,S0024,No one has looked at the firewall rules in over two years.,False
P00142,No update to the firewall rules has been made in over 24 months.,0,NON_COMPLIANT,CE1_Firewalls,Cyber Essentials,firewall never reviewed or configured,llm_paraphrase,S0024,No one has looked at the firewall rules in over two years.,False
P00143,The firewall configuration has not been evaluated since more than two years ago.,0,NON_COMPLIANT,CE1_Firewalls,Cyber Essentials,firewall never reviewed or configured,llm_paraphrase,S0024,No one has looked at the firewall rules in over two years.,False
P00144,The router's admin console is accessible from the internet without adequate protection in place.,0,NON_COMPLIANT,CE1_Firewalls,Cyber Essentials,admin console exposed to internet without protection,llm_paraphrase,S0025,The router's admin console can be reached from the internet without protection.,False
P00145,"Inadequate protection exists on the router's admin console, allowing internet access.",0,NON_COMPLIANT,CE1_Firewalls,Cyber Essentials,admin console exposed to internet without protection,llm_paraphrase,S0025,The router's admin console can be reached from the internet without protection.,False
P00146,"The router's admin console is not properly secured, permitting public access.",0,NON_COMPLIANT,CE1_Firewalls,Cyber Essentials,admin console exposed to internet without protection,llm_paraphrase,S0025,The router's admin console can be reached from the internet without protection.,False
P00147,Internet access is permitted to the router's admin console without sufficient security measures.,0,NON_COMPLIANT,CE1_Firewalls,Cyber Essentials,admin console exposed to internet without protection,llm_paraphrase,S0025,The router's admin console can be reached from the internet without protection.,False
P00148,"The router's admin console is not sufficiently protected, allowing unauthorised internet access.",0,NON_COMPLIANT,CE1_Firewalls,Cyber Essentials,admin console exposed to internet without protection,llm_paraphrase,S0025,The router's admin console can be reached from the internet without protection.,False
P00149,"The router's admin console lacks adequate security, enabling public access.",0,NON_COMPLIANT,CE1_Firewalls,Cyber Essentials,admin console exposed to internet without protection,llm_paraphrase,S0025,The router's admin console can be reached from the internet without protection.,False
P00150,Visitors and staff must use the same Wi-Fi network to prevent data breaches and maintain confidentiality.,0,NON_COMPLIANT,CE1_Firewalls,Cyber Essentials,no firewall at the network boundary,llm_paraphrase,S0026,Visitors and staff use the same Wi-Fi network with no separation between them.,False
P00151,The use of a shared Wi-Fi network by visitors and staff is strictly prohibited.,0,NON_COMPLIANT,CE1_Firewalls,Cyber Essentials,no firewall at the network boundary,llm_paraphrase,S0026,Visitors and staff use the same Wi-Fi network with no separation between them.,False
P00152,Visitors and staff must not use the same Wi-Fi network for security reasons.,0,NON_COMPLIANT,CE1_Firewalls,Cyber Essentials,no firewall at the network boundary,llm_paraphrase,S0026,Visitors and staff use the same Wi-Fi network with no separation between them.,False
P00153,"The Wi-Fi network is for staff use only, with no exceptions for visitors.",0,NON_COMPLIANT,CE1_Firewalls,Cyber Essentials,no firewall at the network boundary,llm_paraphrase,S0026,Visitors and staff use the same Wi-Fi network with no separation between them.,False
P00154,All visitors and staff must use separate Wi-Fi connections to safeguard data.,0,NON_COMPLIANT,CE1_Firewalls,Cyber Essentials,no firewall at the network boundary,llm_paraphrase,S0026,Visitors and staff use the same Wi-Fi network with no separation between them.,False
P00155,Visitors and staff are required to use separate Wi-Fi connections at all times.,0,NON_COMPLIANT,CE1_Firewalls,Cyber Essentials,no firewall at the network boundary,llm_paraphrase,S0026,Visitors and staff use the same Wi-Fi network with no separation between them.,False
P00156,Ports on the router were left in the default configuration during network setup.,0,NON_COMPLIANT,CE1_Firewalls,Cyber Essentials,inbound connections open or unrestricted,llm_paraphrase,S0027,All ports on the router were left open when the network was set up.,False
P00157,The router's port settings were not adequately secured during initial setup.,0,NON_COMPLIANT,CE1_Firewalls,Cyber Essentials,inbound connections open or unrestricted,llm_paraphrase,S0027,All ports on the router were left open when the network was set up.,False
P00158,Inadequate port configuration was allowed during the initial network setup process.,0,NON_COMPLIANT,CE1_Firewalls,Cyber Essentials,inbound connections open or unrestricted,llm_paraphrase,S0027,All ports on the router were left open when the network was set up.,False
P00159,Port settings on the router were not properly secured during the initial setup process.,0,NON_COMPLIANT,CE1_Firewalls,Cyber Essentials,inbound connections open or unrestricted,llm_paraphrase,S0027,All ports on the router were left open when the network was set up.,False
P00160,"During network setup, the router's default port settings were not changed.",0,NON_COMPLIANT,CE1_Firewalls,Cyber Essentials,inbound connections open or unrestricted,llm_paraphrase,S0027,All ports on the router were left open when the network was set up.,False
P00161,The router's port settings were not secured as required during the initial setup.,0,NON_COMPLIANT,CE1_Firewalls,Cyber Essentials,inbound connections open or unrestricted,llm_paraphrase,S0027,All ports on the router were left open when the network was set up.,False
P00162,"No firewall protection was in place for the care records system,",0,NON_COMPLIANT,CE1_Firewalls,Cyber Essentials,no firewall at the network boundary,llm_paraphrase,S0028,There was no evidence of any firewall protecting the care records system.,False
P00163,"No firewall was implemented to safeguard the care records system,",0,NON_COMPLIANT,CE1_Firewalls,Cyber Essentials,no firewall at the network boundary,llm_paraphrase,S0028,There was no evidence of any firewall protecting the care records system.,False
P00164,"The care records system lacked a firewall for protection,",0,NON_COMPLIANT,CE1_Firewalls,Cyber Essentials,no firewall at the network boundary,llm_paraphrase,S0028,There was no evidence of any firewall protecting the care records system.,False
P00165,"A firewall was not installed to secure the care records system,",0,NON_COMPLIANT,CE1_Firewalls,Cyber Essentials,no firewall at the network boundary,llm_paraphrase,S0028,There was no evidence of any firewall protecting the care records system.,False
P00166,"The care records system did not have a firewall in place,",0,NON_COMPLIANT,CE1_Firewalls,Cyber Essentials,no firewall at the network boundary,llm_paraphrase,S0028,There was no evidence of any firewall protecting the care records system.,False
P00167,No firewall protection was present for the care records system.,0,NON_COMPLIANT,CE1_Firewalls,Cyber Essentials,no firewall at the network boundary,llm_paraphrase,S0028,There was no evidence of any firewall protecting the care records system.,False
P00168,Default password changes are mandatory on every new device prior to staff usage.,1,COMPLIANT,CE2_SecureConfig,Cyber Essentials,default passwords changed before deployment,llm_paraphrase,S0029,Default passwords are changed on every new device before staff use it.,False
P00169,All new devices must have default passwords altered before being used by staff members.,1,COMPLIANT,CE2_SecureConfig,Cyber Essentials,default passwords changed before deployment,llm_paraphrase,S0029,Default passwords are changed on every new device before staff use it.,False
P00170,"Prior to staff use, every new device must have its default password modified.",1,COMPLIANT,CE2_SecureConfig,Cyber Essentials,default passwords changed before deployment,llm_paraphrase,S0029,Default passwords are changed on every new device before staff use it.,False
P00171,New devices are not permitted for staff use until the default password has been altered.,1,COMPLIANT,CE2_SecureConfig,Cyber Essentials,default passwords changed before deployment,llm_paraphrase,S0029,Default passwords are changed on every new device before staff use it.,False
P00172,Default passwords on new devices are an absolute requirement before they are used by staff members.,1,COMPLIANT,CE2_SecureConfig,Cyber Essentials,default passwords changed before deployment,llm_paraphrase,S0029,Default passwords are changed on every new device before staff use it.,False
P00173,Altering the default password for new devices is a mandatory step before staff can use them.,1,COMPLIANT,CE2_SecureConfig,Cyber Essentials,default passwords changed before deployment,llm_paraphrase,S0029,Default passwords are changed on every new device before staff use it.,False
P00174,"All equipment is required to be set up with a unique password, rather than the factory default.",1,COMPLIANT,CE2_SecureConfig,Cyber Essentials,default passwords changed before deployment,llm_paraphrase,S0030,All equipment is set up with a unique password rather than the factory default.,False
P00175,Equipment must be configured to use a unique password by default.,1,COMPLIANT,CE2_SecureConfig,Cyber Essentials,default passwords changed before deployment,llm_paraphrase,S0030,All equipment is set up with a unique password rather than the factory default.,False
P00176,A unique password is mandatory for all equipment setup.,1,COMPLIANT,CE2_SecureConfig,Cyber Essentials,default passwords changed before deployment,llm_paraphrase,S0030,All equipment is set up with a unique password rather than the factory default.,False
P00177,"All equipment is configured to use a unique password, not the factory default setting.",1,COMPLIANT,CE2_SecureConfig,Cyber Essentials,default passwords changed before deployment,llm_paraphrase,S0030,All equipment is set up with a unique password rather than the factory default.,False
P00178,Equipment passwords must be unique and not use the factory default.,1,COMPLIANT,CE2_SecureConfig,Cyber Essentials,default passwords changed before deployment,llm_paraphrase,S0030,All equipment is set up with a unique password rather than the factory default.,False
P00179,Unique passwords are a statutory requirement for all equipment setup.,1,COMPLIANT,CE2_SecureConfig,Cyber Essentials,default passwords changed before deployment,llm_paraphrase,S0030,All equipment is set up with a unique password rather than the factory default.,False
P00180,All software not required for care delivery has been removed from our computers.,1,COMPLIANT,CE2_SecureConfig,Cyber Essentials,unnecessary software removed or disabled,llm_paraphrase,S0031,Software that is not needed for care delivery has been removed from our computers.,False
P00181,All unnecessary software has been deleted from our computers.,1,COMPLIANT,CE2_SecureConfig,Cyber Essentials,unnecessary software removed or disabled,llm_paraphrase,S0031,Software that is not needed for care delivery has been removed from our computers.,False
P00182,We have removed all software not required for care delivery from our computers.,1,COMPLIANT,CE2_SecureConfig,Cyber Essentials,unnecessary software removed or disabled,llm_paraphrase,S0031,Software that is not needed for care delivery has been removed from our computers.,False
P00183,All non-essential software has been deleted from our computers.,1,COMPLIANT,CE2_SecureConfig,Cyber Essentials,unnecessary software removed or disabled,llm_paraphrase,S0031,Software that is not needed for care delivery has been removed from our computers.,False
P00184,Our computers now only contain software necessary for care delivery.,1,COMPLIANT,CE2_SecureConfig,Cyber Essentials,unnecessary software removed or disabled,llm_paraphrase,S0031,Software that is not needed for care delivery has been removed from our computers.,False
P00185,All software not needed for care delivery has been removed from our computer systems.,1,COMPLIANT,CE2_SecureConfig,Cyber Essentials,unnecessary software removed or disabled,llm_paraphrase,S0031,Software that is not needed for care delivery has been removed from our computers.,False
P00186,Applications not required for staff duties are automatically uninstalled to maintain system integrity and ensure compliance with regulatory requirements.,1,COMPLIANT,CE2_SecureConfig,Cyber Essentials,unnecessary software removed or disabled,llm_paraphrase,S0032,We uninstall any applications that are not required for staff to do their jobs.,False
P00187,"Staff access is restricted to only required applications, ensuring compliance with system security and management policies.",1,COMPLIANT,CE2_SecureConfig,Cyber Essentials,unnecessary software removed or disabled,llm_paraphrase,S0032,We uninstall any applications that are not required for staff to do their jobs.,False
P00188,All staff applications not required for job duties are uninstalled to maintain system security and prevent potential risks.,1,COMPLIANT,CE2_SecureConfig,Cyber Essentials,unnecessary software removed or disabled,llm_paraphrase,S0032,We uninstall any applications that are not required for staff to do their jobs.,False
P00189,Only necessary applications are installed and maintained to ensure regulatory compliance and staff access is restricted accordingly.,1,COMPLIANT,CE2_SecureConfig,Cyber Essentials,unnecessary software removed or disabled,llm_paraphrase,S0032,We uninstall any applications that are not required for staff to do their jobs.,False
P00190,Any staff application not required for job performance is uninstalled to maintain system security and uphold care home policies.,1,COMPLIANT,CE2_SecureConfig,Cyber Essentials,unnecessary software removed or disabled,llm_paraphrase,S0032,We uninstall any applications that are not required for staff to do their jobs.,False
P00191,Staff-only applications not meeting regulatory standards are automatically uninstalled to ensure compliance and system integrity.,1,COMPLIANT,CE2_SecureConfig,Cyber Essentials,unnecessary software removed or disabled,llm_paraphrase,S0032,We uninstall any applications that are not required for staff to do their jobs.,False
P00192,Former staff user accounts are permanently deactivated and removed from the system.,1,COMPLIANT,CE2_SecureConfig,Cyber Essentials,unused user accounts disabled/removed,llm_paraphrase,S0033,User accounts belonging to former staff are disabled and removed.,False
P00193,All user accounts assigned to former staff members are disabled and wiped.,1,COMPLIANT,CE2_SecureConfig,Cyber Essentials,unused user accounts disabled/removed,llm_paraphrase,S0033,User accounts belonging to former staff are disabled and removed.,False
P00194,Former staff members' user accounts are immediately deactivated and deleted upon termination.,1,COMPLIANT,CE2_SecureConfig,Cyber Essentials,unused user accounts disabled/removed,llm_paraphrase,S0033,User accounts belonging to former staff are disabled and removed.,False
P00195,"On leaving the organisation, former staff users' accounts are disabled and destroyed.",1,COMPLIANT,CE2_SecureConfig,Cyber Essentials,unused user accounts disabled/removed,llm_paraphrase,S0033,User accounts belonging to former staff are disabled and removed.,False
P00196,User accounts associated with former staff are permanently disabled and immediately removed from the system.,1,COMPLIANT,CE2_SecureConfig,Cyber Essentials,unused user accounts disabled/removed,llm_paraphrase,S0033,User accounts belonging to former staff are disabled and removed.,False
P00197,"Former staff accounts are deactivated, deleted and rendered inoperable immediately upon leaving the organisation.",1,COMPLIANT,CE2_SecureConfig,Cyber Essentials,unused user accounts disabled/removed,llm_paraphrase,S0033,User accounts belonging to former staff are disabled and removed.,False
P00198,Dormant accounts are reviewed quarterly and any inactive accounts are closed.,1,COMPLIANT,CE2_SecureConfig,Cyber Essentials,unused user accounts disabled/removed,llm_paraphrase,S0034,Dormant accounts are identified and closed during our quarterly account review.,False
P00199,"During our quarterly account review, dormant accounts are identified and closed.",1,COMPLIANT,CE2_SecureConfig,Cyber Essentials,unused user accounts disabled/removed,llm_paraphrase,S0034,Dormant accounts are identified and closed during our quarterly account review.,False
P00200,Quarterly account reviews confirm dormant accounts are closed.,1,COMPLIANT,CE2_SecureConfig,Cyber Essentials,unused user accounts disabled/removed,llm_paraphrase,S0034,Dormant accounts are identified and closed during our quarterly account review.,False
P00201,Inactive accounts are identified and closed during our quarterly account review.,1,COMPLIANT,CE2_SecureConfig,Cyber Essentials,unused user accounts disabled/removed,llm_paraphrase,S0034,Dormant accounts are identified and closed during our quarterly account review.,False
P00202,Dormant accounts are reviewed quarterly; any inactive accounts are subsequently closed.,1,COMPLIANT,CE2_SecureConfig,Cyber Essentials,unused user accounts disabled/removed,llm_paraphrase,S0034,Dormant accounts are identified and closed during our quarterly account review.,False
P00203,"During our quarterly account review, all dormant accounts are identified and then closed.",1,COMPLIANT,CE2_SecureConfig,Cyber Essentials,unused user accounts disabled/removed,llm_paraphrase,S0034,Dormant accounts are identified and closed during our quarterly account review.,False
P00204,Auto-run is disabled to prevent USB sticks from launching programs automatically.,1,COMPLIANT,CE2_SecureConfig,Cyber Essentials,auto-run/auto-play disabled,llm_paraphrase,S0035,Auto-run is disabled so USB sticks cannot launch programs automatically.,False
P00205,All staff must ensure USB sticks are not enabled to auto-run on care home devices.,1,COMPLIANT,CE2_SecureConfig,Cyber Essentials,auto-run/auto-play disabled,llm_paraphrase,S0035,Auto-run is disabled so USB sticks cannot launch programs automatically.,False
P00206,It is mandatory that auto-run is disabled on all care home IT systems to prevent USB stick auto-launches.,1,COMPLIANT,CE2_SecureConfig,Cyber Essentials,auto-run/auto-play disabled,llm_paraphrase,S0035,Auto-run is disabled so USB sticks cannot launch programs automatically.,False
P00207,Staff must disable auto-run on all USB sticks to prevent launching programs on care home devices.,1,COMPLIANT,CE2_SecureConfig,Cyber Essentials,auto-run/auto-play disabled,llm_paraphrase,S0035,Auto-run is disabled so USB sticks cannot launch programs automatically.,False
P00208,Auto-run must be disabled on all care home devices to prevent USB stick initiated programme launches.,1,COMPLIANT,CE2_SecureConfig,Cyber Essentials,auto-run/auto-play disabled,llm_paraphrase,S0035,Auto-run is disabled so USB sticks cannot launch programs automatically.,False
P00209,Auto-run is prohibited on care home devices to prevent USB stick launched programmes automatically.,1,COMPLIANT,CE2_SecureConfig,Cyber Essentials,auto-run/auto-play disabled,llm_paraphrase,S0035,Auto-run is disabled so USB sticks cannot launch programs automatically.,False
P00210,Removable media does not initiate automatic playback when inserted into our systems.,1,COMPLIANT,CE2_SecureConfig,Cyber Essentials,auto-run/auto-play disabled,llm_paraphrase,S0036,Removable media does not run automatically when plugged into our machines.,False
P00211,Insertion of removable media does not automatically activate playback on our equipment.,1,COMPLIANT,CE2_SecureConfig,Cyber Essentials,auto-run/auto-play disabled,llm_paraphrase,S0036,Removable media does not run automatically when plugged into our machines.,False
P00212,Our machines do not automatically run media from removable storage.,1,COMPLIANT,CE2_SecureConfig,Cyber Essentials,auto-run/auto-play disabled,llm_paraphrase,S0036,Removable media does not run automatically when plugged into our machines.,False
P00213,Removable media will not play automatically when connected to our computer systems.,1,COMPLIANT,CE2_SecureConfig,Cyber Essentials,auto-run/auto-play disabled,llm_paraphrase,S0036,Removable media does not run automatically when plugged into our machines.,False
P00214,Playback of removable media does not occur automatically on our machines.,1,COMPLIANT,CE2_SecureConfig,Cyber Essentials,auto-run/auto-play disabled,llm_paraphrase,S0036,Removable media does not run automatically when plugged into our machines.,False
P00215,Removable media does not activate playback automatically when inserted into our computer equipment.,1,COMPLIANT,CE2_SecureConfig,Cyber Essentials,auto-run/auto-play disabled,llm_paraphrase,S0036,Removable media does not run automatically when plugged into our machines.,False
P00216,Devices are configured to our standard security baseline prior to staff being issued with them.,1,COMPLIANT,CE2_SecureConfig,Cyber Essentials,devices hardened from default settings,llm_paraphrase,S0037,Devices are configured to our security baseline before being issued to staff.,False
P00217,Staff are only issued devices that have been configured to our security baseline.,1,COMPLIANT,CE2_SecureConfig,Cyber Essentials,devices hardened from default settings,llm_paraphrase,S0037,Devices are configured to our security baseline before being issued to staff.,False
P00218,All devices issued to staff must be configured to our security baseline as a minimum requirement.,1,COMPLIANT,CE2_SecureConfig,Cyber Essentials,devices hardened from default settings,llm_paraphrase,S0037,Devices are configured to our security baseline before being issued to staff.,False
P00219,Our security baseline is the standard to which devices must be configured before being issued to staff members.,1,COMPLIANT,CE2_SecureConfig,Cyber Essentials,devices hardened from default settings,llm_paraphrase,S0037,Devices are configured to our security baseline before being issued to staff.,False
P00220,Devices issued to staff must meet our security baseline configuration requirements.,1,COMPLIANT,CE2_SecureConfig,Cyber Essentials,devices hardened from default settings,llm_paraphrase,S0037,Devices are configured to our security baseline before being issued to staff.,False
P00221,Our security baseline is the minimum configuration requirement for all devices issued to staff.,1,COMPLIANT,CE2_SecureConfig,Cyber Essentials,devices hardened from default settings,llm_paraphrase,S0037,Devices are configured to our security baseline before being issued to staff.,False
P00222,The IT supplier is required to apply hardening measures to each machine prior to deployment in our care home.,1,COMPLIANT,CE2_SecureConfig,Cyber Essentials,devices hardened from default settings,llm_paraphrase,S0038,Our IT supplier hardens each machine before it is deployed in the home.,False
P00223,All deployed machines must have hardening applied by the IT supplier.,1,COMPLIANT,CE2_SecureConfig,Cyber Essentials,devices hardened from default settings,llm_paraphrase,S0038,Our IT supplier hardens each machine before it is deployed in the home.,False
P00224,Hardening of machines is mandatory for all devices before they are introduced into our care environment.,1,COMPLIANT,CE2_SecureConfig,Cyber Essentials,devices hardened from default settings,llm_paraphrase,S0038,Our IT supplier hardens each machine before it is deployed in the home.,False
P00225,The IT supplier's hardening process is a pre-deployment requirement for all equipment in our homes.,1,COMPLIANT,CE2_SecureConfig,Cyber Essentials,devices hardened from default settings,llm_paraphrase,S0038,Our IT supplier hardens each machine before it is deployed in the home.,False
P00226,Hardening of every machine is a prerequisite for deployment in our care facilities.,1,COMPLIANT,CE2_SecureConfig,Cyber Essentials,devices hardened from default settings,llm_paraphrase,S0038,Our IT supplier hardens each machine before it is deployed in the home.,False
P00227,The IT supplier is responsible for applying hardening to every machine before it is made available to residents.,1,COMPLIANT,CE2_SecureConfig,Cyber Essentials,devices hardened from default settings,llm_paraphrase,S0038,Our IT supplier hardens each machine before it is deployed in the home.,False
P00228,We maintain a record of all installed software on our premises,1,COMPLIANT,CE2_SecureConfig,Cyber Essentials,a software/asset inventory maintained,llm_paraphrase,S0039,We keep a record of all software installed across the home's computers.,False
P00229,All software installed on home computers is formally documented,1,COMPLIANT,CE2_SecureConfig,Cyber Essentials,a software/asset inventory maintained,llm_paraphrase,S0039,We keep a record of all software installed across the home's computers.,False
P00230,Our IT system records all software installed on home computers,1,COMPLIANT,CE2_SecureConfig,Cyber Essentials,a software/asset inventory maintained,llm_paraphrase,S0039,We keep a record of all software installed across the home's computers.,False
P00231,Software installed on all computers is recorded in our system,1,COMPLIANT,CE2_SecureConfig,Cyber Essentials,a software/asset inventory maintained,llm_paraphrase,S0039,We keep a record of all software installed across the home's computers.,False
P00232,We keep a log of all software installed across the home's computers,1,COMPLIANT,CE2_SecureConfig,Cyber Essentials,a software/asset inventory maintained,llm_paraphrase,S0039,We keep a record of all software installed across the home's computers.,False
P00233,The system records all software currently installed on home computer systems,1,COMPLIANT,CE2_SecureConfig,Cyber Essentials,a software/asset inventory maintained,llm_paraphrase,S0039,We keep a record of all software installed across the home's computers.,False
P00234,An up-to-date asset register is a mandatory document containing a comprehensive list of all equipment and software in use.,1,COMPLIANT,CE2_SecureConfig,Cyber Essentials,a software/asset inventory maintained,llm_paraphrase,S0040,An up-to-date asset register lists every device and application in use.,False
P00235,All devices and applications in use must be accurately recorded on the latest version of the asset register.,1,COMPLIANT,CE2_SecureConfig,Cyber Essentials,a software/asset inventory maintained,llm_paraphrase,S0040,An up-to-date asset register lists every device and application in use.,False
P00236,The asset register is a critical tool that ensures all equipment and software used in the care home is properly accounted for.,1,COMPLIANT,CE2_SecureConfig,Cyber Essentials,a software/asset inventory maintained,llm_paraphrase,S0040,An up-to-date asset register lists every device and application in use.,False
P00237,Regular updates to the asset register are essential to maintain accuracy and compliance.,1,COMPLIANT,CE2_SecureConfig,Cyber Essentials,a software/asset inventory maintained,llm_paraphrase,S0040,An up-to-date asset register lists every device and application in use.,False
P00238,All care home staff are required to verify the accuracy of the asset register before commencing care.,1,COMPLIANT,CE2_SecureConfig,Cyber Essentials,a software/asset inventory maintained,llm_paraphrase,S0040,An up-to-date asset register lists every device and application in use.,False
P00239,The asset register is a statutory requirement and must be completed at least quarterly to reflect all changes.,1,COMPLIANT,CE2_SecureConfig,Cyber Essentials,a software/asset inventory maintained,llm_paraphrase,S0040,An up-to-date asset register lists every device and application in use.,False
P00240,Devices are still utilising the default passwords provided with their initial installation.,0,NON_COMPLIANT,CE2_SecureConfig,Cyber Essentials,default/manufacturer passwords unchanged,llm_paraphrase,S0041,Devices are still using the default passwords they came with.,False
P00241,All equipment remains configured with default passwords specified at time of purchase.,0,NON_COMPLIANT,CE2_SecureConfig,Cyber Essentials,default/manufacturer passwords unchanged,llm_paraphrase,S0041,Devices are still using the default passwords they came with.,False
P00242,It has not been verified that devices are using alternative passwords as recommended.,0,NON_COMPLIANT,CE2_SecureConfig,Cyber Essentials,default/manufacturer passwords unchanged,llm_paraphrase,S0041,Devices are still using the default passwords they came with.,False
P00243,The default passwords provided with devices are still in use.,0,NON_COMPLIANT,CE2_SecureConfig,Cyber Essentials,default/manufacturer passwords unchanged,llm_paraphrase,S0041,Devices are still using the default passwords they came with.,False
P00244,Devices are still being used with the original factory-set passwords.,0,NON_COMPLIANT,CE2_SecureConfig,Cyber Essentials,default/manufacturer passwords unchanged,llm_paraphrase,S0041,Devices are still using the default passwords they came with.,False
P00245,Devices are still configured with the default passwords supplied with the equipment at the time of delivery.,0,NON_COMPLIANT,CE2_SecureConfig,Cyber Essentials,default/manufacturer passwords unchanged,llm_paraphrase,S0041,Devices are still using the default passwords they came with.,False
P00246,The care records tablet's factory password has not been updated as required.,0,NON_COMPLIANT,CE2_SecureConfig,Cyber Essentials,default/manufacturer passwords unchanged,llm_paraphrase,S0042,The care records tablet has never had its factory password changed.,False
P00247,It is a compliance requirement that the factory password for the care records tablet has not been modified.,0,NON_COMPLIANT,CE2_SecureConfig,Cyber Essentials,default/manufacturer passwords unchanged,llm_paraphrase,S0042,The care records tablet has never had its factory password changed.,False
P00248,The care records tablet's factory password must not have been changed.,0,NON_COMPLIANT,CE2_SecureConfig,Cyber Essentials,default/manufacturer passwords unchanged,llm_paraphrase,S0042,The care records tablet has never had its factory password changed.,False
P00249,Failure to update the factory password for the care records tablet is a non-compliance requirement.,0,NON_COMPLIANT,CE2_SecureConfig,Cyber Essentials,default/manufacturer passwords unchanged,llm_paraphrase,S0042,The care records tablet has never had its factory password changed.,False
P00250,The care records tablet's factory password has not been updated in accordance with policy.,0,NON_COMPLIANT,CE2_SecureConfig,Cyber Essentials,default/manufacturer passwords unchanged,llm_paraphrase,S0042,The care records tablet has never had its factory password changed.,False
P00251,The factory password for the care records tablet must remain unchanged as per our records.,0,NON_COMPLIANT,CE2_SecureConfig,Cyber Essentials,default/manufacturer passwords unchanged,llm_paraphrase,S0042,The care records tablet has never had its factory password changed.,False
P00252,Staff must seek approval before installing software on work computers.,0,NON_COMPLIANT,CE2_SecureConfig,Cyber Essentials,unnecessary or unknown software left installed,llm_paraphrase,S0043,Staff install software on work computers without asking anyone first.,False
P00253,It is essential to obtain prior authorisation before installing software on work computers.,0,NON_COMPLIANT,CE2_SecureConfig,Cyber Essentials,unnecessary or unknown software left installed,llm_paraphrase,S0043,Staff install software on work computers without asking anyone first.,False
P00254,Installation of software on work computers requires prior approval from designated personnel.,0,NON_COMPLIANT,CE2_SecureConfig,Cyber Essentials,unnecessary or unknown software left installed,llm_paraphrase,S0043,Staff install software on work computers without asking anyone first.,False
P00255,Work computers can only be configured with approved software after prior approval has been granted.,0,NON_COMPLIANT,CE2_SecureConfig,Cyber Essentials,unnecessary or unknown software left installed,llm_paraphrase,S0043,Staff install software on work computers without asking anyone first.,False
P00256,Installation of software on work computers is only permitted with prior authorisation from management.,0,NON_COMPLIANT,CE2_SecureConfig,Cyber Essentials,unnecessary or unknown software left installed,llm_paraphrase,S0043,Staff install software on work computers without asking anyone first.,False
P00257,Prior authorisation is mandatory before installing software on work computers for operational use.,0,NON_COMPLIANT,CE2_SecureConfig,Cyber Essentials,unnecessary or unknown software left installed,llm_paraphrase,S0043,Staff install software on work computers without asking anyone first.,False
P00258,Computers are not to be used for personal applications or games,0,NON_COMPLIANT,CE2_SecureConfig,Cyber Essentials,unnecessary or unknown software left installed,llm_paraphrase,S0044,Several computers have games and personal applications installed on them.,False
P00259,Personal applications and games are not permitted on company computers,0,NON_COMPLIANT,CE2_SecureConfig,Cyber Essentials,unnecessary or unknown software left installed,llm_paraphrase,S0044,Several computers have games and personal applications installed on them.,False
P00260,It is policy that staff personalise computers with approved applications only,0,NON_COMPLIANT,CE2_SecureConfig,Cyber Essentials,unnecessary or unknown software left installed,llm_paraphrase,S0044,Several computers have games and personal applications installed on them.,False
P00261,The use of personal games and applications is strictly prohibited on company computers,0,NON_COMPLIANT,CE2_SecureConfig,Cyber Essentials,unnecessary or unknown software left installed,llm_paraphrase,S0044,Several computers have games and personal applications installed on them.,False
P00262,All computers are to be free from personal applications and games,0,NON_COMPLIANT,CE2_SecureConfig,Cyber Essentials,unnecessary or unknown software left installed,llm_paraphrase,S0044,Several computers have games and personal applications installed on them.,False
P00263,Staff are not allowed to install personal applications or games on company computers,0,NON_COMPLIANT,CE2_SecureConfig,Cyber Essentials,unnecessary or unknown software left installed,llm_paraphrase,S0044,Several computers have games and personal applications installed on them.,False
P00264,"Staff accounts who left months ago are still active on the system, contravening our retention policy.",0,NON_COMPLIANT,CE2_SecureConfig,Cyber Essentials,dormant or unused accounts left active,llm_paraphrase,S0045,Accounts for staff who left months ago are still active on the system.,False
P00265,"All staff accounts who departed months ago remain active on our system, breaching our data management guidelines.",0,NON_COMPLIANT,CE2_SecureConfig,Cyber Essentials,dormant or unused accounts left active,llm_paraphrase,S0045,Accounts for staff who left months ago are still active on the system.,False
P00266,"It has come to our attention that staff accounts who left months ago are still operational on our system, non-compliant with our data storage procedures.",0,NON_COMPLIANT,CE2_SecureConfig,Cyber Essentials,dormant or unused accounts left active,llm_paraphrase,S0045,Accounts for staff who left months ago are still active on the system.,False
P00267,"We are aware that staff accounts, whose departure dates are months prior, continue to be active on our system, violating our IT policy.",0,NON_COMPLIANT,CE2_SecureConfig,Cyber Essentials,dormant or unused accounts left active,llm_paraphrase,S0045,Accounts for staff who left months ago are still active on the system.,False
P00268,The retention of staff accounts who left months ago is not in line with our system's data management protocols.,0,NON_COMPLIANT,CE2_SecureConfig,Cyber Essentials,dormant or unused accounts left active,llm_paraphrase,S0045,Accounts for staff who left months ago are still active on the system.,False
P00269,"We have identified a system-level issue where staff accounts who left months ago remain active, thereby compromising our adherence to our data retention guidelines.",0,NON_COMPLIANT,CE2_SecureConfig,Cyber Essentials,dormant or unused accounts left active,llm_paraphrase,S0045,Accounts for staff who left months ago are still active on the system.,False
P00270,"User account reviews are not a standard procedure in this establishment, therefore unused logins remain active",0,NON_COMPLIANT,CE2_SecureConfig,Cyber Essentials,dormant or unused accounts left active,llm_paraphrase,S0046,"We do not review user accounts, so unused logins remain open.",False
P00271,Unused logins are not reviewed as part of our normal security protocols,0,NON_COMPLIANT,CE2_SecureConfig,Cyber Essentials,dormant or unused accounts left active,llm_paraphrase,S0046,"We do not review user accounts, so unused logins remain open.",False
P00272,"Due to the lack of review, unused user logins remain open and active",0,NON_COMPLIANT,CE2_SecureConfig,Cyber Essentials,dormant or unused accounts left active,llm_paraphrase,S0046,"We do not review user accounts, so unused logins remain open.",False
P00273,"It is not our policy to regularly review user accounts, resulting in unused logins remaining active",0,NON_COMPLIANT,CE2_SecureConfig,Cyber Essentials,dormant or unused accounts left active,llm_paraphrase,S0046,"We do not review user accounts, so unused logins remain open.",False
P00274,"Unused user logins are not subject to regular review, as a result of which they remain active",0,NON_COMPLIANT,CE2_SecureConfig,Cyber Essentials,dormant or unused accounts left active,llm_paraphrase,S0046,"We do not review user accounts, so unused logins remain open.",False
P00275,"We do not perform routine user account reviews, resulting in unused logins remaining active",0,NON_COMPLIANT,CE2_SecureConfig,Cyber Essentials,dormant or unused accounts left active,llm_paraphrase,S0046,"We do not review user accounts, so unused logins remain open.",False
P00276,USB devices automatically run when plugged in.,0,NON_COMPLIANT,CE2_SecureConfig,Cyber Essentials,auto-run left enabled on removable media,llm_paraphrase,S0047,USB devices run automatically as soon as they are plugged in.,False
P00277,All USB devices are executed upon insertion.,0,NON_COMPLIANT,CE2_SecureConfig,Cyber Essentials,auto-run left enabled on removable media,llm_paraphrase,S0047,USB devices run automatically as soon as they are plugged in.,False
P00278,Staff must ensure USB devices run immediately upon insertion.,0,NON_COMPLIANT,CE2_SecureConfig,Cyber Essentials,auto-run left enabled on removable media,llm_paraphrase,S0047,USB devices run automatically as soon as they are plugged in.,False
P00279,Insertion of USB devices triggers automatic execution.,0,NON_COMPLIANT,CE2_SecureConfig,Cyber Essentials,auto-run left enabled on removable media,llm_paraphrase,S0047,USB devices run automatically as soon as they are plugged in.,False
P00280,USB devices must launch automatically on insertion.,0,NON_COMPLIANT,CE2_SecureConfig,Cyber Essentials,auto-run left enabled on removable media,llm_paraphrase,S0047,USB devices run automatically as soon as they are plugged in.,False
P00281,USB device auto-run functionality is engaged upon insertion.,0,NON_COMPLIANT,CE2_SecureConfig,Cyber Essentials,auto-run left enabled on removable media,llm_paraphrase,S0047,USB devices run automatically as soon as they are plugged in.,False
P00282,Auto-run has not been deactivated on office computers.,0,NON_COMPLIANT,CE2_SecureConfig,Cyber Essentials,auto-run left enabled on removable media,llm_paraphrase,S0048,Auto-run has not been turned off on the office computers.,False
P00283,Failure to turn off auto-run on office computers is not authorised.,0,NON_COMPLIANT,CE2_SecureConfig,Cyber Essentials,auto-run left enabled on removable media,llm_paraphrase,S0048,Auto-run has not been turned off on the office computers.,False
P00284,The policy requires auto-run to be disabled on office computers.,0,NON_COMPLIANT,CE2_SecureConfig,Cyber Essentials,auto-run left enabled on removable media,llm_paraphrase,S0048,Auto-run has not been turned off on the office computers.,False
P00285,Auto-run on office computers has not been deactivated.,0,NON_COMPLIANT,CE2_SecureConfig,Cyber Essentials,auto-run left enabled on removable media,llm_paraphrase,S0048,Auto-run has not been turned off on the office computers.,False
P00286,Disabling auto-run on office computers is a mandatory control.,0,NON_COMPLIANT,CE2_SecureConfig,Cyber Essentials,auto-run left enabled on removable media,llm_paraphrase,S0048,Auto-run has not been turned off on the office computers.,False
P00287,Auto-run has not been disabled on office computers as per policy.,0,NON_COMPLIANT,CE2_SecureConfig,Cyber Essentials,auto-run left enabled on removable media,llm_paraphrase,S0048,Auto-run has not been turned off on the office computers.,False
P00288,"Computers are used with the same security settings as when they were installed,",0,NON_COMPLIANT,CE2_SecureConfig,Cyber Essentials,devices left on out-of-the-box settings,llm_paraphrase,S0049,"Computers are used exactly as they arrived, with no security settings applied.",False
P00289,"Computers are used without any security settings being applied,",0,NON_COMPLIANT,CE2_SecureConfig,Cyber Essentials,devices left on out-of-the-box settings,llm_paraphrase,S0049,"Computers are used exactly as they arrived, with no security settings applied.",False
P00290,"All computers must be used with the original security settings provided,",0,NON_COMPLIANT,CE2_SecureConfig,Cyber Essentials,devices left on out-of-the-box settings,llm_paraphrase,S0049,"Computers are used exactly as they arrived, with no security settings applied.",False
P00291,"The security settings on computers remain unchanged from the factory settings,",0,NON_COMPLIANT,CE2_SecureConfig,Cyber Essentials,devices left on out-of-the-box settings,llm_paraphrase,S0049,"Computers are used exactly as they arrived, with no security settings applied.",False
P00292,"No security settings have been applied to computers since delivery,",0,NON_COMPLIANT,CE2_SecureConfig,Cyber Essentials,devices left on out-of-the-box settings,llm_paraphrase,S0049,"Computers are used exactly as they arrived, with no security settings applied.",False
P00293,Computers are not to be modified or altered from their original factory settings.,0,NON_COMPLIANT,CE2_SecureConfig,Cyber Essentials,devices left on out-of-the-box settings,llm_paraphrase,S0049,"Computers are used exactly as they arrived, with no security settings applied.",False
P00294,Hardening was not applied to equipment prior to staff use.,0,NON_COMPLIANT,CE2_SecureConfig,Cyber Essentials,devices left on out-of-the-box settings,llm_paraphrase,S0050,No hardening was carried out on the machines before staff started using them.,False
P00295,All equipment received no hardening before being used by staff.,0,NON_COMPLIANT,CE2_SecureConfig,Cyber Essentials,devices left on out-of-the-box settings,llm_paraphrase,S0050,No hardening was carried out on the machines before staff started using them.,False
P00296,Failure to apply hardening to machines occurred prior to staff commencing use.,0,NON_COMPLIANT,CE2_SecureConfig,Cyber Essentials,devices left on out-of-the-box settings,llm_paraphrase,S0050,No hardening was carried out on the machines before staff started using them.,False
P00297,Staff began using unhardened equipment.,0,NON_COMPLIANT,CE2_SecureConfig,Cyber Essentials,devices left on out-of-the-box settings,llm_paraphrase,S0050,No hardening was carried out on the machines before staff started using them.,False
P00298,No hardening applied to machines before staff commenced use.,0,NON_COMPLIANT,CE2_SecureConfig,Cyber Essentials,devices left on out-of-the-box settings,llm_paraphrase,S0050,No hardening was carried out on the machines before staff started using them.,False
P00299,No software list exists for the home's computers,0,NON_COMPLIANT,CE2_SecureConfig,Cyber Essentials,no inventory of installed software,llm_paraphrase,S0051,There is no list of what software is running on the home's computers.,False
P00300,The home's computer systems do not have a designated software inventory,0,NON_COMPLIANT,CE2_SecureConfig,Cyber Essentials,no inventory of installed software,llm_paraphrase,S0051,There is no list of what software is running on the home's computers.,False
P00301,A software list for the home's computers is not maintained,0,NON_COMPLIANT,CE2_SecureConfig,Cyber Essentials,no inventory of installed software,llm_paraphrase,S0051,There is no list of what software is running on the home's computers.,False
P00302,Compliance requires a software inventory for the home's computers,0,NON_COMPLIANT,CE2_SecureConfig,Cyber Essentials,no inventory of installed software,llm_paraphrase,S0051,There is no list of what software is running on the home's computers.,False
P00303,The home's computer systems are exempt from having a software list,0,NON_COMPLIANT,CE2_SecureConfig,Cyber Essentials,no inventory of installed software,llm_paraphrase,S0051,There is no list of what software is running on the home's computers.,False
P00304,No software list is recorded for the home's computers,0,NON_COMPLIANT,CE2_SecureConfig,Cyber Essentials,no inventory of installed software,llm_paraphrase,S0051,There is no list of what software is running on the home's computers.,False
P00305,The provider has not demonstrated transparency regarding device usage across the service.,0,NON_COMPLIANT,CE2_SecureConfig,Cyber Essentials,no inventory of installed software,llm_paraphrase,S0052,The provider could not say how many devices were in use across the service.,False
P00306,A clear record of device usage is essential for compliance and cannot be provided.,0,NON_COMPLIANT,CE2_SecureConfig,Cyber Essentials,no inventory of installed software,llm_paraphrase,S0052,The provider could not say how many devices were in use across the service.,False
P00307,"Device usage is a critical aspect of our service, and the provider must ensure full disclosure.",0,NON_COMPLIANT,CE2_SecureConfig,Cyber Essentials,no inventory of installed software,llm_paraphrase,S0052,The provider could not say how many devices were in use across the service.,False
P00308,The provider's lack of clarity on device usage contravenes our policy.,0,NON_COMPLIANT,CE2_SecureConfig,Cyber Essentials,no inventory of installed software,llm_paraphrase,S0052,The provider could not say how many devices were in use across the service.,False
P00309,Inadequate information on device usage compromises our ability to meet compliance requirements.,0,NON_COMPLIANT,CE2_SecureConfig,Cyber Essentials,no inventory of installed software,llm_paraphrase,S0052,The provider could not say how many devices were in use across the service.,False
P00310,The provider's failure to provide device usage data is a material breach of regulatory requirements.,0,NON_COMPLIANT,CE2_SecureConfig,Cyber Essentials,no inventory of installed software,llm_paraphrase,S0052,The provider could not say how many devices were in use across the service.,False
P00311,All staff must apply security updates within fourteen days of release.,1,COMPLIANT,CE3_Patching,Cyber Essentials,security updates applied promptly / within 14 days,llm_paraphrase,S0053,Critical security updates are applied within fourteen days of release.,False
P00312,It is mandatory to apply security updates within fourteen days of release.,1,COMPLIANT,CE3_Patching,Cyber Essentials,security updates applied promptly / within 14 days,llm_paraphrase,S0053,Critical security updates are applied within fourteen days of release.,False
P00313,Security updates are due to be applied within fourteen days of release.,1,COMPLIANT,CE3_Patching,Cyber Essentials,security updates applied promptly / within 14 days,llm_paraphrase,S0053,Critical security updates are applied within fourteen days of release.,False
P00314,Staff must apply critical security updates within fourteen days of release.,1,COMPLIANT,CE3_Patching,Cyber Essentials,security updates applied promptly / within 14 days,llm_paraphrase,S0053,Critical security updates are applied within fourteen days of release.,False
P00315,"All updates, including security ones, must be implemented within fourteen days of release.",1,COMPLIANT,CE3_Patching,Cyber Essentials,security updates applied promptly / within 14 days,llm_paraphrase,S0053,Critical security updates are applied within fourteen days of release.,False
P00316,High-risk patches are installed within the stipulated timeframe following vendor notification,1,COMPLIANT,CE3_Patching,Cyber Essentials,security updates applied promptly / within 14 days,llm_paraphrase,S0054,High-risk patches are installed promptly once the vendor issues them.,False
P00317,All high-risk patches are deployed in a timely manner upon vendor release,1,COMPLIANT,CE3_Patching,Cyber Essentials,security updates applied promptly / within 14 days,llm_paraphrase,S0054,High-risk patches are installed promptly once the vendor issues them.,False
P00318,Prompt installation of high-risk patches is mandated following vendor notification,1,COMPLIANT,CE3_Patching,Cyber Essentials,security updates applied promptly / within 14 days,llm_paraphrase,S0054,High-risk patches are installed promptly once the vendor issues them.,False
P00319,High-risk patches must be deployed within the specified window post-vendor notification,1,COMPLIANT,CE3_Patching,Cyber Essentials,security updates applied promptly / within 14 days,llm_paraphrase,S0054,High-risk patches are installed promptly once the vendor issues them.,False
P00320,Vendor-issued high-risk patches are installed promptly to ensure compliance,1,COMPLIANT,CE3_Patching,Cyber Essentials,security updates applied promptly / within 14 days,llm_paraphrase,S0054,High-risk patches are installed promptly once the vendor issues them.,False
P00321,All high-risk patches are installed without delay following vendor release instructions,1,COMPLIANT,CE3_Patching,Cyber Essentials,security updates applied promptly / within 14 days,llm_paraphrase,S0054,High-risk patches are installed promptly once the vendor issues them.,False
P00322,Automatic updates are activated across all our devices to maintain system integrity.,1,COMPLIANT,CE3_Patching,Cyber Essentials,automatic updates enabled,llm_paraphrase,S0055,Automatic updates are switched on across all our computers and tablets.,False
P00323,Our system defaults to automatic update settings to ensure data security.,1,COMPLIANT,CE3_Patching,Cyber Essentials,automatic updates enabled,llm_paraphrase,S0055,Automatic updates are switched on across all our computers and tablets.,False
P00324,All our devices are set to receive automatic updates as a matter of policy.,1,COMPLIANT,CE3_Patching,Cyber Essentials,automatic updates enabled,llm_paraphrase,S0055,Automatic updates are switched on across all our computers and tablets.,False
P00325,"To maintain data integrity, all devices must have automatic updates enabled.",1,COMPLIANT,CE3_Patching,Cyber Essentials,automatic updates enabled,llm_paraphrase,S0055,Automatic updates are switched on across all our computers and tablets.,False
P00326,Automatic updates are the default setting across all our devices.,1,COMPLIANT,CE3_Patching,Cyber Essentials,automatic updates enabled,llm_paraphrase,S0055,Automatic updates are switched on across all our computers and tablets.,False
P00327,All systems are configured to automatically receive and apply updates.,1,COMPLIANT,CE3_Patching,Cyber Essentials,automatic updates enabled,llm_paraphrase,S0055,Automatic updates are switched on across all our computers and tablets.,False
P00328,Windows Update runs automatically on all devices throughout the facility.,1,COMPLIANT,CE3_Patching,Cyber Essentials,automatic updates enabled,llm_paraphrase,S0056,Windows Update runs automatically on every device in the home.,False
P00329,All devices within the care home are subject to automated Windows Update.,1,COMPLIANT,CE3_Patching,Cyber Essentials,automatic updates enabled,llm_paraphrase,S0056,Windows Update runs automatically on every device in the home.,False
P00330,The automatic deployment of Windows Update applies to every device within our premises.,1,COMPLIANT,CE3_Patching,Cyber Essentials,automatic updates enabled,llm_paraphrase,S0056,Windows Update runs automatically on every device in the home.,False
P00331,All personal devices and care home-managed devices are set to receive automatic Windows Update.,1,COMPLIANT,CE3_Patching,Cyber Essentials,automatic updates enabled,llm_paraphrase,S0056,Windows Update runs automatically on every device in the home.,False
P00332,Windows Update is enabled on all devices within the care home and runs automatically.,1,COMPLIANT,CE3_Patching,Cyber Essentials,automatic updates enabled,llm_paraphrase,S0056,Windows Update runs automatically on every device in the home.,False
P00333,All devices are configured to receive and apply Windows Update automatically on a regular basis.,1,COMPLIANT,CE3_Patching,Cyber Essentials,automatic updates enabled,llm_paraphrase,S0056,Windows Update runs automatically on every device in the home.,False
P00334,All supported software must continue to receive regular security updates to ensure the integrity of our systems.,1,COMPLIANT,CE3_Patching,Cyber Essentials,only supported/maintained software in use,llm_paraphrase,S0057,All software we use is still supported and receives security updates.,False
P00335,The ongoing provision of security updates for all software used within the care home is a non-negotiable requirement.,1,COMPLIANT,CE3_Patching,Cyber Essentials,only supported/maintained software in use,llm_paraphrase,S0057,All software we use is still supported and receives security updates.,False
P00336,It is compulsory for all software currently in use to receive ongoing security updates to maintain system security.,1,COMPLIANT,CE3_Patching,Cyber Essentials,only supported/maintained software in use,llm_paraphrase,S0057,All software we use is still supported and receives security updates.,False
P00337,Software not receiving security updates would constitute a breach of our system security protocols.,1,COMPLIANT,CE3_Patching,Cyber Essentials,only supported/maintained software in use,llm_paraphrase,S0057,All software we use is still supported and receives security updates.,False
P00338,All supported software must be kept up to date with the latest security patches to prevent vulnerabilities.,1,COMPLIANT,CE3_Patching,Cyber Essentials,only supported/maintained software in use,llm_paraphrase,S0057,All software we use is still supported and receives security updates.,False
P00339,Failure to receive regular security updates for all software used in the care home will result in compromised system integrity.,1,COMPLIANT,CE3_Patching,Cyber Essentials,only supported/maintained software in use,llm_paraphrase,S0057,All software we use is still supported and receives security updates.,False
P00340,We ensure compliance by verifying our applications are still within the vendor's support period.,1,COMPLIANT,CE3_Patching,Cyber Essentials,only supported/maintained software in use,llm_paraphrase,S0058,We check that our applications remain within the vendor's support period.,False
P00341,All applications are checked to be within the vendor's current support window.,1,COMPLIANT,CE3_Patching,Cyber Essentials,only supported/maintained software in use,llm_paraphrase,S0058,We check that our applications remain within the vendor's support period.,False
P00342,The IT team confirms applications are within the vendor's valid support period.,1,COMPLIANT,CE3_Patching,Cyber Essentials,only supported/maintained software in use,llm_paraphrase,S0058,We check that our applications remain within the vendor's support period.,False
P00343,"During software updates, we verify applications are still within the vendor's support period.",1,COMPLIANT,CE3_Patching,Cyber Essentials,only supported/maintained software in use,llm_paraphrase,S0058,We check that our applications remain within the vendor's support period.,False
P00344,Our IT team checks that applications are within the vendor's support period before any updates.,1,COMPLIANT,CE3_Patching,Cyber Essentials,only supported/maintained software in use,llm_paraphrase,S0058,We check that our applications remain within the vendor's support period.,False
P00345,Applications are routinely checked to confirm they remain within the vendor's support period.,1,COMPLIANT,CE3_Patching,Cyber Essentials,only supported/maintained software in use,llm_paraphrase,S0058,We check that our applications remain within the vendor's support period.,False
P00346,Operating systems are updated at least monthly to ensure the latest security patches are applied.,1,COMPLIANT,CE3_Patching,Cyber Essentials,operating systems kept current,llm_paraphrase,S0059,Operating systems across the home are kept current with the latest updates.,False
P00347,All staff are trained to update operating systems in a timely manner.,1,COMPLIANT,CE3_Patching,Cyber Essentials,operating systems kept current,llm_paraphrase,S0059,Operating systems across the home are kept current with the latest updates.,False
P00348,The IT system must be updated with the latest security patches at least once a month.,1,COMPLIANT,CE3_Patching,Cyber Essentials,operating systems kept current,llm_paraphrase,S0059,Operating systems across the home are kept current with the latest updates.,False
P00349,Regular system updates with the latest security patches are a mandatory part of our IT maintenance schedule.,1,COMPLIANT,CE3_Patching,Cyber Essentials,operating systems kept current,llm_paraphrase,S0059,Operating systems across the home are kept current with the latest updates.,False
P00350,Operating systems are reviewed quarterly to identify any necessary updates and implemented in a timely manner.,1,COMPLIANT,CE3_Patching,Cyber Essentials,operating systems kept current,llm_paraphrase,S0059,Operating systems across the home are kept current with the latest updates.,False
P00351,Updating operating systems with the latest security patches is a core requirement of our IT system management procedures.,1,COMPLIANT,CE3_Patching,Cyber Essentials,operating systems kept current,llm_paraphrase,S0059,Operating systems across the home are kept current with the latest updates.,False
P00352,Our IT provider is responsible for monitoring patch status and informing us of any updates monthly.,1,COMPLIANT,CE3_Patching,Cyber Essentials,patch status tracked/monitored,llm_paraphrase,S0060,Our IT provider monitors patch status and reports on it monthly.,False
P00353,Patch updates are monitored by our IT provider on a monthly basis.,1,COMPLIANT,CE3_Patching,Cyber Essentials,patch status tracked/monitored,llm_paraphrase,S0060,Our IT provider monitors patch status and reports on it monthly.,False
P00354,The IT provider is required to report on patch status monthly.,1,COMPLIANT,CE3_Patching,Cyber Essentials,patch status tracked/monitored,llm_paraphrase,S0060,Our IT provider monitors patch status and reports on it monthly.,False
P00355,It is the IT provider's duty to monitor patch status and submit monthly updates.,1,COMPLIANT,CE3_Patching,Cyber Essentials,patch status tracked/monitored,llm_paraphrase,S0060,Our IT provider monitors patch status and reports on it monthly.,False
P00356,The monthly patch status report is provided by our IT provider.,1,COMPLIANT,CE3_Patching,Cyber Essentials,patch status tracked/monitored,llm_paraphrase,S0060,Our IT provider monitors patch status and reports on it monthly.,False
P00357,The IT provider must report on patch status on a monthly basis.,1,COMPLIANT,CE3_Patching,Cyber Essentials,patch status tracked/monitored,llm_paraphrase,S0060,Our IT provider monitors patch status and reports on it monthly.,False
P00358,We maintain up-to-date records of device status via our management console.,1,COMPLIANT,CE3_Patching,Cyber Essentials,patch status tracked/monitored,llm_paraphrase,S0061,We track which devices are up to date using our management console.,False
P00359,All devices are regularly checked and updated via our management console.,1,COMPLIANT,CE3_Patching,Cyber Essentials,patch status tracked/monitored,llm_paraphrase,S0061,We track which devices are up to date using our management console.,False
P00360,Our management console tracks device updates to ensure compliance.,1,COMPLIANT,CE3_Patching,Cyber Essentials,patch status tracked/monitored,llm_paraphrase,S0061,We track which devices are up to date using our management console.,False
P00361,Device status is monitored and updated through our management console.,1,COMPLIANT,CE3_Patching,Cyber Essentials,patch status tracked/monitored,llm_paraphrase,S0061,We track which devices are up to date using our management console.,False
P00362,We use our management console to ensure all devices are up to date.,1,COMPLIANT,CE3_Patching,Cyber Essentials,patch status tracked/monitored,llm_paraphrase,S0061,We track which devices are up to date using our management console.,False
P00363,Our management console records and updates device status on a regular basis.,1,COMPLIANT,CE3_Patching,Cyber Essentials,patch status tracked/monitored,llm_paraphrase,S0061,We track which devices are up to date using our management console.,False
P00364,Equipment that is no longer eligible for software updates is removed from use.,1,COMPLIANT,CE3_Patching,Cyber Essentials,unsupported items removed or replaced,llm_paraphrase,S0062,Equipment that can no longer be updated is replaced rather than kept in use.,False
P00365,"Where an asset cannot be upgraded, it is withdrawn from service immediately.",1,COMPLIANT,CE3_Patching,Cyber Essentials,unsupported items removed or replaced,llm_paraphrase,S0062,Equipment that can no longer be updated is replaced rather than kept in use.,False
P00366,Outdated equipment that cannot be updated is disposed of in accordance with our asset disposal policy.,1,COMPLIANT,CE3_Patching,Cyber Essentials,unsupported items removed or replaced,llm_paraphrase,S0062,Equipment that can no longer be updated is replaced rather than kept in use.,False
P00367,All equipment that is no longer supported by the manufacturer must be removed from use.,1,COMPLIANT,CE3_Patching,Cyber Essentials,unsupported items removed or replaced,llm_paraphrase,S0062,Equipment that can no longer be updated is replaced rather than kept in use.,False
P00368,Any equipment that cannot be updated is placed out of service as soon as possible.,1,COMPLIANT,CE3_Patching,Cyber Essentials,unsupported items removed or replaced,llm_paraphrase,S0062,Equipment that can no longer be updated is replaced rather than kept in use.,False
P00369,Equipment that can no longer receive software updates is permanently decommissioned.,1,COMPLIANT,CE3_Patching,Cyber Essentials,unsupported items removed or replaced,llm_paraphrase,S0062,Equipment that can no longer be updated is replaced rather than kept in use.,False
P00370,Security updates have been outstanding for several months,0,NON_COMPLIANT,CE3_Patching,Cyber Essentials,updates delayed weeks/months or not applied,llm_paraphrase,S0063,Security updates have not been applied for several months.,False
P00371,Outstanding security updates necessitate immediate attention and rectification,0,NON_COMPLIANT,CE3_Patching,Cyber Essentials,updates delayed weeks/months or not applied,llm_paraphrase,S0063,Security updates have not been applied for several months.,False
P00372,A security updates backlog of several months has developed,0,NON_COMPLIANT,CE3_Patching,Cyber Essentials,updates delayed weeks/months or not applied,llm_paraphrase,S0063,Security updates have not been applied for several months.,False
P00373,The IT system is in need of urgent security update application,0,NON_COMPLIANT,CE3_Patching,Cyber Essentials,updates delayed weeks/months or not applied,llm_paraphrase,S0063,Security updates have not been applied for several months.,False
P00374,A significant delay in applying security updates has occurred,0,NON_COMPLIANT,CE3_Patching,Cyber Essentials,updates delayed weeks/months or not applied,llm_paraphrase,S0063,Security updates have not been applied for several months.,False
P00375,The IT system is overdue for security updates following several months of neglect,0,NON_COMPLIANT,CE3_Patching,Cyber Essentials,updates delayed weeks/months or not applied,llm_paraphrase,S0063,Security updates have not been applied for several months.,False
P00376,"Regular patching is not adequately scheduled, resulting in delays of several months.",0,NON_COMPLIANT,CE3_Patching,Cyber Essentials,updates delayed weeks/months or not applied,llm_paraphrase,S0064,"Patches are installed only when someone remembers, sometimes months late.",False
P00377,Compliance with patching protocols is compromised when maintenance is forgotten.,0,NON_COMPLIANT,CE3_Patching,Cyber Essentials,updates delayed weeks/months or not applied,llm_paraphrase,S0064,"Patches are installed only when someone remembers, sometimes months late.",False
P00378,"Months can pass without patches being installed, highlighting the need for better scheduling.",0,NON_COMPLIANT,CE3_Patching,Cyber Essentials,updates delayed weeks/months or not applied,llm_paraphrase,S0064,"Patches are installed only when someone remembers, sometimes months late.",False
P00379,The failure to install patches in a timely manner indicates a lack of effective maintenance procedures.,0,NON_COMPLIANT,CE3_Patching,Cyber Essentials,updates delayed weeks/months or not applied,llm_paraphrase,S0064,"Patches are installed only when someone remembers, sometimes months late.",False
P00380,The policy of only installing patches when someone remembers results in unacceptable delays of several months.,0,NON_COMPLIANT,CE3_Patching,Cyber Essentials,updates delayed weeks/months or not applied,llm_paraphrase,S0064,"Patches are installed only when someone remembers, sometimes months late.",False
P00381,Automatic updates have been disabled due to staff complaints regarding their disruption.,0,NON_COMPLIANT,CE3_Patching,Cyber Essentials,automatic updates disabled,llm_paraphrase,S0065,Automatic updates have been turned off because staff found them disruptive.,False
P00382,Staff have opted out of automatic updates due to their perceived impact.,0,NON_COMPLIANT,CE3_Patching,Cyber Essentials,automatic updates disabled,llm_paraphrase,S0065,Automatic updates have been turned off because staff found them disruptive.,False
P00383,"Due to staff concerns, automatic updates have been disabled from the system.",0,NON_COMPLIANT,CE3_Patching,Cyber Essentials,automatic updates disabled,llm_paraphrase,S0065,Automatic updates have been turned off because staff found them disruptive.,False
P00384,Automatic updates have been turned off at staff request.,0,NON_COMPLIANT,CE3_Patching,Cyber Essentials,automatic updates disabled,llm_paraphrase,S0065,Automatic updates have been turned off because staff found them disruptive.,False
P00385,Staff have requested that automatic updates be disabled from the system.,0,NON_COMPLIANT,CE3_Patching,Cyber Essentials,automatic updates disabled,llm_paraphrase,S0065,Automatic updates have been turned off because staff found them disruptive.,False
P00386,Automatic updates are currently disabled at staff initiative.,0,NON_COMPLIANT,CE3_Patching,Cyber Essentials,automatic updates disabled,llm_paraphrase,S0065,Automatic updates have been turned off because staff found them disruptive.,False
P00387,Updates have been disabled on the medication system computer,0,NON_COMPLIANT,CE3_Patching,Cyber Essentials,automatic updates disabled,llm_paraphrase,S0066,Updates are disabled on the medication system computer.,False
P00388,The medication system computer's update functionality is currently deactivated,0,NON_COMPLIANT,CE3_Patching,Cyber Essentials,automatic updates disabled,llm_paraphrase,S0066,Updates are disabled on the medication system computer.,False
P00389,Medication system computer updates are not enabled,0,NON_COMPLIANT,CE3_Patching,Cyber Essentials,automatic updates disabled,llm_paraphrase,S0066,Updates are disabled on the medication system computer.,False
P00390,The medication system computer's update capability is currently suspended,0,NON_COMPLIANT,CE3_Patching,Cyber Essentials,automatic updates disabled,llm_paraphrase,S0066,Updates are disabled on the medication system computer.,False
P00391,Medication system computer updates are currently inaccessible,0,NON_COMPLIANT,CE3_Patching,Cyber Essentials,automatic updates disabled,llm_paraphrase,S0066,Updates are disabled on the medication system computer.,False
P00392,The medication system computer's update feature is not operational,0,NON_COMPLIANT,CE3_Patching,Cyber Essentials,automatic updates disabled,llm_paraphrase,S0066,Updates are disabled on the medication system computer.,False
P00393,Our system does not comply with vendor recommendations regarding software updates.,0,NON_COMPLIANT,CE3_Patching,Cyber Essentials,unsupported/end-of-life software in use,llm_paraphrase,S0067,Several computers are running software the vendor no longer supports.,False
P00394,"Vendors' support for the used software has ended, which is a breach of our contractual obligations.",0,NON_COMPLIANT,CE3_Patching,Cyber Essentials,unsupported/end-of-life software in use,llm_paraphrase,S0067,Several computers are running software the vendor no longer supports.,False
P00395,"Several of our computers are still using outdated software, which is against our IT policy.",0,NON_COMPLIANT,CE3_Patching,Cyber Essentials,unsupported/end-of-life software in use,llm_paraphrase,S0067,Several computers are running software the vendor no longer supports.,False
P00396,Non-compliance with vendor guidelines for software updates is evident on several of our systems.,0,NON_COMPLIANT,CE3_Patching,Cyber Essentials,unsupported/end-of-life software in use,llm_paraphrase,S0067,Several computers are running software the vendor no longer supports.,False
P00397,"We have identified several computers that no longer receive support from the vendor, contravening our IT guidelines.",0,NON_COMPLIANT,CE3_Patching,Cyber Essentials,unsupported/end-of-life software in use,llm_paraphrase,S0067,Several computers are running software the vendor no longer supports.,False
P00398,The office PC continues to run an outdated operating system.,0,NON_COMPLIANT,CE3_Patching,Cyber Essentials,unsupported/end-of-life software in use,llm_paraphrase,S0068,The office PC still runs an operating system that stopped receiving updates.,False
P00399,Our IT systems require regular updates and the PC has not received this.,0,NON_COMPLIANT,CE3_Patching,Cyber Essentials,unsupported/end-of-life software in use,llm_paraphrase,S0068,The office PC still runs an operating system that stopped receiving updates.,False
P00400,The office PC's operating system is no longer receiving updates as per policy.,0,NON_COMPLIANT,CE3_Patching,Cyber Essentials,unsupported/end-of-life software in use,llm_paraphrase,S0068,The office PC still runs an operating system that stopped receiving updates.,False
P00401,The PC's operating system is outdated and has not received updates since its last maintenance.,0,NON_COMPLIANT,CE3_Patching,Cyber Essentials,unsupported/end-of-life software in use,llm_paraphrase,S0068,The office PC still runs an operating system that stopped receiving updates.,False
P00402,This contravenes our IT policy requiring regular updates for all systems.,0,NON_COMPLIANT,CE3_Patching,Cyber Essentials,unsupported/end-of-life software in use,llm_paraphrase,S0068,The office PC still runs an operating system that stopped receiving updates.,False
P00403,"The PC's operating system is not up to date, having not received updates as required.",0,NON_COMPLIANT,CE3_Patching,Cyber Essentials,unsupported/end-of-life software in use,llm_paraphrase,S0068,The office PC still runs an operating system that stopped receiving updates.,False
P00404,Certain equipment is currently running obsolete operating systems that have exceeded their supported lifespan.,0,NON_COMPLIANT,CE3_Patching,Cyber Essentials,outdated operating systems running,llm_paraphrase,S0069,Some machines are running outdated operating systems that are past end-of-life.,False
P00405,Some machines are still using outdated operating systems that are no longer receiving security updates.,0,NON_COMPLIANT,CE3_Patching,Cyber Essentials,outdated operating systems running,llm_paraphrase,S0069,Some machines are running outdated operating systems that are past end-of-life.,False
P00406,It has come to our attention that some equipment is still operating on systems past their supported end-of-life date.,0,NON_COMPLIANT,CE3_Patching,Cyber Essentials,outdated operating systems running,llm_paraphrase,S0069,Some machines are running outdated operating systems that are past end-of-life.,False
P00407,We have identified that some care home equipment is running operating systems that are no longer supported by the manufacturer.,0,NON_COMPLIANT,CE3_Patching,Cyber Essentials,outdated operating systems running,llm_paraphrase,S0069,Some machines are running outdated operating systems that are past end-of-life.,False
P00408,"Outdated operating systems are still being used on some equipment, which is past its end-of-life support period.",0,NON_COMPLIANT,CE3_Patching,Cyber Essentials,outdated operating systems running,llm_paraphrase,S0069,Some machines are running outdated operating systems that are past end-of-life.,False
P00409,Some care home machinery is still running operating systems that are no longer provided with security updates by the manufacturer.,0,NON_COMPLIANT,CE3_Patching,Cyber Essentials,outdated operating systems running,llm_paraphrase,S0069,Some machines are running outdated operating systems that are past end-of-life.,False
P00410,Updates cannot be verified as devices do not receive notification of received software updates.,0,NON_COMPLIANT,CE3_Patching,Cyber Essentials,no process for tracking patches,llm_paraphrase,S0070,There is no way of knowing whether devices have received their updates.,False
P00411,"Devices are not informed of received updates, leaving their status unknown.",0,NON_COMPLIANT,CE3_Patching,Cyber Essentials,no process for tracking patches,llm_paraphrase,S0070,There is no way of knowing whether devices have received their updates.,False
P00412,The lack of notification means devices are in a state of unknown software update status.,0,NON_COMPLIANT,CE3_Patching,Cyber Essentials,no process for tracking patches,llm_paraphrase,S0070,There is no way of knowing whether devices have received their updates.,False
P00413,Devices' software updates are unverifiable as no notification is provided upon update reception.,0,NON_COMPLIANT,CE3_Patching,Cyber Essentials,no process for tracking patches,llm_paraphrase,S0070,There is no way of knowing whether devices have received their updates.,False
P00414,"There is no notification of received updates, so devices' status remains uncertain.",0,NON_COMPLIANT,CE3_Patching,Cyber Essentials,no process for tracking patches,llm_paraphrase,S0070,There is no way of knowing whether devices have received their updates.,False
P00415,Receiving updates is unverifiable as no notification is given to devices upon software update.,0,NON_COMPLIANT,CE3_Patching,Cyber Essentials,no process for tracking patches,llm_paraphrase,S0070,There is no way of knowing whether devices have received their updates.,False
P00416,Patches are not reviewed for installation completeness.,0,NON_COMPLIANT,CE3_Patching,Cyber Essentials,no process for tracking patches,llm_paraphrase,S0071,Nobody monitors whether patches have actually been installed.,False
P00417,No audit trail exists for patch installations.,0,NON_COMPLIANT,CE3_Patching,Cyber Essentials,no process for tracking patches,llm_paraphrase,S0071,Nobody monitors whether patches have actually been installed.,False
P00418,Patch installation confirmation is not verified.,0,NON_COMPLIANT,CE3_Patching,Cyber Essentials,no process for tracking patches,llm_paraphrase,S0071,Nobody monitors whether patches have actually been installed.,False
P00419,Patches are not checked for successful installation.,0,NON_COMPLIANT,CE3_Patching,Cyber Essentials,no process for tracking patches,llm_paraphrase,S0071,Nobody monitors whether patches have actually been installed.,False
P00420,No system checks confirm patch installations are complete.,0,NON_COMPLIANT,CE3_Patching,Cyber Essentials,no process for tracking patches,llm_paraphrase,S0071,Nobody monitors whether patches have actually been installed.,False
P00421,Patch installation validation is not performed.,0,NON_COMPLIANT,CE3_Patching,Cyber Essentials,no process for tracking patches,llm_paraphrase,S0071,Nobody monitors whether patches have actually been installed.,False
P00422,Unsupported equipment continues to be used daily without replacement plans in place,0,NON_COMPLIANT,CE3_Patching,Cyber Essentials,unsupported items knowingly retained without action,llm_paraphrase,S0072,Unsupported equipment is still in daily use with no plan to replace it.,False
P00423,Daily use of unsupported equipment remains unaddressed,0,NON_COMPLIANT,CE3_Patching,Cyber Essentials,unsupported items knowingly retained without action,llm_paraphrase,S0072,Unsupported equipment is still in daily use with no plan to replace it.,False
P00424,No approved replacement schedule exists for equipment still in use,0,NON_COMPLIANT,CE3_Patching,Cyber Essentials,unsupported items knowingly retained without action,llm_paraphrase,S0072,Unsupported equipment is still in daily use with no plan to replace it.,False
P00425,Equipment not meeting standards is still being used daily,0,NON_COMPLIANT,CE3_Patching,Cyber Essentials,unsupported items knowingly retained without action,llm_paraphrase,S0072,Unsupported equipment is still in daily use with no plan to replace it.,False
P00426,Equipment that does not meet regulatory requirements continues to be used daily,0,NON_COMPLIANT,CE3_Patching,Cyber Essentials,unsupported items knowingly retained without action,llm_paraphrase,S0072,Unsupported equipment is still in daily use with no plan to replace it.,False
P00427,Unauthorised equipment usage persists daily without corresponding replacement arrangements,0,NON_COMPLIANT,CE3_Patching,Cyber Essentials,unsupported items knowingly retained without action,llm_paraphrase,S0072,Unsupported equipment is still in daily use with no plan to replace it.,False
P00428,Multi-factor authentication is mandatory for all remote system access.,1,COMPLIANT,CE4_AccessControl,Cyber Essentials,MFA enabled on remote/cloud/internet-facing access,llm_paraphrase,S0073,Multi-factor authentication is enabled for all remote access to our systems.,False
P00429,Remote access to our systems requires multi-factor authentication.,1,COMPLIANT,CE4_AccessControl,Cyber Essentials,MFA enabled on remote/cloud/internet-facing access,llm_paraphrase,S0073,Multi-factor authentication is enabled for all remote access to our systems.,False
P00430,All remote access to our systems must use multi-factor authentication.,1,COMPLIANT,CE4_AccessControl,Cyber Essentials,MFA enabled on remote/cloud/internet-facing access,llm_paraphrase,S0073,Multi-factor authentication is enabled for all remote access to our systems.,False
P00431,Multi-factor authentication is obligatory for all remote system access.,1,COMPLIANT,CE4_AccessControl,Cyber Essentials,MFA enabled on remote/cloud/internet-facing access,llm_paraphrase,S0073,Multi-factor authentication is enabled for all remote access to our systems.,False
P00432,Our systems' remote access protocol requires multi-factor authentication.,1,COMPLIANT,CE4_AccessControl,Cyber Essentials,MFA enabled on remote/cloud/internet-facing access,llm_paraphrase,S0073,Multi-factor authentication is enabled for all remote access to our systems.,False
P00433,Multi-factor authentication is compulsory for all remote access to our systems.,1,COMPLIANT,CE4_AccessControl,Cyber Essentials,MFA enabled on remote/cloud/internet-facing access,llm_paraphrase,S0073,Multi-factor authentication is enabled for all remote access to our systems.,False
P00434,Staff must use a second factor to sign in to our cloud care records,1,COMPLIANT,CE4_AccessControl,Cyber Essentials,MFA enabled on remote/cloud/internet-facing access,llm_paraphrase,S0074,Staff must use a second factor to sign in to our cloud care records.,False
P00435,"To maintain security, staff must use a second factor for cloud care records sign-in",1,COMPLIANT,CE4_AccessControl,Cyber Essentials,MFA enabled on remote/cloud/internet-facing access,llm_paraphrase,S0074,Staff must use a second factor to sign in to our cloud care records.,False
P00436,All staff must use a second factor when accessing our cloud care records,1,COMPLIANT,CE4_AccessControl,Cyber Essentials,MFA enabled on remote/cloud/internet-facing access,llm_paraphrase,S0074,Staff must use a second factor to sign in to our cloud care records.,False
P00437,"In order to secure our cloud care records, staff must utilise a second factor for sign-in",1,COMPLIANT,CE4_AccessControl,Cyber Essentials,MFA enabled on remote/cloud/internet-facing access,llm_paraphrase,S0074,Staff must use a second factor to sign in to our cloud care records.,False
P00438,Our cloud care records require staff to use a second factor for sign-in,1,COMPLIANT,CE4_AccessControl,Cyber Essentials,MFA enabled on remote/cloud/internet-facing access,llm_paraphrase,S0074,Staff must use a second factor to sign in to our cloud care records.,False
P00439,All staff are required to use a second factor to access and sign in to our cloud care records,1,COMPLIANT,CE4_AccessControl,Cyber Essentials,MFA enabled on remote/cloud/internet-facing access,llm_paraphrase,S0074,Staff must use a second factor to sign in to our cloud care records.,False
P00440,Our email accounts are secured with multi-factor authentication.,1,COMPLIANT,CE4_AccessControl,Cyber Essentials,MFA enabled on remote/cloud/internet-facing access,llm_paraphrase,S0075,Our email accounts are protected by multi-factor authentication.,False
P00441,Multi-factor authentication is enforced on all staff email accounts.,1,COMPLIANT,CE4_AccessControl,Cyber Essentials,MFA enabled on remote/cloud/internet-facing access,llm_paraphrase,S0075,Our email accounts are protected by multi-factor authentication.,False
P00442,Staff email accounts are protected by a mandatory multi-factor authentication requirement.,1,COMPLIANT,CE4_AccessControl,Cyber Essentials,MFA enabled on remote/cloud/internet-facing access,llm_paraphrase,S0075,Our email accounts are protected by multi-factor authentication.,False
P00443,All staff email accounts must be authenticated via multi-factor authentication.,1,COMPLIANT,CE4_AccessControl,Cyber Essentials,MFA enabled on remote/cloud/internet-facing access,llm_paraphrase,S0075,Our email accounts are protected by multi-factor authentication.,False
P00444,Multi-factor authentication is a mandatory control for all staff email accounts.,1,COMPLIANT,CE4_AccessControl,Cyber Essentials,MFA enabled on remote/cloud/internet-facing access,llm_paraphrase,S0075,Our email accounts are protected by multi-factor authentication.,False
P00445,Staff email accounts must use multi-factor authentication to access corporate systems.,1,COMPLIANT,CE4_AccessControl,Cyber Essentials,MFA enabled on remote/cloud/internet-facing access,llm_paraphrase,S0075,Our email accounts are protected by multi-factor authentication.,False
P00446,Staff must only access the systems and records relevant to their role.,1,COMPLIANT,CE4_AccessControl,Cyber Essentials,least-privilege access,llm_paraphrase,S0076,Staff only have access to the systems and records their role requires.,False
P00447,Access to all systems and records is strictly limited by role.,1,COMPLIANT,CE4_AccessControl,Cyber Essentials,least-privilege access,llm_paraphrase,S0076,Staff only have access to the systems and records their role requires.,False
P00448,Only staff with the required authorisation can access systems and records.,1,COMPLIANT,CE4_AccessControl,Cyber Essentials,least-privilege access,llm_paraphrase,S0076,Staff only have access to the systems and records their role requires.,False
P00449,Role-specific access controls are in place for all systems and records.,1,COMPLIANT,CE4_AccessControl,Cyber Essentials,least-privilege access,llm_paraphrase,S0076,Staff only have access to the systems and records their role requires.,False
P00450,Staff must use only the systems and records allocated to their role.,1,COMPLIANT,CE4_AccessControl,Cyber Essentials,least-privilege access,llm_paraphrase,S0076,Staff only have access to the systems and records their role requires.,False
P00451,All systems and records are only accessible to staff with the necessary authorisation.,1,COMPLIANT,CE4_AccessControl,Cyber Essentials,least-privilege access,llm_paraphrase,S0076,Staff only have access to the systems and records their role requires.,False
P00452,Access rights are granted with least privilege and reviewed at regular intervals.,1,COMPLIANT,CE4_AccessControl,Cyber Essentials,least-privilege access,llm_paraphrase,S0077,Access rights are granted on a least-privilege basis and reviewed regularly.,False
P00453,"Access rights are granted in accordance with a least-privilege policy, which is reviewed regularly.",1,COMPLIANT,CE4_AccessControl,Cyber Essentials,least-privilege access,llm_paraphrase,S0077,Access rights are granted on a least-privilege basis and reviewed regularly.,False
P00454,"The granting of access rights is subject to least-privilege, with reviews conducted at regular intervals.",1,COMPLIANT,CE4_AccessControl,Cyber Essentials,least-privilege access,llm_paraphrase,S0077,Access rights are granted on a least-privilege basis and reviewed regularly.,False
P00455,Least-privilege access rights are granted and reviewed regularly to ensure compliance.,1,COMPLIANT,CE4_AccessControl,Cyber Essentials,least-privilege access,llm_paraphrase,S0077,Access rights are granted on a least-privilege basis and reviewed regularly.,False
P00456,Access rights are issued with least privilege and subject to regular review to maintain compliance.,1,COMPLIANT,CE4_AccessControl,Cyber Essentials,least-privilege access,llm_paraphrase,S0077,Access rights are granted on a least-privilege basis and reviewed regularly.,False
P00457,Access is granted with least privilege and reviewed at regular intervals to ensure adherence to policy.,1,COMPLIANT,CE4_AccessControl,Cyber Essentials,least-privilege access,llm_paraphrase,S0077,Access rights are granted on a least-privilege basis and reviewed regularly.,False
P00458,Care assistants have access to care plans but are restricted from accessing payroll information.,1,COMPLIANT,CE4_AccessControl,Cyber Essentials,least-privilege access,llm_paraphrase,S0078,Care assistants can view care plans but cannot access payroll information.,False
P00459,"All staff, including care assistants, can view care plans but must not access payroll data.",1,COMPLIANT,CE4_AccessControl,Cyber Essentials,least-privilege access,llm_paraphrase,S0078,Care assistants can view care plans but cannot access payroll information.,False
P00460,Care assistants can access care plans but are denied access to confidential payroll information.,1,COMPLIANT,CE4_AccessControl,Cyber Essentials,least-privilege access,llm_paraphrase,S0078,Care assistants can view care plans but cannot access payroll information.,False
P00461,"In accordance with policy, care assistants can review care plans, but not access payroll records.",1,COMPLIANT,CE4_AccessControl,Cyber Essentials,least-privilege access,llm_paraphrase,S0078,Care assistants can view care plans but cannot access payroll information.,False
P00462,"Staff, including care assistants, are permitted to view care plans, but are not authorised to access payroll information.",1,COMPLIANT,CE4_AccessControl,Cyber Essentials,least-privilege access,llm_paraphrase,S0078,Care assistants can view care plans but cannot access payroll information.,False
P00463,Care assistants are permitted to view care plans but are not granted access to payroll data.,1,COMPLIANT,CE4_AccessControl,Cyber Essentials,least-privilege access,llm_paraphrase,S0078,Care assistants can view care plans but cannot access payroll information.,False
P00464,Administrator accounts must be kept separate from the accounts used for daily operations to maintain audit trail integrity.,1,COMPLIANT,CE4_AccessControl,Cyber Essentials,"separate admin accounts, not used for daily work",llm_paraphrase,S0079,Administrator accounts are separate from the accounts used for daily work.,False
P00465,"The administrator account must not be used for routine tasks, maintaining separation from daily accounts.",1,COMPLIANT,CE4_AccessControl,Cyber Essentials,"separate admin accounts, not used for daily work",llm_paraphrase,S0079,Administrator accounts are separate from the accounts used for daily work.,False
P00466,Daily accounts should be distinct from the administrator's account to ensure accurate audit records.,1,COMPLIANT,CE4_AccessControl,Cyber Essentials,"separate admin accounts, not used for daily work",llm_paraphrase,S0079,Administrator accounts are separate from the accounts used for daily work.,False
P00467,It is essential that the administrator account is separate from daily accounts to preserve audit credibility.,1,COMPLIANT,CE4_AccessControl,Cyber Essentials,"separate admin accounts, not used for daily work",llm_paraphrase,S0079,Administrator accounts are separate from the accounts used for daily work.,False
P00468,"To maintain audit integrity, the administrator account must be kept distinct from the daily accounts.",1,COMPLIANT,CE4_AccessControl,Cyber Essentials,"separate admin accounts, not used for daily work",llm_paraphrase,S0079,Administrator accounts are separate from the accounts used for daily work.,False
P00469,The administrator account should not be used for daily tasks to ensure separation and maintain audit trail accuracy.,1,COMPLIANT,CE4_AccessControl,Cyber Essentials,"separate admin accounts, not used for daily work",llm_paraphrase,S0079,Administrator accounts are separate from the accounts used for daily work.,False
P00470,The manager must use a standard account for all emails to ensure data integrity.,1,COMPLIANT,CE4_AccessControl,Cyber Essentials,"separate admin accounts, not used for daily work",llm_paraphrase,S0080,The manager uses a standard account for email and a separate one for admin tasks.,False
P00471,All emails must be sent from a standard account.,1,COMPLIANT,CE4_AccessControl,Cyber Essentials,"separate admin accounts, not used for daily work",llm_paraphrase,S0080,The manager uses a standard account for email and a separate one for admin tasks.,False
P00472,The manager is required to use a standard account for all email communications.,1,COMPLIANT,CE4_AccessControl,Cyber Essentials,"separate admin accounts, not used for daily work",llm_paraphrase,S0080,The manager uses a standard account for email and a separate one for admin tasks.,False
P00473,It is mandatory for the manager to use a standard account for emails.,1,COMPLIANT,CE4_AccessControl,Cyber Essentials,"separate admin accounts, not used for daily work",llm_paraphrase,S0080,The manager uses a standard account for email and a separate one for admin tasks.,False
P00474,The manager must use a standard account for all emails and administrative tasks.,1,COMPLIANT,CE4_AccessControl,Cyber Essentials,"separate admin accounts, not used for daily work",llm_paraphrase,S0080,The manager uses a standard account for email and a separate one for admin tasks.,False
P00475,All emails and admin tasks must be conducted using a standard account.,1,COMPLIANT,CE4_AccessControl,Cyber Essentials,"separate admin accounts, not used for daily work",llm_paraphrase,S0080,The manager uses a standard account for email and a separate one for admin tasks.,False
P00476,"Accounts are disabled on staff members' last working day, to prevent unauthorised access after leaving the role.",1,COMPLIANT,CE4_AccessControl,Cyber Essentials,leavers' accounts disabled promptly,llm_paraphrase,S0081,Accounts are disabled on a member of staff's last working day.,False
P00477,"From staff members' last working day, all accounts are disabled to ensure security post-employment.",1,COMPLIANT,CE4_AccessControl,Cyber Essentials,leavers' accounts disabled promptly,llm_paraphrase,S0081,Accounts are disabled on a member of staff's last working day.,False
P00478,"On a member of staff's last working day, their accounts are disabled to prevent access after leaving the organisation.",1,COMPLIANT,CE4_AccessControl,Cyber Essentials,leavers' accounts disabled promptly,llm_paraphrase,S0081,Accounts are disabled on a member of staff's last working day.,False
P00479,"Staff accounts are disabled from their last working day onwards, for security and compliance purposes.",1,COMPLIANT,CE4_AccessControl,Cyber Essentials,leavers' accounts disabled promptly,llm_paraphrase,S0081,Accounts are disabled on a member of staff's last working day.,False
P00480,"All staff accounts are disabled on their last working day, in line with organisational security protocols.",1,COMPLIANT,CE4_AccessControl,Cyber Essentials,leavers' accounts disabled promptly,llm_paraphrase,S0081,Accounts are disabled on a member of staff's last working day.,False
P00481,"Staff accounts are disabled on the day of their last working day, to maintain confidentiality and data protection.",1,COMPLIANT,CE4_AccessControl,Cyber Essentials,leavers' accounts disabled promptly,llm_paraphrase,S0081,Accounts are disabled on a member of staff's last working day.,False
P00482,"Leavers' access is withdrawn immediately upon departure, in line with our IT policy and safeguarding procedures.",1,COMPLIANT,CE4_AccessControl,Cyber Essentials,leavers' accounts disabled promptly,llm_paraphrase,S0082,Leavers' access is removed within twenty-four hours of their departure.,False
P00483,"All residents' access is revoked 24 hours after departure, as stated in our staff handbook.",1,COMPLIANT,CE4_AccessControl,Cyber Essentials,leavers' accounts disabled promptly,llm_paraphrase,S0082,Leavers' access is removed within twenty-four hours of their departure.,False
P00484,"Residents' access is terminated 24 hours post-departure, as stipulated in our training records.",1,COMPLIANT,CE4_AccessControl,Cyber Essentials,leavers' accounts disabled promptly,llm_paraphrase,S0082,Leavers' access is removed within twenty-four hours of their departure.,False
P00485,"Leavers' access is removed within 24 hours of departure, in accordance with our audit protocols.",1,COMPLIANT,CE4_AccessControl,Cyber Essentials,leavers' accounts disabled promptly,llm_paraphrase,S0082,Leavers' access is removed within twenty-four hours of their departure.,False
P00486,"The IT system automatically removes residents' access 24 hours after their departure, in compliance with our incident log procedures.",1,COMPLIANT,CE4_AccessControl,Cyber Essentials,leavers' accounts disabled promptly,llm_paraphrase,S0082,Leavers' access is removed within twenty-four hours of their departure.,False
P00487,Our IT policy and safeguarding procedures require that leavers' access be withdrawn within 24 hours of departure.,1,COMPLIANT,CE4_AccessControl,Cyber Essentials,leavers' accounts disabled promptly,llm_paraphrase,S0082,Leavers' access is removed within twenty-four hours of their departure.,False
P00488,All staff members must have a unique named login to access the care system.,1,COMPLIANT,CE4_AccessControl,Cyber Essentials,individual accounts per user,llm_paraphrase,S0083,Every member of staff has their own named login to the care system.,False
P00489,Each member of staff has a designated login account in the care system.,1,COMPLIANT,CE4_AccessControl,Cyber Essentials,individual accounts per user,llm_paraphrase,S0083,Every member of staff has their own named login to the care system.,False
P00490,"Staff must have a unique, named login for system access.",1,COMPLIANT,CE4_AccessControl,Cyber Essentials,individual accounts per user,llm_paraphrase,S0083,Every member of staff has their own named login to the care system.,False
P00491,Staff login accounts are mandatory for access to the care system.,1,COMPLIANT,CE4_AccessControl,Cyber Essentials,individual accounts per user,llm_paraphrase,S0083,Every member of staff has their own named login to the care system.,False
P00492,Every member of staff has a uniquely named login to the care system.,1,COMPLIANT,CE4_AccessControl,Cyber Essentials,individual accounts per user,llm_paraphrase,S0083,Every member of staff has their own named login to the care system.,False
P00493,All staff are required to have a named login account for system entry.,1,COMPLIANT,CE4_AccessControl,Cyber Essentials,individual accounts per user,llm_paraphrase,S0083,Every member of staff has their own named login to the care system.,False
P00494,Access controls must be implemented to prevent unauthorised access to resident records,1,COMPLIANT,CE4_AccessControl,Cyber Essentials,individual accounts per user,llm_paraphrase,S0084,Individual accounts mean we can see who accessed each record.,False
P00495,Resident records must be password-protected to ensure confidentiality,1,COMPLIANT,CE4_AccessControl,Cyber Essentials,individual accounts per user,llm_paraphrase,S0084,Individual accounts mean we can see who accessed each record.,False
P00496,Each resident's access to medical records is controlled by a unique username,1,COMPLIANT,CE4_AccessControl,Cyber Essentials,individual accounts per user,llm_paraphrase,S0084,Individual accounts mean we can see who accessed each record.,False
P00497,Access to resident medical records is restricted to authorised personnel only,1,COMPLIANT,CE4_AccessControl,Cyber Essentials,individual accounts per user,llm_paraphrase,S0084,Individual accounts mean we can see who accessed each record.,False
P00498,Resident records must be protected by a secure login system to prevent tampering,1,COMPLIANT,CE4_AccessControl,Cyber Essentials,individual accounts per user,llm_paraphrase,S0084,Individual accounts mean we can see who accessed each record.,False
P00499,All access to resident medical records is subject to password authentication and approval,1,COMPLIANT,CE4_AccessControl,Cyber Essentials,individual accounts per user,llm_paraphrase,S0084,Individual accounts mean we can see who accessed each record.,False
P00500,All staff members must use strong passwords for all accounts,1,COMPLIANT,CE4_AccessControl,Cyber Essentials,a strong password policy enforced,llm_paraphrase,S0085,A password policy requiring strong passwords is enforced on all accounts.,False
P00501,Staff are required to use strong passwords across all accounts,1,COMPLIANT,CE4_AccessControl,Cyber Essentials,a strong password policy enforced,llm_paraphrase,S0085,A password policy requiring strong passwords is enforced on all accounts.,False
P00502,Strong passwords must be used for all accounts by all staff,1,COMPLIANT,CE4_AccessControl,Cyber Essentials,a strong password policy enforced,llm_paraphrase,S0085,A password policy requiring strong passwords is enforced on all accounts.,False
P00503,All accounts require strong passwords as per policy,1,COMPLIANT,CE4_AccessControl,Cyber Essentials,a strong password policy enforced,llm_paraphrase,S0085,A password policy requiring strong passwords is enforced on all accounts.,False
P00504,Staff are compelled to use strong passwords for all user accounts,1,COMPLIANT,CE4_AccessControl,Cyber Essentials,a strong password policy enforced,llm_paraphrase,S0085,A password policy requiring strong passwords is enforced on all accounts.,False
P00505,All accounts are mandatory to use strong passwords according to policy,1,COMPLIANT,CE4_AccessControl,Cyber Essentials,a strong password policy enforced,llm_paraphrase,S0085,A password policy requiring strong passwords is enforced on all accounts.,False
P00506,Accounts are secured when multiple failed login attempts are detected.,1,COMPLIANT,CE4_AccessControl,Cyber Essentials,a strong password policy enforced,llm_paraphrase,S0086,Accounts lock after repeated failed sign-in attempts.,False
P00507,"Following multiple failed logins, accounts are locked to prevent access.",1,COMPLIANT,CE4_AccessControl,Cyber Essentials,a strong password policy enforced,llm_paraphrase,S0086,Accounts lock after repeated failed sign-in attempts.,False
P00508,A lockout threshold is breached when a set number of failed sign-in attempts occur.,1,COMPLIANT,CE4_AccessControl,Cyber Essentials,a strong password policy enforced,llm_paraphrase,S0086,Accounts lock after repeated failed sign-in attempts.,False
P00509,The system enforces account lockout after three consecutive failed login attempts.,1,COMPLIANT,CE4_AccessControl,Cyber Essentials,a strong password policy enforced,llm_paraphrase,S0086,Accounts lock after repeated failed sign-in attempts.,False
P00510,The system will lock accounts following a predetermined number of unsuccessful sign-in attempts.,1,COMPLIANT,CE4_AccessControl,Cyber Essentials,a strong password policy enforced,llm_paraphrase,S0086,Accounts lock after repeated failed sign-in attempts.,False
P00511,"When a specified number of failed login attempts are detected, the system immediately locks the account.",1,COMPLIANT,CE4_AccessControl,Cyber Essentials,a strong password policy enforced,llm_paraphrase,S0086,Accounts lock after repeated failed sign-in attempts.,False
P00512,It is not a requirement for remote access to the care system to utilise multi-factor authentication.,0,NON_COMPLIANT,CE4_AccessControl,Cyber Essentials,no MFA on remote/cloud access,llm_paraphrase,S0087,Remote access to the care system does not require multi-factor authentication.,False
P00513,Remote access to the care system does not necessitate the use of multi-factor authentication.,0,NON_COMPLIANT,CE4_AccessControl,Cyber Essentials,no MFA on remote/cloud access,llm_paraphrase,S0087,Remote access to the care system does not require multi-factor authentication.,False
P00514,Multi-factor authentication is not mandatory for remote access to the care system.,0,NON_COMPLIANT,CE4_AccessControl,Cyber Essentials,no MFA on remote/cloud access,llm_paraphrase,S0087,Remote access to the care system does not require multi-factor authentication.,False
P00515,There is no requirement for multi-factor authentication when accessing the care system remotely.,0,NON_COMPLIANT,CE4_AccessControl,Cyber Essentials,no MFA on remote/cloud access,llm_paraphrase,S0087,Remote access to the care system does not require multi-factor authentication.,False
P00516,Remote access to the care system is not subject to the need for multi-factor authentication.,0,NON_COMPLIANT,CE4_AccessControl,Cyber Essentials,no MFA on remote/cloud access,llm_paraphrase,S0087,Remote access to the care system does not require multi-factor authentication.,False
P00517,Staff must use a password to access email from home to ensure data protection,0,NON_COMPLIANT,CE4_AccessControl,Cyber Essentials,no MFA on remote/cloud access,llm_paraphrase,S0088,Staff can sign in to email from home using only a password.,False
P00518,Password is the sole authentication method for email access from home,0,NON_COMPLIANT,CE4_AccessControl,Cyber Essentials,no MFA on remote/cloud access,llm_paraphrase,S0088,Staff can sign in to email from home using only a password.,False
P00519,"To comply with data protection regulations, staff must use a password to access email from home",0,NON_COMPLIANT,CE4_AccessControl,Cyber Essentials,no MFA on remote/cloud access,llm_paraphrase,S0088,Staff can sign in to email from home using only a password.,False
P00520,"For staff to access email from home securely, a password is required",0,NON_COMPLIANT,CE4_AccessControl,Cyber Essentials,no MFA on remote/cloud access,llm_paraphrase,S0088,Staff can sign in to email from home using only a password.,False
P00521,Using only a password is the minimum authentication method for staff accessing email from home,0,NON_COMPLIANT,CE4_AccessControl,Cyber Essentials,no MFA on remote/cloud access,llm_paraphrase,S0088,Staff can sign in to email from home using only a password.,False
P00522,Staff must use a password to access email from home to maintain data confidentiality,0,NON_COMPLIANT,CE4_AccessControl,Cyber Essentials,no MFA on remote/cloud access,llm_paraphrase,S0088,Staff can sign in to email from home using only a password.,False
P00523,All staff members have unrestricted access to every resident's complete and up-to-date record.,0,NON_COMPLIANT,CE4_AccessControl,Cyber Essentials,staff have excessive or blanket access,llm_paraphrase,S0089,All staff can see every resident's full record regardless of their role.,False
P00524,Every member of staff has unobstructed view of the full resident record.,0,NON_COMPLIANT,CE4_AccessControl,Cyber Essentials,staff have excessive or blanket access,llm_paraphrase,S0089,All staff can see every resident's full record regardless of their role.,False
P00525,Staff members have 100% access to every resident's complete records at all times.,0,NON_COMPLIANT,CE4_AccessControl,Cyber Essentials,staff have excessive or blanket access,llm_paraphrase,S0089,All staff can see every resident's full record regardless of their role.,False
P00526,All staff roles carry the responsibility of reviewing the full resident record.,0,NON_COMPLIANT,CE4_AccessControl,Cyber Essentials,staff have excessive or blanket access,llm_paraphrase,S0089,All staff can see every resident's full record regardless of their role.,False
P00527,It is compulsory that all staff members can view every resident's full record.,0,NON_COMPLIANT,CE4_AccessControl,Cyber Essentials,staff have excessive or blanket access,llm_paraphrase,S0089,All staff can see every resident's full record regardless of their role.,False
P00528,All staff are required to have complete and unfiltered access to every resident's full record.,0,NON_COMPLIANT,CE4_AccessControl,Cyber Essentials,staff have excessive or blanket access,llm_paraphrase,S0089,All staff can see every resident's full record regardless of their role.,False
P00529,Kitchen staff have the same system access as senior care staff,0,NON_COMPLIANT,CE4_AccessControl,Cyber Essentials,staff have excessive or blanket access,llm_paraphrase,S0090,Kitchen staff have the same system access as senior care staff.,False
P00530,All kitchen staff possess equal access to the care home's IT system,0,NON_COMPLIANT,CE4_AccessControl,Cyber Essentials,staff have excessive or blanket access,llm_paraphrase,S0090,Kitchen staff have the same system access as senior care staff.,False
P00531,Access to the IT system is afforded to kitchen staff on an equal footing with senior staff,0,NON_COMPLIANT,CE4_AccessControl,Cyber Essentials,staff have excessive or blanket access,llm_paraphrase,S0090,Kitchen staff have the same system access as senior care staff.,False
P00532,Kitchen staff are granted equal access to the care home's computerised system,0,NON_COMPLIANT,CE4_AccessControl,Cyber Essentials,staff have excessive or blanket access,llm_paraphrase,S0090,Kitchen staff have the same system access as senior care staff.,False
P00533,Kitchen staff and senior care staff enjoy identical system access rights,0,NON_COMPLIANT,CE4_AccessControl,Cyber Essentials,staff have excessive or blanket access,llm_paraphrase,S0090,Kitchen staff have the same system access as senior care staff.,False
P00534,The IT system is equally accessible to kitchen and senior care staff,0,NON_COMPLIANT,CE4_AccessControl,Cyber Essentials,staff have excessive or blanket access,llm_paraphrase,S0090,Kitchen staff have the same system access as senior care staff.,False
P00535,All employees are required to use an administrator account for their daily activities.,0,NON_COMPLIANT,CE4_AccessControl,Cyber Essentials,admin accounts used for everyday tasks,llm_paraphrase,S0091,Everyone signs in with an administrator account to do their everyday work.,False
P00536,It is a strict policy that all staff members must sign in with an administrator account for work purposes.,0,NON_COMPLIANT,CE4_AccessControl,Cyber Essentials,admin accounts used for everyday tasks,llm_paraphrase,S0091,Everyone signs in with an administrator account to do their everyday work.,False
P00537,"As part of our IT security, all employees are expected to use an administrator account for their daily tasks.",0,NON_COMPLIANT,CE4_AccessControl,Cyber Essentials,admin accounts used for everyday tasks,llm_paraphrase,S0091,Everyone signs in with an administrator account to do their everyday work.,False
P00538,All employees must log in with an administrator account to conduct their daily work activities.,0,NON_COMPLIANT,CE4_AccessControl,Cyber Essentials,admin accounts used for everyday tasks,llm_paraphrase,S0091,Everyone signs in with an administrator account to do their everyday work.,False
P00539,Our policy states that all staff must use an administrator account for their everyday tasks.,0,NON_COMPLIANT,CE4_AccessControl,Cyber Essentials,admin accounts used for everyday tasks,llm_paraphrase,S0091,Everyone signs in with an administrator account to do their everyday work.,False
P00540,It is compulsory for all employees to sign in with an administrator account for work-related activities.,0,NON_COMPLIANT,CE4_AccessControl,Cyber Essentials,admin accounts used for everyday tasks,llm_paraphrase,S0091,Everyone signs in with an administrator account to do their everyday work.,False
P00541,The manager's use of the admin login for email and internet browsing is a critical security risk.,0,NON_COMPLIANT,CE4_AccessControl,Cyber Essentials,admin accounts used for everyday tasks,llm_paraphrase,S0092,The manager uses the admin login for email and browsing the internet.,False
P00542,"The admin login is not to be used for personal purposes, including email and internet browsing.",0,NON_COMPLIANT,CE4_AccessControl,Cyber Essentials,admin accounts used for everyday tasks,llm_paraphrase,S0092,The manager uses the admin login for email and browsing the internet.,False
P00543,Using the admin login for non-essential activities like email and internet browsing is a breach of security protocols.,0,NON_COMPLIANT,CE4_AccessControl,Cyber Essentials,admin accounts used for everyday tasks,llm_paraphrase,S0092,The manager uses the admin login for email and browsing the internet.,False
P00544,"Personal use of the admin login, including email and internet browsing, is strictly forbidden.",0,NON_COMPLIANT,CE4_AccessControl,Cyber Essentials,admin accounts used for everyday tasks,llm_paraphrase,S0092,The manager uses the admin login for email and browsing the internet.,False
P00545,"The manager's use of the admin login for non-work-related activities, such as email and browsing the internet, is unacceptable.",0,NON_COMPLIANT,CE4_AccessControl,Cyber Essentials,admin accounts used for everyday tasks,llm_paraphrase,S0092,The manager uses the admin login for email and browsing the internet.,False
P00546,"It is not permitted to use the admin login for email or internet browsing purposes, as this compromises security.",0,NON_COMPLIANT,CE4_AccessControl,Cyber Essentials,admin accounts used for everyday tasks,llm_paraphrase,S0092,The manager uses the admin login for email and browsing the internet.,False
P00547,Staff are expected to terminate logins immediately upon leaving the premises,0,NON_COMPLIANT,CE4_AccessControl,Cyber Essentials,former staff accounts still active,llm_paraphrase,S0093,Staff who left the home still have working logins to the care system.,False
P00548,All staff must exit the care system upon departure from the home,0,NON_COMPLIANT,CE4_AccessControl,Cyber Essentials,former staff accounts still active,llm_paraphrase,S0093,Staff who left the home still have working logins to the care system.,False
P00549,Failure to do so constitutes a breach of home policies,0,NON_COMPLIANT,CE4_AccessControl,Cyber Essentials,former staff accounts still active,llm_paraphrase,S0093,Staff who left the home still have working logins to the care system.,False
P00550,Leaving staff must close all care system accounts immediately,0,NON_COMPLIANT,CE4_AccessControl,Cyber Essentials,former staff accounts still active,llm_paraphrase,S0093,Staff who left the home still have working logins to the care system.,False
P00551,Staff terminating their employment must cancel their care system access,0,NON_COMPLIANT,CE4_AccessControl,Cyber Essentials,former staff accounts still active,llm_paraphrase,S0093,Staff who left the home still have working logins to the care system.,False
P00552,Staff who leave the home must terminate their care system account,0,NON_COMPLIANT,CE4_AccessControl,Cyber Essentials,former staff accounts still active,llm_paraphrase,S0093,Staff who left the home still have working logins to the care system.,False
P00553,Accounts are regularly reviewed for removal when no longer required.,0,NON_COMPLIANT,CE4_AccessControl,Cyber Essentials,former staff accounts still active,llm_paraphrase,S0094,Accounts are only removed when someone notices they are no longer needed.,False
P00554,Removing accounts is a regular process triggered by staff notification of no longer needed.,0,NON_COMPLIANT,CE4_AccessControl,Cyber Essentials,former staff accounts still active,llm_paraphrase,S0094,Accounts are only removed when someone notices they are no longer needed.,False
P00555,All accounts are periodically reviewed and removed when their usage ceases.,0,NON_COMPLIANT,CE4_AccessControl,Cyber Essentials,former staff accounts still active,llm_paraphrase,S0094,Accounts are only removed when someone notices they are no longer needed.,False
P00556,Notification from staff confirms account removal is necessary when usage ceases.,0,NON_COMPLIANT,CE4_AccessControl,Cyber Essentials,former staff accounts still active,llm_paraphrase,S0094,Accounts are only removed when someone notices they are no longer needed.,False
P00557,Accounts are subject to regular review and removal when staff no longer require their use.,0,NON_COMPLIANT,CE4_AccessControl,Cyber Essentials,former staff accounts still active,llm_paraphrase,S0094,Accounts are only removed when someone notices they are no longer needed.,False
P00558,Removal of accounts is triggered by staff notification of no longer required usage.,0,NON_COMPLIANT,CE4_AccessControl,Cyber Essentials,former staff accounts still active,llm_paraphrase,S0094,Accounts are only removed when someone notices they are no longer needed.,False
P00559,All staff must use a single login for the care records system to maintain confidentiality and data integrity.,0,NON_COMPLIANT,CE4_AccessControl,Cyber Essentials,shared/generic accounts or shared passwords,llm_paraphrase,S0095,Staff share a single login for the care records system.,False
P00560,The staff single login for the care records system is mandatory for all staff members.,0,NON_COMPLIANT,CE4_AccessControl,Cyber Essentials,shared/generic accounts or shared passwords,llm_paraphrase,S0095,Staff share a single login for the care records system.,False
P00561,Staff are required to use a single login for the care records system.,0,NON_COMPLIANT,CE4_AccessControl,Cyber Essentials,shared/generic accounts or shared passwords,llm_paraphrase,S0095,Staff share a single login for the care records system.,False
P00562,The single login for the care records system is mandatory for all staff to prevent multiple sign-ons.,0,NON_COMPLIANT,CE4_AccessControl,Cyber Essentials,shared/generic accounts or shared passwords,llm_paraphrase,S0095,Staff share a single login for the care records system.,False
P00563,Staff are expected to use a single login for the care records system at all times.,0,NON_COMPLIANT,CE4_AccessControl,Cyber Essentials,shared/generic accounts or shared passwords,llm_paraphrase,S0095,Staff share a single login for the care records system.,False
P00564,Using a single login for the care records system is compulsory for all staff members.,0,NON_COMPLIANT,CE4_AccessControl,Cyber Essentials,shared/generic accounts or shared passwords,llm_paraphrase,S0095,Staff share a single login for the care records system.,False
P00565,The password for the office computer must be clearly displayed beside it.,0,NON_COMPLIANT,CE4_AccessControl,Cyber Essentials,shared/generic accounts or shared passwords,llm_paraphrase,S0096,The password for the office computer is written on a note beside it.,False
P00566,Staff are required to leave the password in plain sight for all users.,0,NON_COMPLIANT,CE4_AccessControl,Cyber Essentials,shared/generic accounts or shared passwords,llm_paraphrase,S0096,The password for the office computer is written on a note beside it.,False
P00567,The password for the office computer is a mandatory display requirement.,0,NON_COMPLIANT,CE4_AccessControl,Cyber Essentials,shared/generic accounts or shared passwords,llm_paraphrase,S0096,The password for the office computer is written on a note beside it.,False
P00568,Staff must display the password adjacent to the computer.,0,NON_COMPLIANT,CE4_AccessControl,Cyber Essentials,shared/generic accounts or shared passwords,llm_paraphrase,S0096,The password for the office computer is written on a note beside it.,False
P00569,All users must be able to read the password without assistance.,0,NON_COMPLIANT,CE4_AccessControl,Cyber Essentials,shared/generic accounts or shared passwords,llm_paraphrase,S0096,The password for the office computer is written on a note beside it.,False
P00570,The password for the office computer is a visible and accessible requirement.,0,NON_COMPLIANT,CE4_AccessControl,Cyber Essentials,shared/generic accounts or shared passwords,llm_paraphrase,S0096,The password for the office computer is written on a note beside it.,False
P00571,Staff record care notes using a shared generic account,0,NON_COMPLIANT,CE4_AccessControl,Cyber Essentials,shared/generic accounts or shared passwords,llm_paraphrase,S0097,Night staff use a shared generic account to record care notes.,False
P00572,All night staff must use the same generic account for care note recording,0,NON_COMPLIANT,CE4_AccessControl,Cyber Essentials,shared/generic accounts or shared passwords,llm_paraphrase,S0097,Night staff use a shared generic account to record care notes.,False
P00573,The use of a single generic account is mandatory for all night staff recorders of care notes,0,NON_COMPLIANT,CE4_AccessControl,Cyber Essentials,shared/generic accounts or shared passwords,llm_paraphrase,S0097,Night staff use a shared generic account to record care notes.,False
P00574,Care notes must be recorded using the shared generic account provided by management,0,NON_COMPLIANT,CE4_AccessControl,Cyber Essentials,shared/generic accounts or shared passwords,llm_paraphrase,S0097,Night staff use a shared generic account to record care notes.,False
P00575,Night staff are required to use the same generic account to document all care notes,0,NON_COMPLIANT,CE4_AccessControl,Cyber Essentials,shared/generic accounts or shared passwords,llm_paraphrase,S0097,Night staff use a shared generic account to record care notes.,False
P00576,The use of a designated generic account is a mandatory procedure for all night staff when recording care notes,0,NON_COMPLIANT,CE4_AccessControl,Cyber Essentials,shared/generic accounts or shared passwords,llm_paraphrase,S0097,Night staff use a shared generic account to record care notes.,False
P00577,There is a password policy that meets the minimum staff password standard,0,NON_COMPLIANT,CE4_AccessControl,Cyber Essentials,no password policy / weak or default passwords,llm_paraphrase,S0098,There is no password policy setting a minimum standard for staff passwords.,False
P00578,The staff password policy does not set a minimum standard,0,NON_COMPLIANT,CE4_AccessControl,Cyber Essentials,no password policy / weak or default passwords,llm_paraphrase,S0098,There is no password policy setting a minimum standard for staff passwords.,False
P00579,No password policy sets a minimum staff password requirement,0,NON_COMPLIANT,CE4_AccessControl,Cyber Essentials,no password policy / weak or default passwords,llm_paraphrase,S0098,There is no password policy setting a minimum standard for staff passwords.,False
P00580,The existing password policy does not specify a minimum standard,0,NON_COMPLIANT,CE4_AccessControl,Cyber Essentials,no password policy / weak or default passwords,llm_paraphrase,S0098,There is no password policy setting a minimum standard for staff passwords.,False
P00581,There is no password policy that meets the minimum staff password requirement,0,NON_COMPLIANT,CE4_AccessControl,Cyber Essentials,no password policy / weak or default passwords,llm_paraphrase,S0098,There is no password policy setting a minimum standard for staff passwords.,False
P00582,The password policy does not establish a minimum standard for staff passwords,0,NON_COMPLIANT,CE4_AccessControl,Cyber Essentials,no password policy / weak or default passwords,llm_paraphrase,S0098,There is no password policy setting a minimum standard for staff passwords.,False
P00583,Staff are not required to use password policies that include length or strength requirements.,0,NON_COMPLIANT,CE4_AccessControl,Cyber Essentials,no password policy / weak or default passwords,llm_paraphrase,S0099,Staff choose their own passwords with no requirements on length or strength.,False
P00584,Staff do not need to follow password policies for length or strength.,0,NON_COMPLIANT,CE4_AccessControl,Cyber Essentials,no password policy / weak or default passwords,llm_paraphrase,S0099,Staff choose their own passwords with no requirements on length or strength.,False
P00585,There are no requirements for password length or strength.,0,NON_COMPLIANT,CE4_AccessControl,Cyber Essentials,no password policy / weak or default passwords,llm_paraphrase,S0099,Staff choose their own passwords with no requirements on length or strength.,False
P00586,Staff are not required to use passwords with specific length or strength criteria.,0,NON_COMPLIANT,CE4_AccessControl,Cyber Essentials,no password policy / weak or default passwords,llm_paraphrase,S0099,Staff choose their own passwords with no requirements on length or strength.,False
P00587,No password length or strength requirements apply to staff passwords.,0,NON_COMPLIANT,CE4_AccessControl,Cyber Essentials,no password policy / weak or default passwords,llm_paraphrase,S0099,Staff choose their own passwords with no requirements on length or strength.,False
P00588,Staff passwords do not need to comply with password length or strength policies.,0,NON_COMPLIANT,CE4_AccessControl,Cyber Essentials,no password policy / weak or default passwords,llm_paraphrase,S0099,Staff choose their own passwords with no requirements on length or strength.,False
P00589,Accounts do not lock out after repeated failed login attempts as specified in our IT policy.,0,NON_COMPLIANT,CE4_AccessControl,Cyber Essentials,no password policy / weak or default passwords,llm_paraphrase,S0100,Accounts do not lock out after repeated failed login attempts.,False
P00590,All staff are required to comply with our policy of locking out accounts following repeated failed login attempts.,0,NON_COMPLIANT,CE4_AccessControl,Cyber Essentials,no password policy / weak or default passwords,llm_paraphrase,S0100,Accounts do not lock out after repeated failed login attempts.,False
P00591,Repeated failed login attempts do not trigger account locking in accordance with our staff handbook guidance.,0,NON_COMPLIANT,CE4_AccessControl,Cyber Essentials,no password policy / weak or default passwords,llm_paraphrase,S0100,Accounts do not lock out after repeated failed login attempts.,False
P00592,It is mandatory that our system locks out accounts following multiple unsuccessful login attempts.,0,NON_COMPLIANT,CE4_AccessControl,Cyber Essentials,no password policy / weak or default passwords,llm_paraphrase,S0100,Accounts do not lock out after repeated failed login attempts.,False
P00593,Our IT policy states that accounts are not locked out after repeated failed login attempts.,0,NON_COMPLIANT,CE4_AccessControl,Cyber Essentials,no password policy / weak or default passwords,llm_paraphrase,S0100,Accounts do not lock out after repeated failed login attempts.,False
P00594,Staff are expected to follow our policy and lock out accounts immediately after three consecutive failed login attempts.,0,NON_COMPLIANT,CE4_AccessControl,Cyber Essentials,no password policy / weak or default passwords,llm_paraphrase,S0100,Accounts do not lock out after repeated failed login attempts.,False
P00595,All computers in the care home are required to have anti-malware software installed and activated at all times.,1,COMPLIANT,CE5_Malware,Cyber Essentials,anti-malware installed and active on all devices,llm_paraphrase,S0101,Anti-malware software is installed and running on every computer in the home.,False
P00596,Anti-malware software must be installed and running on every computer in the care home.,1,COMPLIANT,CE5_Malware,Cyber Essentials,anti-malware installed and active on all devices,llm_paraphrase,S0101,Anti-malware software is installed and running on every computer in the home.,False
P00597,It is a policy requirement that anti-malware software is installed and running on every computer in the care home.,1,COMPLIANT,CE5_Malware,Cyber Essentials,anti-malware installed and active on all devices,llm_paraphrase,S0101,Anti-malware software is installed and running on every computer in the home.,False
P00598,The care home's IT policy stipulates that anti-malware software is installed and running on every computer.,1,COMPLIANT,CE5_Malware,Cyber Essentials,anti-malware installed and active on all devices,llm_paraphrase,S0101,Anti-malware software is installed and running on every computer in the home.,False
P00599,All computer systems in the care home are expected to have anti-malware software installed and running at all times.,1,COMPLIANT,CE5_Malware,Cyber Essentials,anti-malware installed and active on all devices,llm_paraphrase,S0101,Anti-malware software is installed and running on every computer in the home.,False
P00600,"Anti-malware software is a mandatory installation on every computer in the care home, which must be operational at all times.",1,COMPLIANT,CE5_Malware,Cyber Essentials,anti-malware installed and active on all devices,llm_paraphrase,S0101,Anti-malware software is installed and running on every computer in the home.,False
P00601,Microsoft Defender is currently active on all our Windows devices.,1,COMPLIANT,CE5_Malware,Cyber Essentials,anti-malware installed and active on all devices,llm_paraphrase,S0102,Microsoft Defender is active on all our Windows devices.,False
P00602,All Windows devices are currently protected by Microsoft Defender.,1,COMPLIANT,CE5_Malware,Cyber Essentials,anti-malware installed and active on all devices,llm_paraphrase,S0102,Microsoft Defender is active on all our Windows devices.,False
P00603,Microsoft Defender is enabled on all our Windows devices at all times.,1,COMPLIANT,CE5_Malware,Cyber Essentials,anti-malware installed and active on all devices,llm_paraphrase,S0102,Microsoft Defender is active on all our Windows devices.,False
P00604,Our Windows devices are fully protected by Microsoft Defender.,1,COMPLIANT,CE5_Malware,Cyber Essentials,anti-malware installed and active on all devices,llm_paraphrase,S0102,Microsoft Defender is active on all our Windows devices.,False
P00605,Microsoft Defender is enabled on every Windows device in our care home.,1,COMPLIANT,CE5_Malware,Cyber Essentials,anti-malware installed and active on all devices,llm_paraphrase,S0102,Microsoft Defender is active on all our Windows devices.,False
P00606,All Windows devices in our care home are currently protected by Microsoft Defender.,1,COMPLIANT,CE5_Malware,Cyber Essentials,anti-malware installed and active on all devices,llm_paraphrase,S0102,Microsoft Defender is active on all our Windows devices.,False
P00607,"All laptops, including those used remotely, must have malware protection activated.",1,COMPLIANT,CE5_Malware,Cyber Essentials,anti-malware installed and active on all devices,llm_paraphrase,S0103,"Every laptop, including those used off-site, has malware protection enabled.",False
P00608,Remote laptops must have malware protection enabled at all times.,1,COMPLIANT,CE5_Malware,Cyber Essentials,anti-malware installed and active on all devices,llm_paraphrase,S0103,"Every laptop, including those used off-site, has malware protection enabled.",False
P00609,Malware protection is required for all laptops used off-site.,1,COMPLIANT,CE5_Malware,Cyber Essentials,anti-malware installed and active on all devices,llm_paraphrase,S0103,"Every laptop, including those used off-site, has malware protection enabled.",False
P00610,All laptops used off-site must be protected by malware software.,1,COMPLIANT,CE5_Malware,Cyber Essentials,anti-malware installed and active on all devices,llm_paraphrase,S0103,"Every laptop, including those used off-site, has malware protection enabled.",False
P00611,Laptops used off-site are not permitted without active malware protection.,1,COMPLIANT,CE5_Malware,Cyber Essentials,anti-malware installed and active on all devices,llm_paraphrase,S0103,"Every laptop, including those used off-site, has malware protection enabled.",False
P00612,Remote laptops must have malware protection software activated prior to use.,1,COMPLIANT,CE5_Malware,Cyber Essentials,anti-malware installed and active on all devices,llm_paraphrase,S0103,"Every laptop, including those used off-site, has malware protection enabled.",False
P00613,Malware definitions are updated daily on all protected devices to ensure timely protection.,1,COMPLIANT,CE5_Malware,Cyber Essentials,malware definitions kept up to date,llm_paraphrase,S0104,Malware definitions are updated daily on all protected devices.,False
P00614,Protected devices require daily malware definition updates.,1,COMPLIANT,CE5_Malware,Cyber Essentials,malware definitions kept up to date,llm_paraphrase,S0104,Malware definitions are updated daily on all protected devices.,False
P00615,All protected devices must have their malware definitions updated daily.,1,COMPLIANT,CE5_Malware,Cyber Essentials,malware definitions kept up to date,llm_paraphrase,S0104,Malware definitions are updated daily on all protected devices.,False
P00616,Daily malware definition updates are mandatory on all protected devices.,1,COMPLIANT,CE5_Malware,Cyber Essentials,malware definitions kept up to date,llm_paraphrase,S0104,Malware definitions are updated daily on all protected devices.,False
P00617,Protection on all devices depends on daily malware definition updates.,1,COMPLIANT,CE5_Malware,Cyber Essentials,malware definitions kept up to date,llm_paraphrase,S0104,Malware definitions are updated daily on all protected devices.,False
P00618,Daily malware definition updates are compulsory on all protected devices.,1,COMPLIANT,CE5_Malware,Cyber Essentials,malware definitions kept up to date,llm_paraphrase,S0104,Malware definitions are updated daily on all protected devices.,False
P00619,Our anti-virus software updates itself automatically daily to maintain current protection levels.,1,COMPLIANT,CE5_Malware,Cyber Essentials,malware definitions kept up to date,llm_paraphrase,S0105,Our anti-virus software updates itself automatically each day.,False
P00620,The daily automated update of our anti-virus software ensures ongoing security measures are fully up-to-date.,1,COMPLIANT,CE5_Malware,Cyber Essentials,malware definitions kept up to date,llm_paraphrase,S0105,Our anti-virus software updates itself automatically each day.,False
P00621,Compliance requires that our anti-virus software be updated automatically each day.,1,COMPLIANT,CE5_Malware,Cyber Essentials,malware definitions kept up to date,llm_paraphrase,S0105,Our anti-virus software updates itself automatically each day.,False
P00622,Daily automatic updates of our anti-virus software are mandatory for maintaining current protection levels.,1,COMPLIANT,CE5_Malware,Cyber Essentials,malware definitions kept up to date,llm_paraphrase,S0105,Our anti-virus software updates itself automatically each day.,False
P00623,The automated daily update of our anti-virus software is a critical component of our security protocol.,1,COMPLIANT,CE5_Malware,Cyber Essentials,malware definitions kept up to date,llm_paraphrase,S0105,Our anti-virus software updates itself automatically each day.,False
P00624,All staff are reminded that our anti-virus software must be updated automatically each day to comply with regulatory requirements.,1,COMPLIANT,CE5_Malware,Cyber Essentials,malware definitions kept up to date,llm_paraphrase,S0105,Our anti-virus software updates itself automatically each day.,False
P00625,Email filtering is a mandatory feature that prevents malicious attachments from being delivered to staff inboxes.,1,COMPLIANT,CE5_Malware,Cyber Essentials,email filtering blocking malicious attachments,llm_paraphrase,S0106,Email filtering blocks malicious attachments before they reach staff inboxes.,False
P00626,Staff are required to use approved email filtering to block malicious attachments from reaching their inboxes.,1,COMPLIANT,CE5_Malware,Cyber Essentials,email filtering blocking malicious attachments,llm_paraphrase,S0106,Email filtering blocks malicious attachments before they reach staff inboxes.,False
P00627,All staff must activate email filtering to ensure malicious attachments are blocked from entering staff inboxes.,1,COMPLIANT,CE5_Malware,Cyber Essentials,email filtering blocking malicious attachments,llm_paraphrase,S0106,Email filtering blocks malicious attachments before they reach staff inboxes.,False
P00628,The use of approved email filtering is mandatory to prevent malicious attachments from being delivered to staff inboxes.,1,COMPLIANT,CE5_Malware,Cyber Essentials,email filtering blocking malicious attachments,llm_paraphrase,S0106,Email filtering blocks malicious attachments before they reach staff inboxes.,False
P00629,It is policy that staff use approved email filtering to block malicious attachments before they reach staff inboxes.,1,COMPLIANT,CE5_Malware,Cyber Essentials,email filtering blocking malicious attachments,llm_paraphrase,S0106,Email filtering blocks malicious attachments before they reach staff inboxes.,False
P00630,Staff must use approved email filtering to prevent malicious attachments from being delivered to staff inboxes.,1,COMPLIANT,CE5_Malware,Cyber Essentials,email filtering blocking malicious attachments,llm_paraphrase,S0106,Email filtering blocks malicious attachments before they reach staff inboxes.,False
P00631,All incoming emails subject to quarantine are monitored by our mail filtering system.,1,COMPLIANT,CE5_Malware,Cyber Essentials,email filtering blocking malicious attachments,llm_paraphrase,S0107,Suspicious emails are quarantined by our mail filtering service.,False
P00632,Our mail service identifies and isolates suspicious emails for review.,1,COMPLIANT,CE5_Malware,Cyber Essentials,email filtering blocking malicious attachments,llm_paraphrase,S0107,Suspicious emails are quarantined by our mail filtering service.,False
P00633,Incoming emails flagged as suspicious are quarantined to prevent potential threats.,1,COMPLIANT,CE5_Malware,Cyber Essentials,email filtering blocking malicious attachments,llm_paraphrase,S0107,Suspicious emails are quarantined by our mail filtering service.,False
P00634,Our mail filtering service automatically quarantines any emails deemed suspicious.,1,COMPLIANT,CE5_Malware,Cyber Essentials,email filtering blocking malicious attachments,llm_paraphrase,S0107,Suspicious emails are quarantined by our mail filtering service.,False
P00635,Suspicious emails are automatically isolated by our email filtering service for security assessment.,1,COMPLIANT,CE5_Malware,Cyber Essentials,email filtering blocking malicious attachments,llm_paraphrase,S0107,Suspicious emails are quarantined by our mail filtering service.,False
P00636,Web filtering ensures staff cannot access malicious websites.,1,COMPLIANT,CE5_Malware,Cyber Essentials,web filtering blocking malicious sites,llm_paraphrase,S0108,Web filtering prevents staff from reaching known malicious websites.,False
P00637,The system prevents staff from accessing malicious websites.,1,COMPLIANT,CE5_Malware,Cyber Essentials,web filtering blocking malicious sites,llm_paraphrase,S0108,Web filtering prevents staff from reaching known malicious websites.,False
P00638,"To prevent access to malicious sites, web filtering is always in use.",1,COMPLIANT,CE5_Malware,Cyber Essentials,web filtering blocking malicious sites,llm_paraphrase,S0108,Web filtering prevents staff from reaching known malicious websites.,False
P00639,Staff cannot access known malicious websites due to web filtering.,1,COMPLIANT,CE5_Malware,Cyber Essentials,web filtering blocking malicious sites,llm_paraphrase,S0108,Web filtering prevents staff from reaching known malicious websites.,False
P00640,Web filtering is enforced to block access to malicious websites.,1,COMPLIANT,CE5_Malware,Cyber Essentials,web filtering blocking malicious sites,llm_paraphrase,S0108,Web filtering prevents staff from reaching known malicious websites.,False
P00641,All staff are prevented from accessing malicious websites by the active web filtering system.,1,COMPLIANT,CE5_Malware,Cyber Essentials,web filtering blocking malicious sites,llm_paraphrase,S0108,Web filtering prevents staff from reaching known malicious websites.,False
P00642,All applications require prior approval before installation.,1,COMPLIANT,CE5_Malware,Cyber Essentials,application allow-listing in place,llm_paraphrase,S0109,Only approved applications are permitted to run on our computers.,False
P00643,Running unapproved applications on our computers is strictly prohibited.,1,COMPLIANT,CE5_Malware,Cyber Essentials,application allow-listing in place,llm_paraphrase,S0109,Only approved applications are permitted to run on our computers.,False
P00644,Only approved software can be installed on our computers.,1,COMPLIANT,CE5_Malware,Cyber Essentials,application allow-listing in place,llm_paraphrase,S0109,Only approved applications are permitted to run on our computers.,False
P00645,Approved applications only can be executed on our computers.,1,COMPLIANT,CE5_Malware,Cyber Essentials,application allow-listing in place,llm_paraphrase,S0109,Only approved applications are permitted to run on our computers.,False
P00646,No unapproved applications may be run on our computers.,1,COMPLIANT,CE5_Malware,Cyber Essentials,application allow-listing in place,llm_paraphrase,S0109,Only approved applications are permitted to run on our computers.,False
P00647,Real-time scanning is enabled to check files as they are opened in real-time.,1,COMPLIANT,CE5_Malware,Cyber Essentials,real-time scanning enabled,llm_paraphrase,S0110,Real-time scanning is enabled so files are checked as they are opened.,False
P00648,Checking files as they are opened is mandated in our system.,1,COMPLIANT,CE5_Malware,Cyber Essentials,real-time scanning enabled,llm_paraphrase,S0110,Real-time scanning is enabled so files are checked as they are opened.,False
P00649,All file access is monitored and reviewed in real-time.,1,COMPLIANT,CE5_Malware,Cyber Essentials,real-time scanning enabled,llm_paraphrase,S0110,Real-time scanning is enabled so files are checked as they are opened.,False
P00650,Files are checked immediately upon opening as a security measure.,1,COMPLIANT,CE5_Malware,Cyber Essentials,real-time scanning enabled,llm_paraphrase,S0110,Real-time scanning is enabled so files are checked as they are opened.,False
P00651,Opening files triggers a real-time security check to ensure compliance.,1,COMPLIANT,CE5_Malware,Cyber Essentials,real-time scanning enabled,llm_paraphrase,S0110,Real-time scanning is enabled so files are checked as they are opened.,False
P00652,Real-time file scanning is a mandatory security protocol to ensure files are checked upon opening.,1,COMPLIANT,CE5_Malware,Cyber Essentials,real-time scanning enabled,llm_paraphrase,S0110,Real-time scanning is enabled so files are checked as they are opened.,False
P00653,Revisions to anti-malware software detections are monitored by our IT provider.,1,COMPLIANT,CE5_Malware,Cyber Essentials,anti-malware installed and active on all devices,llm_paraphrase,S0111,Detections from the anti-malware software are reviewed by our IT provider.,False
P00654,Our IT provider reviews detections from the anti-malware software.,1,COMPLIANT,CE5_Malware,Cyber Essentials,anti-malware installed and active on all devices,llm_paraphrase,S0111,Detections from the anti-malware software are reviewed by our IT provider.,False
P00655,All anti-malware software detection results are reviewed and validated by our IT provider.,1,COMPLIANT,CE5_Malware,Cyber Essentials,anti-malware installed and active on all devices,llm_paraphrase,S0111,Detections from the anti-malware software are reviewed by our IT provider.,False
P00656,The IT provider is responsible for reviewing all anti-malware software detection alerts.,1,COMPLIANT,CE5_Malware,Cyber Essentials,anti-malware installed and active on all devices,llm_paraphrase,S0111,Detections from the anti-malware software are reviewed by our IT provider.,False
P00657,Anti-malware software detection results are subject to regular review by our IT provider.,1,COMPLIANT,CE5_Malware,Cyber Essentials,anti-malware installed and active on all devices,llm_paraphrase,S0111,Detections from the anti-malware software are reviewed by our IT provider.,False
P00658,Our IT provider is the designated authority for reviewing and responding to anti-malware software detection incidents.,1,COMPLIANT,CE5_Malware,Cyber Essentials,anti-malware installed and active on all devices,llm_paraphrase,S0111,Detections from the anti-malware software are reviewed by our IT provider.,False
P00659,Computers are not configured with anti-virus software to protect against malware.,0,NON_COMPLIANT,CE5_Malware,Cyber Essentials,no antivirus/anti-malware on devices,llm_paraphrase,S0112,The computers do not have any anti-virus software installed.,False
P00660,Anti-virus software is not installed on all computers.,0,NON_COMPLIANT,CE5_Malware,Cyber Essentials,no antivirus/anti-malware on devices,llm_paraphrase,S0112,The computers do not have any anti-virus software installed.,False
P00661,Our computer system does not include anti-virus protection.,0,NON_COMPLIANT,CE5_Malware,Cyber Essentials,no antivirus/anti-malware on devices,llm_paraphrase,S0112,The computers do not have any anti-virus software installed.,False
P00662,The policy requires all computers to be protected with anti-virus software.,0,NON_COMPLIANT,CE5_Malware,Cyber Essentials,no antivirus/anti-malware on devices,llm_paraphrase,S0112,The computers do not have any anti-virus software installed.,False
P00663,Installation of anti-virus software is not mandatory on our computers.,0,NON_COMPLIANT,CE5_Malware,Cyber Essentials,no antivirus/anti-malware on devices,llm_paraphrase,S0112,The computers do not have any anti-virus software installed.,False
P00664,No anti-virus software is installed on all computers in our system.,0,NON_COMPLIANT,CE5_Malware,Cyber Essentials,no antivirus/anti-malware on devices,llm_paraphrase,S0112,The computers do not have any anti-virus software installed.,False
P00665,The care record system does not have installed malware protection.,0,NON_COMPLIANT,CE5_Malware,Cyber Essentials,no antivirus/anti-malware on devices,llm_paraphrase,S0113,There is no malware protection on the machine used for care records.,False
P00666,No malware protection is currently installed on the care records machine.,0,NON_COMPLIANT,CE5_Malware,Cyber Essentials,no antivirus/anti-malware on devices,llm_paraphrase,S0113,There is no malware protection on the machine used for care records.,False
P00667,We have confirmed that malware protection is not installed on the care records equipment.,0,NON_COMPLIANT,CE5_Malware,Cyber Essentials,no antivirus/anti-malware on devices,llm_paraphrase,S0113,There is no malware protection on the machine used for care records.,False
P00668,The care records machine does not have any malware protection installed.,0,NON_COMPLIANT,CE5_Malware,Cyber Essentials,no antivirus/anti-malware on devices,llm_paraphrase,S0113,There is no malware protection on the machine used for care records.,False
P00669,It has been confirmed that malware protection is not present on the care records computer.,0,NON_COMPLIANT,CE5_Malware,Cyber Essentials,no antivirus/anti-malware on devices,llm_paraphrase,S0113,There is no malware protection on the machine used for care records.,False
P00670,The care records system lacks installed malware protection.,0,NON_COMPLIANT,CE5_Malware,Cyber Essentials,no antivirus/anti-malware on devices,llm_paraphrase,S0113,There is no malware protection on the machine used for care records.,False
P00671,Staff utilise personal laptops lacking anti-virus software for work purposes,0,NON_COMPLIANT,CE5_Malware,Cyber Essentials,no antivirus/anti-malware on devices,llm_paraphrase,S0114,"Staff use their own laptops, which have no anti-virus protection.",False
P00672,Failure to equip personal laptops with anti-virus software is not permitted,0,NON_COMPLIANT,CE5_Malware,Cyber Essentials,no antivirus/anti-malware on devices,llm_paraphrase,S0114,"Staff use their own laptops, which have no anti-virus protection.",False
P00673,Personal laptops with no anti-virus protection are not permitted for work use,0,NON_COMPLIANT,CE5_Malware,Cyber Essentials,no antivirus/anti-malware on devices,llm_paraphrase,S0114,"Staff use their own laptops, which have no anti-virus protection.",False
P00674,Laptops used for work without anti-virus software are a compliance breach,0,NON_COMPLIANT,CE5_Malware,Cyber Essentials,no antivirus/anti-malware on devices,llm_paraphrase,S0114,"Staff use their own laptops, which have no anti-virus protection.",False
P00675,The use of personal laptops without anti-virus software constitutes a compliance failure,0,NON_COMPLIANT,CE5_Malware,Cyber Essentials,no antivirus/anti-malware on devices,llm_paraphrase,S0114,"Staff use their own laptops, which have no anti-virus protection.",False
P00676,The absence of anti-virus software on personal laptops used for work purposes is a non-compliant practice,0,NON_COMPLIANT,CE5_Malware,Cyber Essentials,no antivirus/anti-malware on devices,llm_paraphrase,S0114,"Staff use their own laptops, which have no anti-virus protection.",False
P00677,The anti-virus software on most devices is not fully up-to-date.,0,NON_COMPLIANT,CE5_Malware,Cyber Essentials,definitions out of date / not maintained,llm_paraphrase,S0115,The anti-virus definitions on most devices are several months out of date.,False
P00678,Our anti-virus definitions on most devices are several months past their recommended update date.,0,NON_COMPLIANT,CE5_Malware,Cyber Essentials,definitions out of date / not maintained,llm_paraphrase,S0115,The anti-virus definitions on most devices are several months out of date.,False
P00679,All devices have failed to receive the latest anti-virus definition updates.,0,NON_COMPLIANT,CE5_Malware,Cyber Essentials,definitions out of date / not maintained,llm_paraphrase,S0115,The anti-virus definitions on most devices are several months out of date.,False
P00680,Most devices have anti-virus definitions that are several months overdue for renewal.,0,NON_COMPLIANT,CE5_Malware,Cyber Essentials,definitions out of date / not maintained,llm_paraphrase,S0115,The anti-virus definitions on most devices are several months out of date.,False
P00681,We have identified several devices where anti-virus definitions have not been updated within the recommended timeframe.,0,NON_COMPLIANT,CE5_Malware,Cyber Essentials,definitions out of date / not maintained,llm_paraphrase,S0115,The anti-virus definitions on most devices are several months out of date.,False
P00682,"Some devices have anti-virus definitions that are several months out of date, as specified in our IT policy.",0,NON_COMPLIANT,CE5_Malware,Cyber Essentials,definitions out of date / not maintained,llm_paraphrase,S0115,The anti-virus definitions on most devices are several months out of date.,False
P00683,Malware protection is installed but has not updated since the last full system review.,0,NON_COMPLIANT,CE5_Malware,Cyber Essentials,definitions out of date / not maintained,llm_paraphrase,S0116,Malware protection is installed but has not updated since last year.,False
P00684,Critical: Malware protection has not been updated since the last annual system review.,0,NON_COMPLIANT,CE5_Malware,Cyber Essentials,definitions out of date / not maintained,llm_paraphrase,S0116,Malware protection is installed but has not updated since last year.,False
P00685,The installed malware protection system has not been updated since the last full system review.,0,NON_COMPLIANT,CE5_Malware,Cyber Essentials,definitions out of date / not maintained,llm_paraphrase,S0116,Malware protection is installed but has not updated since last year.,False
P00686,It is critical that malware protection is updated annually; as it has not been since the last review.,0,NON_COMPLIANT,CE5_Malware,Cyber Essentials,definitions out of date / not maintained,llm_paraphrase,S0116,Malware protection is installed but has not updated since last year.,False
P00687,The installed malware protection system has not been updated since the last review period.,0,NON_COMPLIANT,CE5_Malware,Cyber Essentials,definitions out of date / not maintained,llm_paraphrase,S0116,Malware protection is installed but has not updated since last year.,False
P00688,"Malware protection has not been updated since the last annual system review, as per policy.",0,NON_COMPLIANT,CE5_Malware,Cyber Essentials,definitions out of date / not maintained,llm_paraphrase,S0116,Malware protection is installed but has not updated since last year.,False
P00689,No email filtering is in place to detect phishing or malicious attachments.,0,NON_COMPLIANT,CE5_Malware,Cyber Essentials,no email filtering for malware/phishing,llm_paraphrase,S0117,There is no email filtering to catch phishing or malicious attachments.,False
P00690,Phishing or malicious attachments are not protected by email filtering.,0,NON_COMPLIANT,CE5_Malware,Cyber Essentials,no email filtering for malware/phishing,llm_paraphrase,S0117,There is no email filtering to catch phishing or malicious attachments.,False
P00691,Email filtering is not enabled to prevent phishing or malicious attachments.,0,NON_COMPLIANT,CE5_Malware,Cyber Essentials,no email filtering for malware/phishing,llm_paraphrase,S0117,There is no email filtering to catch phishing or malicious attachments.,False
P00692,No protection against phishing or malicious attachments is offered by the email filtering system.,0,NON_COMPLIANT,CE5_Malware,Cyber Essentials,no email filtering for malware/phishing,llm_paraphrase,S0117,There is no email filtering to catch phishing or malicious attachments.,False
P00693,The email filtering system does not currently protect against phishing or malicious attachments.,0,NON_COMPLIANT,CE5_Malware,Cyber Essentials,no email filtering for malware/phishing,llm_paraphrase,S0117,There is no email filtering to catch phishing or malicious attachments.,False
P00694,Email filtering for phishing and malicious attachments is not implemented.,0,NON_COMPLIANT,CE5_Malware,Cyber Essentials,no email filtering for malware/phishing,llm_paraphrase,S0117,There is no email filtering to catch phishing or malicious attachments.,False
P00695,Malicious attachments are not filtered by our email system.,0,NON_COMPLIANT,CE5_Malware,Cyber Essentials,no email filtering for malware/phishing,llm_paraphrase,S0118,Malicious attachments reach staff inboxes because nothing filters them.,False
P00696,Staff inboxes are not protected from malicious attachments.,0,NON_COMPLIANT,CE5_Malware,Cyber Essentials,no email filtering for malware/phishing,llm_paraphrase,S0118,Malicious attachments reach staff inboxes because nothing filters them.,False
P00697,Our email system fails to filter out malicious attachments.,0,NON_COMPLIANT,CE5_Malware,Cyber Essentials,no email filtering for malware/phishing,llm_paraphrase,S0118,Malicious attachments reach staff inboxes because nothing filters them.,False
P00698,Unapproved attachments are not filtered by our system.,0,NON_COMPLIANT,CE5_Malware,Cyber Essentials,no email filtering for malware/phishing,llm_paraphrase,S0118,Malicious attachments reach staff inboxes because nothing filters them.,False
P00699,Malicious attachments reach our staff inboxes due to inadequate filtering.,0,NON_COMPLIANT,CE5_Malware,Cyber Essentials,no email filtering for malware/phishing,llm_paraphrase,S0118,Malicious attachments reach staff inboxes because nothing filters them.,False
P00700,Our email filters do not detect malicious attachments.,0,NON_COMPLIANT,CE5_Malware,Cyber Essentials,no email filtering for malware/phishing,llm_paraphrase,S0118,Malicious attachments reach staff inboxes because nothing filters them.,False
P00701,"Staff are permitted to access any website without filtering, posing a security risk.",0,NON_COMPLIANT,CE5_Malware,Cyber Essentials,"unrestricted web access, no filtering",llm_paraphrase,S0119,Staff can browse any website they like with no filtering in place.,False
P00702,All staff are allowed to browse any website without restriction.,0,NON_COMPLIANT,CE5_Malware,Cyber Essentials,"unrestricted web access, no filtering",llm_paraphrase,S0119,Staff can browse any website they like with no filtering in place.,False
P00703,The policy permits unfettered access to any website.,0,NON_COMPLIANT,CE5_Malware,Cyber Essentials,"unrestricted web access, no filtering",llm_paraphrase,S0119,Staff can browse any website they like with no filtering in place.,False
P00704,No filtering is in place when staff access any website.,0,NON_COMPLIANT,CE5_Malware,Cyber Essentials,"unrestricted web access, no filtering",llm_paraphrase,S0119,Staff can browse any website they like with no filtering in place.,False
P00705,Staff have unrestricted access to any website.,0,NON_COMPLIANT,CE5_Malware,Cyber Essentials,"unrestricted web access, no filtering",llm_paraphrase,S0119,Staff can browse any website they like with no filtering in place.,False
P00706,"Staff can access any website without filtering, compromising data integrity.",0,NON_COMPLIANT,CE5_Malware,Cyber Essentials,"unrestricted web access, no filtering",llm_paraphrase,S0119,Staff can browse any website they like with no filtering in place.,False
P00707,No approved software is installed on our computers,0,NON_COMPLIANT,CE5_Malware,Cyber Essentials,no malware controls of any kind,llm_paraphrase,S0120,No controls exist to stop unapproved programs running on our computers.,False
P00708,Unapproved programs cannot run on our computers,0,NON_COMPLIANT,CE5_Malware,Cyber Essentials,no malware controls of any kind,llm_paraphrase,S0120,No controls exist to stop unapproved programs running on our computers.,False
P00709,We do not implement any controls to prevent unapproved programs,0,NON_COMPLIANT,CE5_Malware,Cyber Essentials,no malware controls of any kind,llm_paraphrase,S0120,No controls exist to stop unapproved programs running on our computers.,False
P00710,Our computers are not configured to prevent unapproved program execution,0,NON_COMPLIANT,CE5_Malware,Cyber Essentials,no malware controls of any kind,llm_paraphrase,S0120,No controls exist to stop unapproved programs running on our computers.,False
P00711,We lack any controls to stop unapproved programs from running,0,NON_COMPLIANT,CE5_Malware,Cyber Essentials,no malware controls of any kind,llm_paraphrase,S0120,No controls exist to stop unapproved programs running on our computers.,False
P00712,No measures are in place to prevent unapproved software from running,0,NON_COMPLIANT,CE5_Malware,Cyber Essentials,no malware controls of any kind,llm_paraphrase,S0120,No controls exist to stop unapproved programs running on our computers.,False
P00713,Anti-virus software is not functioning on office PCs as it has been disabled.,0,NON_COMPLIANT,CE5_Malware,Cyber Essentials,anti-malware installed but disabled/unmaintained,llm_paraphrase,S0121,Anti-virus is installed on the office PC but has been disabled.,False
P00714,The office PC's anti-virus software is not operational due to recent inactivation.,0,NON_COMPLIANT,CE5_Malware,Cyber Essentials,anti-malware installed but disabled/unmaintained,llm_paraphrase,S0121,Anti-virus is installed on the office PC but has been disabled.,False
P00715,It is not compliant with recommended security protocols as the office PC's anti-virus software is currently disabled.,0,NON_COMPLIANT,CE5_Malware,Cyber Essentials,anti-malware installed but disabled/unmaintained,llm_paraphrase,S0121,Anti-virus is installed on the office PC but has been disabled.,False
P00716,"Anti-virus software has been deliberately disabled on office PCs, compromising security.",0,NON_COMPLIANT,CE5_Malware,Cyber Essentials,anti-malware installed but disabled/unmaintained,llm_paraphrase,S0121,Anti-virus is installed on the office PC but has been disabled.,False
P00717,Compliance with IT security protocols is breached as the office PC's anti-virus software has been disabled.,0,NON_COMPLIANT,CE5_Malware,Cyber Essentials,anti-malware installed but disabled/unmaintained,llm_paraphrase,S0121,Anti-virus is installed on the office PC but has been disabled.,False
P00718,Anti-virus software on office PCs is non-functional and so remains disabled.,0,NON_COMPLIANT,CE5_Malware,Cyber Essentials,anti-malware installed but disabled/unmaintained,llm_paraphrase,S0121,Anti-virus is installed on the office PC but has been disabled.,False
P00719,Alerts from anti-virus software are not monitored or reviewed.,0,NON_COMPLIANT,CE5_Malware,Cyber Essentials,anti-malware installed but disabled/unmaintained,llm_paraphrase,S0122,Alerts from the anti-virus software are logged but never looked at.,False
P00720,Unattended alerts from anti-virus software are recorded but not investigated.,0,NON_COMPLIANT,CE5_Malware,Cyber Essentials,anti-malware installed but disabled/unmaintained,llm_paraphrase,S0122,Alerts from the anti-virus software are logged but never looked at.,False
P00721,The anti-virus software logs alerts that are not inspected.,0,NON_COMPLIANT,CE5_Malware,Cyber Essentials,anti-malware installed but disabled/unmaintained,llm_paraphrase,S0122,Alerts from the anti-virus software are logged but never looked at.,False
P00722,Unexamined alerts from the anti-virus software are recorded.,0,NON_COMPLIANT,CE5_Malware,Cyber Essentials,anti-malware installed but disabled/unmaintained,llm_paraphrase,S0122,Alerts from the anti-virus software are logged but never looked at.,False
P00723,Anti-virus alerts are logged but never reviewed or acted upon.,0,NON_COMPLIANT,CE5_Malware,Cyber Essentials,anti-malware installed but disabled/unmaintained,llm_paraphrase,S0122,Alerts from the anti-virus software are logged but never looked at.,False
P00724,Unattended anti-virus alerts are recorded in the system log.,0,NON_COMPLIANT,CE5_Malware,Cyber Essentials,anti-malware installed but disabled/unmaintained,llm_paraphrase,S0122,Alerts from the anti-virus software are logged but never looked at.,False
P00725,Staff are aware of their obligations regarding the handling of residents' confidential information,1,COMPLIANT,DSPT1_ConfidentialData,DSPT,staff understanding their data handling responsibilities,llm_paraphrase,S0123,Staff understand their responsibilities for handling residents' confidential information.,False
P00726,Proper handling of confidential information is a fundamental part of staff duties,1,COMPLIANT,DSPT1_ConfidentialData,DSPT,staff understanding their data handling responsibilities,llm_paraphrase,S0123,Staff understand their responsibilities for handling residents' confidential information.,False
P00727,It is essential that staff are knowledgeable about the importance of maintaining confidentiality,1,COMPLIANT,DSPT1_ConfidentialData,DSPT,staff understanding their data handling responsibilities,llm_paraphrase,S0123,Staff understand their responsibilities for handling residents' confidential information.,False
P00728,Staff are expected to adhere to established procedures for managing sensitive resident information,1,COMPLIANT,DSPT1_ConfidentialData,DSPT,staff understanding their data handling responsibilities,llm_paraphrase,S0123,Staff understand their responsibilities for handling residents' confidential information.,False
P00729,Confidentiality is a critical aspect of staff responsibilities in the care home,1,COMPLIANT,DSPT1_ConfidentialData,DSPT,staff understanding their data handling responsibilities,llm_paraphrase,S0123,Staff understand their responsibilities for handling residents' confidential information.,False
P00730,Staff must properly secure and manage residents' confidential information,1,COMPLIANT,DSPT1_ConfidentialData,DSPT,staff understanding their data handling responsibilities,llm_paraphrase,S0123,Staff understand their responsibilities for handling residents' confidential information.,False
P00731,All staff are held accountable for the proper handling of personal data,1,COMPLIANT,DSPT1_ConfidentialData,DSPT,staff understanding their data handling responsibilities,llm_paraphrase,S0124,All staff know they are personally accountable for how they handle personal data.,False
P00732,Staff are personally accountable for personal data handling,1,COMPLIANT,DSPT1_ConfidentialData,DSPT,staff understanding their data handling responsibilities,llm_paraphrase,S0124,All staff know they are personally accountable for how they handle personal data.,False
P00733,Personal data handling is staff accountability,1,COMPLIANT,DSPT1_ConfidentialData,DSPT,staff understanding their data handling responsibilities,llm_paraphrase,S0124,All staff know they are personally accountable for how they handle personal data.,False
P00734,All staff must handle personal data correctly,1,COMPLIANT,DSPT1_ConfidentialData,DSPT,staff understanding their data handling responsibilities,llm_paraphrase,S0124,All staff know they are personally accountable for how they handle personal data.,False
P00735,Staff are responsible for data handling integrity,1,COMPLIANT,DSPT1_ConfidentialData,DSPT,staff understanding their data handling responsibilities,llm_paraphrase,S0124,All staff know they are personally accountable for how they handle personal data.,False
P00736,Staff must handle personal data in line with data protection regulations,1,COMPLIANT,DSPT1_ConfidentialData,DSPT,staff understanding their data handling responsibilities,llm_paraphrase,S0124,All staff know they are personally accountable for how they handle personal data.,False
P00737,The designated key holder is responsible for maintaining resident confidentiality.,1,COMPLIANT,DSPT1_ConfidentialData,DSPT,clear accountability for confidential data,llm_paraphrase,S0125,Responsibility for confidential resident information is clearly assigned.,False
P00738,Clear lines of responsibility exist regarding resident information.,1,COMPLIANT,DSPT1_ConfidentialData,DSPT,clear accountability for confidential data,llm_paraphrase,S0125,Responsibility for confidential resident information is clearly assigned.,False
P00739,Proper segregation of duties is in place for confidential resident data.,1,COMPLIANT,DSPT1_ConfidentialData,DSPT,clear accountability for confidential data,llm_paraphrase,S0125,Responsibility for confidential resident information is clearly assigned.,False
P00740,Confidential resident information is clearly attributed to a designated custodian.,1,COMPLIANT,DSPT1_ConfidentialData,DSPT,clear accountability for confidential data,llm_paraphrase,S0125,Responsibility for confidential resident information is clearly assigned.,False
P00741,A clear assignment of responsibility for confidential information exists.,1,COMPLIANT,DSPT1_ConfidentialData,DSPT,clear accountability for confidential data,llm_paraphrase,S0125,Responsibility for confidential resident information is clearly assigned.,False
P00742,Resident confidentiality is formally assigned to a designated person.,1,COMPLIANT,DSPT1_ConfidentialData,DSPT,clear accountability for confidential data,llm_paraphrase,S0125,Responsibility for confidential resident information is clearly assigned.,False
P00743,The registered manager is accountable for data protection obligations.,1,COMPLIANT,DSPT1_ConfidentialData,DSPT,clear accountability for confidential data,llm_paraphrase,S0126,The registered manager holds overall accountability for data protection.,False
P00744,The manager is responsible for ensuring data protection compliance.,1,COMPLIANT,DSPT1_ConfidentialData,DSPT,clear accountability for confidential data,llm_paraphrase,S0126,The registered manager holds overall accountability for data protection.,False
P00745,Data protection falls within the registered manager's overall remit.,1,COMPLIANT,DSPT1_ConfidentialData,DSPT,clear accountability for confidential data,llm_paraphrase,S0126,The registered manager holds overall accountability for data protection.,False
P00746,The manager is the primary point of contact for data protection issues.,1,COMPLIANT,DSPT1_ConfidentialData,DSPT,clear accountability for confidential data,llm_paraphrase,S0126,The registered manager holds overall accountability for data protection.,False
P00747,Data protection is within the scope of the manager's responsibilities.,1,COMPLIANT,DSPT1_ConfidentialData,DSPT,clear accountability for confidential data,llm_paraphrase,S0126,The registered manager holds overall accountability for data protection.,False
P00748,The manager is accountable for ensuring all data protection protocols are in place.,1,COMPLIANT,DSPT1_ConfidentialData,DSPT,clear accountability for confidential data,llm_paraphrase,S0126,The registered manager holds overall accountability for data protection.,False
P00749,Personal confidential data is handled responsibly by all staff members,1,COMPLIANT,DSPT1_ConfidentialData,DSPT,responsible handling of personal confidential data,llm_paraphrase,S0127,Personal confidential data is handled responsibly by everyone in the service.,False
P00750,Staff must handle personal confidential data in line with company policies,1,COMPLIANT,DSPT1_ConfidentialData,DSPT,responsible handling of personal confidential data,llm_paraphrase,S0127,Personal confidential data is handled responsibly by everyone in the service.,False
P00751,The handling of personal confidential data is a responsibility shared by all staff members,1,COMPLIANT,DSPT1_ConfidentialData,DSPT,responsible handling of personal confidential data,llm_paraphrase,S0127,Personal confidential data is handled responsibly by everyone in the service.,False
P00752,Proper handling of personal confidential data is an essential part of our staff's duties,1,COMPLIANT,DSPT1_ConfidentialData,DSPT,responsible handling of personal confidential data,llm_paraphrase,S0127,Personal confidential data is handled responsibly by everyone in the service.,False
P00753,Personal confidential data is treated with care and respect by all staff at all times,1,COMPLIANT,DSPT1_ConfidentialData,DSPT,responsible handling of personal confidential data,llm_paraphrase,S0127,Personal confidential data is handled responsibly by everyone in the service.,False
P00754,It is compulsory for all staff to handle personal confidential data securely,1,COMPLIANT,DSPT1_ConfidentialData,DSPT,responsible handling of personal confidential data,llm_paraphrase,S0127,Personal confidential data is handled responsibly by everyone in the service.,False
P00755,Care records are subject to strict confidentiality measures,1,COMPLIANT,DSPT1_ConfidentialData,DSPT,responsible handling of personal confidential data,llm_paraphrase,S0128,Care records are treated as confidential and handled accordingly.,False
P00756,All care records are handled in accordance with our data protection policies,1,COMPLIANT,DSPT1_ConfidentialData,DSPT,responsible handling of personal confidential data,llm_paraphrase,S0128,Care records are treated as confidential and handled accordingly.,False
P00757,Confidentiality of care records is of utmost importance,1,COMPLIANT,DSPT1_ConfidentialData,DSPT,responsible handling of personal confidential data,llm_paraphrase,S0128,Care records are treated as confidential and handled accordingly.,False
P00758,Care records are handled in accordance with our established confidentiality procedures,1,COMPLIANT,DSPT1_ConfidentialData,DSPT,responsible handling of personal confidential data,llm_paraphrase,S0128,Care records are treated as confidential and handled accordingly.,False
P00759,Our care records are treated with the utmost care and confidentiality,1,COMPLIANT,DSPT1_ConfidentialData,DSPT,responsible handling of personal confidential data,llm_paraphrase,S0128,Care records are treated as confidential and handled accordingly.,False
P00760,Confidentiality of care records is a fundamental aspect of our data handling protocols,1,COMPLIANT,DSPT1_ConfidentialData,DSPT,responsible handling of personal confidential data,llm_paraphrase,S0128,Care records are treated as confidential and handled accordingly.,False
P00761,Staff had inadequate knowledge of their data handling responsibilities.,0,NON_COMPLIANT,DSPT1_ConfidentialData,DSPT,staff unaware of data handling responsibilities,llm_paraphrase,S0129,Staff were not aware of their responsibilities for handling confidential data.,False
P00762,Insufficient awareness of data handling procedures hindered staff's performance.,0,NON_COMPLIANT,DSPT1_ConfidentialData,DSPT,staff unaware of data handling responsibilities,llm_paraphrase,S0129,Staff were not aware of their responsibilities for handling confidential data.,False
P00763,Confidential data handling responsibilities were not clearly understood by staff.,0,NON_COMPLIANT,DSPT1_ConfidentialData,DSPT,staff unaware of data handling responsibilities,llm_paraphrase,S0129,Staff were not aware of their responsibilities for handling confidential data.,False
P00764,Staff lacked awareness of the procedures for confidential data management.,0,NON_COMPLIANT,DSPT1_ConfidentialData,DSPT,staff unaware of data handling responsibilities,llm_paraphrase,S0129,Staff were not aware of their responsibilities for handling confidential data.,False
P00765,Inadequate training on data handling procedures impacted staff's ability to follow policies.,0,NON_COMPLIANT,DSPT1_ConfidentialData,DSPT,staff unaware of data handling responsibilities,llm_paraphrase,S0129,Staff were not aware of their responsibilities for handling confidential data.,False
P00766,Staff did not possess adequate knowledge of confidential data handling procedures.,0,NON_COMPLIANT,DSPT1_ConfidentialData,DSPT,staff unaware of data handling responsibilities,llm_paraphrase,S0129,Staff were not aware of their responsibilities for handling confidential data.,False
P00767,Staff are required to disclose their data handling procedures for confidential information to ensure compliance.,0,NON_COMPLIANT,DSPT1_ConfidentialData,DSPT,staff unaware of data handling responsibilities,llm_paraphrase,S0130,Several staff could not explain what they should do with confidential information.,False
P00768,Failure to disclose data handling procedures for confidential information has significant compliance implications.,0,NON_COMPLIANT,DSPT1_ConfidentialData,DSPT,staff unaware of data handling responsibilities,llm_paraphrase,S0130,Several staff could not explain what they should do with confidential information.,False
P00769,Insufficient explanation of confidential information procedures by staff constitutes a compliance breach.,0,NON_COMPLIANT,DSPT1_ConfidentialData,DSPT,staff unaware of data handling responsibilities,llm_paraphrase,S0130,Several staff could not explain what they should do with confidential information.,False
P00770,Staff must provide clear instructions on handling confidential information to maintain regulatory compliance.,0,NON_COMPLIANT,DSPT1_ConfidentialData,DSPT,staff unaware of data handling responsibilities,llm_paraphrase,S0130,Several staff could not explain what they should do with confidential information.,False
P00771,Not all staff can be relied upon to explain their data handling procedures for confidential information.,0,NON_COMPLIANT,DSPT1_ConfidentialData,DSPT,staff unaware of data handling responsibilities,llm_paraphrase,S0130,Several staff could not explain what they should do with confidential information.,False
P00772,Staff must provide a clear explanation of their procedures for handling confidential information to ensure regulatory compliance.,0,NON_COMPLIANT,DSPT1_ConfidentialData,DSPT,staff unaware of data handling responsibilities,llm_paraphrase,S0130,Several staff could not explain what they should do with confidential information.,False
P00773,Lack of clarity regarding data protection accountability has raised concerns about compliance.,0,NON_COMPLIANT,DSPT1_ConfidentialData,DSPT,no clarity on who is accountable,llm_paraphrase,S0131,It is unclear who is accountable for data protection at the home.,False
P00774,Accountability for data protection in the home remains unassigned.,0,NON_COMPLIANT,DSPT1_ConfidentialData,DSPT,no clarity on who is accountable,llm_paraphrase,S0131,It is unclear who is accountable for data protection at the home.,False
P00775,The current data protection arrangement at the home is lacking in clear ownership.,0,NON_COMPLIANT,DSPT1_ConfidentialData,DSPT,no clarity on who is accountable,llm_paraphrase,S0131,It is unclear who is accountable for data protection at the home.,False
P00776,A clear point of accountability for data protection has not been defined.,0,NON_COMPLIANT,DSPT1_ConfidentialData,DSPT,no clarity on who is accountable,llm_paraphrase,S0131,It is unclear who is accountable for data protection at the home.,False
P00777,Insufficient clarity on data protection ownership is a compliance risk.,0,NON_COMPLIANT,DSPT1_ConfidentialData,DSPT,no clarity on who is accountable,llm_paraphrase,S0131,It is unclear who is accountable for data protection at the home.,False
P00778,"Data protection accountability remains undefined, compromising the home's regulatory compliance.",0,NON_COMPLIANT,DSPT1_ConfidentialData,DSPT,no clarity on who is accountable,llm_paraphrase,S0131,It is unclear who is accountable for data protection at the home.,False
P00779,No staff member has been formally allocated responsibility for handling confidential information.,0,NON_COMPLIANT,DSPT1_ConfidentialData,DSPT,no clarity on who is accountable,llm_paraphrase,S0132,Nobody has been given responsibility for confidential information.,False
P00780,The lack of a designated person for confidential information has been identified as a compliance issue.,0,NON_COMPLIANT,DSPT1_ConfidentialData,DSPT,no clarity on who is accountable,llm_paraphrase,S0132,Nobody has been given responsibility for confidential information.,False
P00781,Confidential information handling is not currently a designated role within the care home.,0,NON_COMPLIANT,DSPT1_ConfidentialData,DSPT,no clarity on who is accountable,llm_paraphrase,S0132,Nobody has been given responsibility for confidential information.,False
P00782,There is no staff member with formalised responsibility for maintaining confidentiality.,0,NON_COMPLIANT,DSPT1_ConfidentialData,DSPT,no clarity on who is accountable,llm_paraphrase,S0132,Nobody has been given responsibility for confidential information.,False
P00783,The policy on confidential information is not currently operational due to a lack of a designated person.,0,NON_COMPLIANT,DSPT1_ConfidentialData,DSPT,no clarity on who is accountable,llm_paraphrase,S0132,Nobody has been given responsibility for confidential information.,False
P00784,Confidential information is not being properly managed due to the absence of a designated handler.,0,NON_COMPLIANT,DSPT1_ConfidentialData,DSPT,no clarity on who is accountable,llm_paraphrase,S0132,Nobody has been given responsibility for confidential information.,False
P00785,Resident records must be stored in secure locations to prevent unauthorised access.,0,NON_COMPLIANT,DSPT1_ConfidentialData,DSPT,careless or undefined handling of confidential data,llm_paraphrase,S0133,Resident records were left on desks in areas visitors could access.,False
P00786,Respectful storage of resident records is essential to maintain confidentiality.,0,NON_COMPLIANT,DSPT1_ConfidentialData,DSPT,careless or undefined handling of confidential data,llm_paraphrase,S0133,Resident records were left on desks in areas visitors could access.,False
P00787,Records containing resident information should not be left accessible to visitors.,0,NON_COMPLIANT,DSPT1_ConfidentialData,DSPT,careless or undefined handling of confidential data,llm_paraphrase,S0133,Resident records were left on desks in areas visitors could access.,False
P00788,All resident records must be kept out of sight from visitors at all times.,0,NON_COMPLIANT,DSPT1_ConfidentialData,DSPT,careless or undefined handling of confidential data,llm_paraphrase,S0133,Resident records were left on desks in areas visitors could access.,False
P00789,Resident records should be stored in designated secure areas to protect sensitive information.,0,NON_COMPLIANT,DSPT1_ConfidentialData,DSPT,careless or undefined handling of confidential data,llm_paraphrase,S0133,Resident records were left on desks in areas visitors could access.,False
P00790,Proper storage of resident records is mandatory to safeguard confidentiality from unauthorised visitors.,0,NON_COMPLIANT,DSPT1_ConfidentialData,DSPT,careless or undefined handling of confidential data,llm_paraphrase,S0133,Resident records were left on desks in areas visitors could access.,False
P00791,Inadequate record-keeping has resulted in confidential handover notes being left in the staff room overnight.,0,NON_COMPLIANT,DSPT1_ConfidentialData,DSPT,careless or undefined handling of confidential data,llm_paraphrase,S0134,Confidential handover notes were left in the staff room overnight.,False
P00792,Confidential handover notes have been left in the staff room overnight.,0,NON_COMPLIANT,DSPT1_ConfidentialData,DSPT,careless or undefined handling of confidential data,llm_paraphrase,S0134,Confidential handover notes were left in the staff room overnight.,False
P00793,It is a compliance failure that confidential handover notes were left in the staff room overnight.,0,NON_COMPLIANT,DSPT1_ConfidentialData,DSPT,careless or undefined handling of confidential data,llm_paraphrase,S0134,Confidential handover notes were left in the staff room overnight.,False
P00794,Staff have failed to comply with policy by leaving confidential handover notes in the staff room overnight.,0,NON_COMPLIANT,DSPT1_ConfidentialData,DSPT,careless or undefined handling of confidential data,llm_paraphrase,S0134,Confidential handover notes were left in the staff room overnight.,False
P00795,Leaving confidential handover notes in the staff room overnight constitutes a compliance breach.,0,NON_COMPLIANT,DSPT1_ConfidentialData,DSPT,careless or undefined handling of confidential data,llm_paraphrase,S0134,Confidential handover notes were left in the staff room overnight.,False
P00796,Confidential handover notes have not been removed from the staff room overnight as per policy.,0,NON_COMPLIANT,DSPT1_ConfidentialData,DSPT,careless or undefined handling of confidential data,llm_paraphrase,S0134,Confidential handover notes were left in the staff room overnight.,False
P00797,Confidentiality obligations are formalised as part of every member of staff's contract.,1,COMPLIANT,DSPT2_StaffResponsibilities,DSPT,confidentiality/data terms included in staff contracts,llm_paraphrase,S0135,Confidentiality obligations are written into every member of staff's contract.,False
P00798,All staff members are contractually required to uphold confidentiality obligations.,1,COMPLIANT,DSPT2_StaffResponsibilities,DSPT,confidentiality/data terms included in staff contracts,llm_paraphrase,S0135,Confidentiality obligations are written into every member of staff's contract.,False
P00799,Every member of staff's contract includes a clause specifying their obligations regarding confidentiality.,1,COMPLIANT,DSPT2_StaffResponsibilities,DSPT,confidentiality/data terms included in staff contracts,llm_paraphrase,S0135,Confidentiality obligations are written into every member of staff's contract.,False
P00800,It is a contractual requirement that all staff members adhere to confidentiality obligations.,1,COMPLIANT,DSPT2_StaffResponsibilities,DSPT,confidentiality/data terms included in staff contracts,llm_paraphrase,S0135,Confidentiality obligations are written into every member of staff's contract.,False
P00801,All new staff members are required to sign a contract that includes confidentiality obligations.,1,COMPLIANT,DSPT2_StaffResponsibilities,DSPT,confidentiality/data terms included in staff contracts,llm_paraphrase,S0135,Confidentiality obligations are written into every member of staff's contract.,False
P00802,Data protection responsibilities are an integral part of our employment terms and conditions,1,COMPLIANT,DSPT2_StaffResponsibilities,DSPT,confidentiality/data terms included in staff contracts,llm_paraphrase,S0136,Data protection responsibilities form part of our standard employment terms.,False
P00803,Our data protection obligations are specified within our standard terms of employment,1,COMPLIANT,DSPT2_StaffResponsibilities,DSPT,confidentiality/data terms included in staff contracts,llm_paraphrase,S0136,Data protection responsibilities form part of our standard employment terms.,False
P00804,Data protection is an integral part of our contractual terms,1,COMPLIANT,DSPT2_StaffResponsibilities,DSPT,confidentiality/data terms included in staff contracts,llm_paraphrase,S0136,Data protection responsibilities form part of our standard employment terms.,False
P00805,We ensure our staff's data protection responsibilities are clearly defined in our employment terms,1,COMPLIANT,DSPT2_StaffResponsibilities,DSPT,confidentiality/data terms included in staff contracts,llm_paraphrase,S0136,Data protection responsibilities form part of our standard employment terms.,False
P00806,Our employment contracts include specific data protection responsibilities,1,COMPLIANT,DSPT2_StaffResponsibilities,DSPT,confidentiality/data terms included in staff contracts,llm_paraphrase,S0136,Data protection responsibilities form part of our standard employment terms.,False
P00807,Data protection is an essential part of our contractual agreements,1,COMPLIANT,DSPT2_StaffResponsibilities,DSPT,confidentiality/data terms included in staff contracts,llm_paraphrase,S0136,Data protection responsibilities form part of our standard employment terms.,False
P00808,Staff must sign a confidentiality agreement before commencing employment with our service.,1,COMPLIANT,DSPT2_StaffResponsibilities,DSPT,confidentiality/data terms included in staff contracts,llm_paraphrase,S0137,Staff sign a confidentiality agreement when they join the service.,False
P00809,All new staff members are required to sign a confidentiality agreement before they start work.,1,COMPLIANT,DSPT2_StaffResponsibilities,DSPT,confidentiality/data terms included in staff contracts,llm_paraphrase,S0137,Staff sign a confidentiality agreement when they join the service.,False
P00810,The initial onboarding process for all new staff includes signing a confidentiality agreement.,1,COMPLIANT,DSPT2_StaffResponsibilities,DSPT,confidentiality/data terms included in staff contracts,llm_paraphrase,S0137,Staff sign a confidentiality agreement when they join the service.,False
P00811,"As a condition of employment, all staff must complete and sign a confidentiality agreement.",1,COMPLIANT,DSPT2_StaffResponsibilities,DSPT,confidentiality/data terms included in staff contracts,llm_paraphrase,S0137,Staff sign a confidentiality agreement when they join the service.,False
P00812,"Before commencing work, new staff members are expected to sign a confidentiality agreement.",1,COMPLIANT,DSPT2_StaffResponsibilities,DSPT,confidentiality/data terms included in staff contracts,llm_paraphrase,S0137,Staff sign a confidentiality agreement when they join the service.,False
P00813,All employees are required to sign a confidentiality agreement as a condition of their employment with our care home.,1,COMPLIANT,DSPT2_StaffResponsibilities,DSPT,confidentiality/data terms included in staff contracts,llm_paraphrase,S0137,Staff sign a confidentiality agreement when they join the service.,False
P00814,"Breaches of our data policy are subject to disciplinary action,",1,COMPLIANT,DSPT2_StaffResponsibilities,DSPT,breaches handled through a defined process,llm_paraphrase,S0138,Breaches of our data policy are dealt with through the disciplinary process.,False
P00815,"Disciplinary procedures are applied to individuals who breach our data policy,",1,COMPLIANT,DSPT2_StaffResponsibilities,DSPT,breaches handled through a defined process,llm_paraphrase,S0138,Breaches of our data policy are dealt with through the disciplinary process.,False
P00816,"Individuals who breach our data policy are subject to disciplinary measures,",1,COMPLIANT,DSPT2_StaffResponsibilities,DSPT,breaches handled through a defined process,llm_paraphrase,S0138,Breaches of our data policy are dealt with through the disciplinary process.,False
P00817,"Data policy breaches are handled through disciplinary action,",1,COMPLIANT,DSPT2_StaffResponsibilities,DSPT,breaches handled through a defined process,llm_paraphrase,S0138,Breaches of our data policy are dealt with through the disciplinary process.,False
P00818,"Data policy breaches are subject to disciplinary sanctions,",1,COMPLIANT,DSPT2_StaffResponsibilities,DSPT,breaches handled through a defined process,llm_paraphrase,S0138,Breaches of our data policy are dealt with through the disciplinary process.,False
P00819,Disciplinary action is taken against staff who fail to comply with our data policy.,1,COMPLIANT,DSPT2_StaffResponsibilities,DSPT,breaches handled through a defined process,llm_paraphrase,S0138,Breaches of our data policy are dealt with through the disciplinary process.,False
P00820,A clear process for acting on deliberate or avoidable data breaches must be established and followed by all staff members.,1,COMPLIANT,DSPT2_StaffResponsibilities,DSPT,breaches handled through a defined process,llm_paraphrase,S0139,There is a clear process for acting on deliberate or avoidable data breaches.,False
P00821,All staff are required to adhere to the established process for handling deliberate or avoidable data breaches.,1,COMPLIANT,DSPT2_StaffResponsibilities,DSPT,breaches handled through a defined process,llm_paraphrase,S0139,There is a clear process for acting on deliberate or avoidable data breaches.,False
P00822,The procedure for acting on deliberate or avoidable data breaches is mandatory and applies to all staff.,1,COMPLIANT,DSPT2_StaffResponsibilities,DSPT,breaches handled through a defined process,llm_paraphrase,S0139,There is a clear process for acting on deliberate or avoidable data breaches.,False
P00823,A data breach procedure exists and must be invoked by staff in instances of deliberate or avoidable breaches.,1,COMPLIANT,DSPT2_StaffResponsibilities,DSPT,breaches handled through a defined process,llm_paraphrase,S0139,There is a clear process for acting on deliberate or avoidable data breaches.,False
P00824,Staff are expected to invoke the established data breach procedure in the event of deliberate or avoidable data breaches.,1,COMPLIANT,DSPT2_StaffResponsibilities,DSPT,breaches handled through a defined process,llm_paraphrase,S0139,There is a clear process for acting on deliberate or avoidable data breaches.,False
P00825,The process for responding to deliberate or avoidable data breaches is mandatory and applies uniformly to all staff members.,1,COMPLIANT,DSPT2_StaffResponsibilities,DSPT,breaches handled through a defined process,llm_paraphrase,S0139,There is a clear process for acting on deliberate or avoidable data breaches.,False
P00826,Data protection and confidentiality are not addressed in staff contracts.,0,NON_COMPLIANT,DSPT2_StaffResponsibilities,DSPT,no data responsibilities in contracts,llm_paraphrase,S0140,Staff contracts say nothing about data protection or confidentiality.,False
P00827,Staff contracts do not include provisions for data protection or confidentiality.,0,NON_COMPLIANT,DSPT2_StaffResponsibilities,DSPT,no data responsibilities in contracts,llm_paraphrase,S0140,Staff contracts say nothing about data protection or confidentiality.,False
P00828,There is no data protection or confidentiality information in staff contracts.,0,NON_COMPLIANT,DSPT2_StaffResponsibilities,DSPT,no data responsibilities in contracts,llm_paraphrase,S0140,Staff contracts say nothing about data protection or confidentiality.,False
P00829,Staff contracts are deficient in terms of data protection and confidentiality arrangements.,0,NON_COMPLIANT,DSPT2_StaffResponsibilities,DSPT,no data responsibilities in contracts,llm_paraphrase,S0140,Staff contracts say nothing about data protection or confidentiality.,False
P00830,Data protection and confidentiality are absent from staff contracts.,0,NON_COMPLIANT,DSPT2_StaffResponsibilities,DSPT,no data responsibilities in contracts,llm_paraphrase,S0140,Staff contracts say nothing about data protection or confidentiality.,False
P00831,Staff contracts fail to specify data protection and confidentiality requirements.,0,NON_COMPLIANT,DSPT2_StaffResponsibilities,DSPT,no data responsibilities in contracts,llm_paraphrase,S0140,Staff contracts say nothing about data protection or confidentiality.,False
P00832,Employment terms do not specify data handling responsibilities.,0,NON_COMPLIANT,DSPT2_StaffResponsibilities,DSPT,no data responsibilities in contracts,llm_paraphrase,S0141,Employment terms do not mention responsibilities for handling personal data.,False
P00833,Failing to include data handling responsibilities in employment terms.,0,NON_COMPLIANT,DSPT2_StaffResponsibilities,DSPT,no data responsibilities in contracts,llm_paraphrase,S0141,Employment terms do not mention responsibilities for handling personal data.,False
P00834,A critical omission in employment terms is the lack of data handling responsibilities.,0,NON_COMPLIANT,DSPT2_StaffResponsibilities,DSPT,no data responsibilities in contracts,llm_paraphrase,S0141,Employment terms do not mention responsibilities for handling personal data.,False
P00835,Employment terms are incomplete without data handling responsibilities.,0,NON_COMPLIANT,DSPT2_StaffResponsibilities,DSPT,no data responsibilities in contracts,llm_paraphrase,S0141,Employment terms do not mention responsibilities for handling personal data.,False
P00836,Failure to include data handling responsibilities in employment terms constitutes a breach.,0,NON_COMPLIANT,DSPT2_StaffResponsibilities,DSPT,no data responsibilities in contracts,llm_paraphrase,S0141,Employment terms do not mention responsibilities for handling personal data.,False
P00837,Employment terms must specify data handling responsibilities to ensure compliance.,0,NON_COMPLIANT,DSPT2_StaffResponsibilities,DSPT,no data responsibilities in contracts,llm_paraphrase,S0141,Employment terms do not mention responsibilities for handling personal data.,False
P00838,A data policy breach has been identified without subsequent corrective action being taken.,0,NON_COMPLIANT,DSPT2_StaffResponsibilities,DSPT,breaches ignored or not acted upon,llm_paraphrase,S0142,Data policy breaches have occurred but no action was taken.,False
P00839,Failures in data policy have been recorded but no rectification has occurred.,0,NON_COMPLIANT,DSPT2_StaffResponsibilities,DSPT,breaches ignored or not acted upon,llm_paraphrase,S0142,Data policy breaches have occurred but no action was taken.,False
P00840,"There have been breaches of data policy, yet no remedial action has been taken.",0,NON_COMPLIANT,DSPT2_StaffResponsibilities,DSPT,breaches ignored or not acted upon,llm_paraphrase,S0142,Data policy breaches have occurred but no action was taken.,False
P00841,"Data policy breaches have been detected, but no subsequent correction has been implemented.",0,NON_COMPLIANT,DSPT2_StaffResponsibilities,DSPT,breaches ignored or not acted upon,llm_paraphrase,S0142,Data policy breaches have occurred but no action was taken.,False
P00842,We have identified data policy breaches without subsequently taking corrective action.,0,NON_COMPLIANT,DSPT2_StaffResponsibilities,DSPT,breaches ignored or not acted upon,llm_paraphrase,S0142,Data policy breaches have occurred but no action was taken.,False
P00843,Data policy non-compliance has been detected without prompt remediation.,0,NON_COMPLIANT,DSPT2_StaffResponsibilities,DSPT,breaches ignored or not acted upon,llm_paraphrase,S0142,Data policy breaches have occurred but no action was taken.,False
P00844,There is no defined procedure for responding to staff breaches of data policy.,0,NON_COMPLIANT,DSPT2_StaffResponsibilities,DSPT,breaches ignored or not acted upon,llm_paraphrase,S0143,There is no process for responding when staff breach the data policy.,False
P00845,The lack of a response process following data policy breaches is a critical oversight.,0,NON_COMPLIANT,DSPT2_StaffResponsibilities,DSPT,breaches ignored or not acted upon,llm_paraphrase,S0143,There is no process for responding when staff breach the data policy.,False
P00846,Staff breaches of data policy are not accompanied by a designated procedure for addressing the incident.,0,NON_COMPLIANT,DSPT2_StaffResponsibilities,DSPT,breaches ignored or not acted upon,llm_paraphrase,S0143,There is no process for responding when staff breach the data policy.,False
P00847,A clear response process is absent for incidents arising from staff non-compliance with data policy.,0,NON_COMPLIANT,DSPT2_StaffResponsibilities,DSPT,breaches ignored or not acted upon,llm_paraphrase,S0143,There is no process for responding when staff breach the data policy.,False
P00848,The absence of a response mechanism for data policy breaches renders staff actions non-compliant with organisational policy.,0,NON_COMPLIANT,DSPT2_StaffResponsibilities,DSPT,breaches ignored or not acted upon,llm_paraphrase,S0143,There is no process for responding when staff breach the data policy.,False
P00849,"No standardised procedure exists to address staff breaches of data policy, a major governance omission.",0,NON_COMPLIANT,DSPT2_StaffResponsibilities,DSPT,breaches ignored or not acted upon,llm_paraphrase,S0143,There is no process for responding when staff breach the data policy.,False
P00850,All staff undertake annual data security training,1,COMPLIANT,DSPT3_Training,DSPT,staff completed annual data security/IG training,llm_paraphrase,S0144,All staff complete data security training every year.,False
P00851,All employees are required to complete data security training every year,1,COMPLIANT,DSPT3_Training,DSPT,staff completed annual data security/IG training,llm_paraphrase,S0144,All staff complete data security training every year.,False
P00852,All staff members must undergo annual data security training,1,COMPLIANT,DSPT3_Training,DSPT,staff completed annual data security/IG training,llm_paraphrase,S0144,All staff complete data security training every year.,False
P00853,Staff complete data security training annually,1,COMPLIANT,DSPT3_Training,DSPT,staff completed annual data security/IG training,llm_paraphrase,S0144,All staff complete data security training every year.,False
P00854,It is compulsory for all staff to complete data security training each year,1,COMPLIANT,DSPT3_Training,DSPT,staff completed annual data security/IG training,llm_paraphrase,S0144,All staff complete data security training every year.,False
P00855,All staff are expected to complete data security training on an annual basis,1,COMPLIANT,DSPT3_Training,DSPT,staff completed annual data security/IG training,llm_paraphrase,S0144,All staff complete data security training every year.,False
P00856,Information governance training is mandatory for all staff members annually,1,COMPLIANT,DSPT3_Training,DSPT,staff completed annual data security/IG training,llm_paraphrase,S0145,Information governance training is refreshed annually for the whole team.,False
P00857,Staff are required to complete annual information governance training,1,COMPLIANT,DSPT3_Training,DSPT,staff completed annual data security/IG training,llm_paraphrase,S0145,Information governance training is refreshed annually for the whole team.,False
P00858,Annual information governance training is compulsory for the entire team,1,COMPLIANT,DSPT3_Training,DSPT,staff completed annual data security/IG training,llm_paraphrase,S0145,Information governance training is refreshed annually for the whole team.,False
P00859,All staff must undergo annual information governance training,1,COMPLIANT,DSPT3_Training,DSPT,staff completed annual data security/IG training,llm_paraphrase,S0145,Information governance training is refreshed annually for the whole team.,False
P00860,Information governance training is mandatory for all team members on an annual basis,1,COMPLIANT,DSPT3_Training,DSPT,staff completed annual data security/IG training,llm_paraphrase,S0145,Information governance training is refreshed annually for the whole team.,False
P00861,Staff are required to complete a mandatory annual information governance training programme,1,COMPLIANT,DSPT3_Training,DSPT,staff completed annual data security/IG training,llm_paraphrase,S0145,Information governance training is refreshed annually for the whole team.,False
P00862,All care home staff completed their data security module in the current calendar year.,1,COMPLIANT,DSPT3_Training,DSPT,staff completed annual data security/IG training,llm_paraphrase,S0146,Every member of staff completed their data security module this year.,False
P00863,It is mandatory that all staff complete their data security module by the end of the year.,1,COMPLIANT,DSPT3_Training,DSPT,staff completed annual data security/IG training,llm_paraphrase,S0146,Every member of staff completed their data security module this year.,False
P00864,The data security module for all care home staff must be completed by 31st December.,1,COMPLIANT,DSPT3_Training,DSPT,staff completed annual data security/IG training,llm_paraphrase,S0146,Every member of staff completed their data security module this year.,False
P00865,All care home employees are required to undertake their data security training by the end of the year.,1,COMPLIANT,DSPT3_Training,DSPT,staff completed annual data security/IG training,llm_paraphrase,S0146,Every member of staff completed their data security module this year.,False
P00866,It is a regulatory requirement that all staff complete their data security module by the year-end deadline.,1,COMPLIANT,DSPT3_Training,DSPT,staff completed annual data security/IG training,llm_paraphrase,S0146,Every member of staff completed their data security module this year.,False
P00867,Staff are expected to complete their data security module in the current calendar year as per the Care Quality Commission guidelines.,1,COMPLIANT,DSPT3_Training,DSPT,staff completed annual data security/IG training,llm_paraphrase,S0146,Every member of staff completed their data security module this year.,False
P00868,All new starters undergo data security training as part of their induction process.,1,COMPLIANT,DSPT3_Training,DSPT,training completed at induction,llm_paraphrase,S0147,New starters receive data security training during their induction.,False
P00869,Data security training is mandatory for all new starters during the induction period.,1,COMPLIANT,DSPT3_Training,DSPT,training completed at induction,llm_paraphrase,S0147,New starters receive data security training during their induction.,False
P00870,New staff members are required to complete data security training during their induction.,1,COMPLIANT,DSPT3_Training,DSPT,training completed at induction,llm_paraphrase,S0147,New starters receive data security training during their induction.,False
P00871,New starters are expected to complete data security training during the induction period.,1,COMPLIANT,DSPT3_Training,DSPT,training completed at induction,llm_paraphrase,S0147,New starters receive data security training during their induction.,False
P00872,"As part of the induction process, all new starters are required to receive data security training.",1,COMPLIANT,DSPT3_Training,DSPT,training completed at induction,llm_paraphrase,S0147,New starters receive data security training during their induction.,False
P00873,Data security training is compulsory for all new staff members during the induction period.,1,COMPLIANT,DSPT3_Training,DSPT,training completed at induction,llm_paraphrase,S0147,New starters receive data security training during their induction.,False
P00874,"Information governance is part of our induction programme, covered in the first week",1,COMPLIANT,DSPT3_Training,DSPT,training completed at induction,llm_paraphrase,S0148,Information governance is covered in the first week of induction.,False
P00875,"During the first week of induction, staff are introduced to information governance",1,COMPLIANT,DSPT3_Training,DSPT,training completed at induction,llm_paraphrase,S0148,Information governance is covered in the first week of induction.,False
P00876,"In line with our induction policy, information governance is addressed in the first week",1,COMPLIANT,DSPT3_Training,DSPT,training completed at induction,llm_paraphrase,S0148,Information governance is covered in the first week of induction.,False
P00877,Our induction process includes an information governance briefing in the first week,1,COMPLIANT,DSPT3_Training,DSPT,training completed at induction,llm_paraphrase,S0148,Information governance is covered in the first week of induction.,False
P00878,The first week of induction includes an information governance briefing,1,COMPLIANT,DSPT3_Training,DSPT,training completed at induction,llm_paraphrase,S0148,Information governance is covered in the first week of induction.,False
P00879,"Information governance is integrated into our induction programme, starting with the first week",1,COMPLIANT,DSPT3_Training,DSPT,training completed at induction,llm_paraphrase,S0148,Information governance is covered in the first week of induction.,False
P00880,Training records confirm a ninety-five per cent completion rate for the current year,1,COMPLIANT,DSPT3_Training,DSPT,high completion rates recorded,llm_paraphrase,S0149,Training records show ninety-five per cent completion for the current year.,False
P00881,The current year's training records indicate a ninety-five per cent completion rate,1,COMPLIANT,DSPT3_Training,DSPT,high completion rates recorded,llm_paraphrase,S0149,Training records show ninety-five per cent completion for the current year.,False
P00882,Compliance checks reveal a ninety-five per cent training completion rate for the current year,1,COMPLIANT,DSPT3_Training,DSPT,high completion rates recorded,llm_paraphrase,S0149,Training records show ninety-five per cent completion for the current year.,False
P00883,The audit trail confirms a ninety-five per cent training completion rate achieved for the current year,1,COMPLIANT,DSPT3_Training,DSPT,high completion rates recorded,llm_paraphrase,S0149,Training records show ninety-five per cent completion for the current year.,False
P00884,Training records demonstrate a ninety-five per cent completion level for the current year,1,COMPLIANT,DSPT3_Training,DSPT,high completion rates recorded,llm_paraphrase,S0149,Training records show ninety-five per cent completion for the current year.,False
P00885,No training completion exceptions were recorded in the current year,1,COMPLIANT,DSPT3_Training,DSPT,high completion rates recorded,llm_paraphrase,S0149,Training records show ninety-five per cent completion for the current year.,False
P00886,All staff members are fully compliant with data security protocols as per our training matrix.,1,COMPLIANT,DSPT3_Training,DSPT,high completion rates recorded,llm_paraphrase,S0150,Our training matrix shows all staff are up to date on data security.,False
P00887,Our training programme ensures all staff are up to date on data security procedures.,1,COMPLIANT,DSPT3_Training,DSPT,high completion rates recorded,llm_paraphrase,S0150,Our training matrix shows all staff are up to date on data security.,False
P00888,"Data security training is mandatory for all staff, and all are current as per our records.",1,COMPLIANT,DSPT3_Training,DSPT,high completion rates recorded,llm_paraphrase,S0150,Our training matrix shows all staff are up to date on data security.,False
P00889,Our staff training records confirm that all personnel are compliant with data security requirements.,1,COMPLIANT,DSPT3_Training,DSPT,high completion rates recorded,llm_paraphrase,S0150,Our training matrix shows all staff are up to date on data security.,False
P00890,The latest data security training for our staff confirms they are fully compliant with our policies.,1,COMPLIANT,DSPT3_Training,DSPT,high completion rates recorded,llm_paraphrase,S0150,Our training matrix shows all staff are up to date on data security.,False
P00891,Our training records show all staff are compliant with data security protocols and procedures.,1,COMPLIANT,DSPT3_Training,DSPT,high completion rates recorded,llm_paraphrase,S0150,Our training matrix shows all staff are up to date on data security.,False
P00892,Staff must pass a test at the end of the mandatory data security training session.,1,COMPLIANT,DSPT3_Training,DSPT,mandatory test passed,llm_paraphrase,S0151,Staff must pass a test at the end of the data security training.,False
P00893,All staff must undertake and successfully complete the data security training course.,1,COMPLIANT,DSPT3_Training,DSPT,mandatory test passed,llm_paraphrase,S0151,Staff must pass a test at the end of the data security training.,False
P00894,"As part of their training, all staff must pass the data security awareness test.",1,COMPLIANT,DSPT3_Training,DSPT,mandatory test passed,llm_paraphrase,S0151,Staff must pass a test at the end of the data security training.,False
P00895,The data security training programme requires all staff to pass a competence test.,1,COMPLIANT,DSPT3_Training,DSPT,mandatory test passed,llm_paraphrase,S0151,Staff must pass a test at the end of the data security training.,False
P00896,Staff are required to pass a post-training data security skills assessment.,1,COMPLIANT,DSPT3_Training,DSPT,mandatory test passed,llm_paraphrase,S0151,Staff must pass a test at the end of the data security training.,False
P00897,All staff must demonstrate competence by passing the data security training module assessment.,1,COMPLIANT,DSPT3_Training,DSPT,mandatory test passed,llm_paraphrase,S0151,Staff must pass a test at the end of the data security training.,False
P00898,Completion of mandatory data security assessments is recorded for all staff members.,1,COMPLIANT,DSPT3_Training,DSPT,mandatory test passed,llm_paraphrase,S0152,Completion of the mandatory data security assessment is tracked for every member of staff.,False
P00899,Mandatory data security assessments are monitored and staff records updated accordingly.,1,COMPLIANT,DSPT3_Training,DSPT,mandatory test passed,llm_paraphrase,S0152,Completion of the mandatory data security assessment is tracked for every member of staff.,False
P00900,"All staff must complete mandatory data security assessments, which are then recorded in the system.",1,COMPLIANT,DSPT3_Training,DSPT,mandatory test passed,llm_paraphrase,S0152,Completion of the mandatory data security assessment is tracked for every member of staff.,False
P00901,Mandatory data security assessments are conducted for every member of staff and their records are updated.,1,COMPLIANT,DSPT3_Training,DSPT,mandatory test passed,llm_paraphrase,S0152,Completion of the mandatory data security assessment is tracked for every member of staff.,False
P00902,"All staff are required to complete mandatory data security assessments, which are then tracked in the system.",1,COMPLIANT,DSPT3_Training,DSPT,mandatory test passed,llm_paraphrase,S0152,Completion of the mandatory data security assessment is tracked for every member of staff.,False
P00903,Mandatory data security assessments are completed by all staff and recorded in the staff records.,1,COMPLIANT,DSPT3_Training,DSPT,mandatory test passed,llm_paraphrase,S0152,Completion of the mandatory data security assessment is tracked for every member of staff.,False
P00904,Staff must undertake regular phishing awareness training to accurately identify and report suspicious emails.,1,COMPLIANT,DSPT3_Training,DSPT,phishing/awareness training delivered,llm_paraphrase,S0153,Staff receive phishing awareness training so they can spot suspicious emails.,False
P00905,All staff are expected to receive phishing awareness training to enable them to spot and respond to suspicious emails.,1,COMPLIANT,DSPT3_Training,DSPT,phishing/awareness training delivered,llm_paraphrase,S0153,Staff receive phishing awareness training so they can spot suspicious emails.,False
P00906,Phishing awareness training is mandatory for all staff to ensure they can identify and report potential emails.,1,COMPLIANT,DSPT3_Training,DSPT,phishing/awareness training delivered,llm_paraphrase,S0153,Staff receive phishing awareness training so they can spot suspicious emails.,False
P00907,Staff are required to complete phishing awareness training to effectively identify and manage suspicious emails.,1,COMPLIANT,DSPT3_Training,DSPT,phishing/awareness training delivered,llm_paraphrase,S0153,Staff receive phishing awareness training so they can spot suspicious emails.,False
P00908,"Phishing awareness training is an essential component of staff training, enabling them to distinguish and report suspicious emails.",1,COMPLIANT,DSPT3_Training,DSPT,phishing/awareness training delivered,llm_paraphrase,S0153,Staff receive phishing awareness training so they can spot suspicious emails.,False
P00909,All staff must be trained in phishing awareness to properly identify and respond to suspicious emails.,1,COMPLIANT,DSPT3_Training,DSPT,phishing/awareness training delivered,llm_paraphrase,S0153,Staff receive phishing awareness training so they can spot suspicious emails.,False
P00910,"We conduct regular awareness training sessions on cyber threats to inform our staff,",1,COMPLIANT,DSPT3_Training,DSPT,phishing/awareness training delivered,llm_paraphrase,S0154,We run regular awareness sessions on recognising cyber threats.,False
P00911,"Regular awareness training sessions on cyber threats are a mandatory part of our staff induction,",1,COMPLIANT,DSPT3_Training,DSPT,phishing/awareness training delivered,llm_paraphrase,S0154,We run regular awareness sessions on recognising cyber threats.,False
P00912,"Our staff undergo regular awareness training on cyber threats as a requirement of their employment,",1,COMPLIANT,DSPT3_Training,DSPT,phishing/awareness training delivered,llm_paraphrase,S0154,We run regular awareness sessions on recognising cyber threats.,False
P00913,"We conduct regular awareness sessions on cyber threats to ensure our staff are aware of potential security threats,",1,COMPLIANT,DSPT3_Training,DSPT,phishing/awareness training delivered,llm_paraphrase,S0154,We run regular awareness sessions on recognising cyber threats.,False
P00914,"Cyber threat awareness training is a mandatory requirement for all our staff members,",1,COMPLIANT,DSPT3_Training,DSPT,phishing/awareness training delivered,llm_paraphrase,S0154,We run regular awareness sessions on recognising cyber threats.,False
P00915,All our staff must complete regular cyber threat awareness training sessions as part of our security protocol.,1,COMPLIANT,DSPT3_Training,DSPT,phishing/awareness training delivered,llm_paraphrase,S0154,We run regular awareness sessions on recognising cyber threats.,False
P00916,Staff have not completed the required data security training as per the care home's IT policy.,0,NON_COMPLIANT,DSPT3_Training,DSPT,staff have not completed training,llm_paraphrase,S0155,Staff have not completed any data security training.,False
P00917,"The data security training is mandatory for all staff, and none have met this requirement.",0,NON_COMPLIANT,DSPT3_Training,DSPT,staff have not completed training,llm_paraphrase,S0155,Staff have not completed any data security training.,False
P00918,It is a compliance requirement that staff complete the data security training before commencing work.,0,NON_COMPLIANT,DSPT3_Training,DSPT,staff have not completed training,llm_paraphrase,S0155,Staff have not completed any data security training.,False
P00919,"There is a mandatory data security training requirement for all staff, which has not been fulfilled.",0,NON_COMPLIANT,DSPT3_Training,DSPT,staff have not completed training,llm_paraphrase,S0155,Staff have not completed any data security training.,False
P00920,"Data security training is an essential aspect of staff onboarding, and all have fallen short in meeting this requirement.",0,NON_COMPLIANT,DSPT3_Training,DSPT,staff have not completed training,llm_paraphrase,S0155,Staff have not completed any data security training.,False
P00921,"Staff must complete the mandatory data security training, and none have done so in compliance with care home policy.",0,NON_COMPLIANT,DSPT3_Training,DSPT,staff have not completed training,llm_paraphrase,S0155,Staff have not completed any data security training.,False
P00922,The annual data security training requirement is not met for the team.,0,NON_COMPLIANT,DSPT3_Training,DSPT,staff have not completed training,llm_paraphrase,S0156,There is no annual data security training for the team.,False
P00923,Data security training for the team is not currently provided.,0,NON_COMPLIANT,DSPT3_Training,DSPT,staff have not completed training,llm_paraphrase,S0156,There is no annual data security training for the team.,False
P00924,There is no provision for annual data security training for staff.,0,NON_COMPLIANT,DSPT3_Training,DSPT,staff have not completed training,llm_paraphrase,S0156,There is no annual data security training for the team.,False
P00925,Annual data security training for the team is not implemented.,0,NON_COMPLIANT,DSPT3_Training,DSPT,staff have not completed training,llm_paraphrase,S0156,There is no annual data security training for the team.,False
P00926,Staff are not required to receive annual data security training.,0,NON_COMPLIANT,DSPT3_Training,DSPT,staff have not completed training,llm_paraphrase,S0156,There is no annual data security training for the team.,False
P00927,Data security training for all team members is not scheduled.,0,NON_COMPLIANT,DSPT3_Training,DSPT,staff have not completed training,llm_paraphrase,S0156,There is no annual data security training for the team.,False
P00928,New staff are required to complete a mandatory training programme on information governance before commencing work.,0,NON_COMPLIANT,DSPT3_Training,DSPT,no induction training on data security,llm_paraphrase,S0157,New staff start work without any training on information governance.,False
P00929,All new staff members must undergo training on information governance prior to starting their employment.,0,NON_COMPLIANT,DSPT3_Training,DSPT,no induction training on data security,llm_paraphrase,S0157,New staff start work without any training on information governance.,False
P00930,New staff start work after completing a mandatory information governance training session as stipulated in the care home's policies.,0,NON_COMPLIANT,DSPT3_Training,DSPT,no induction training on data security,llm_paraphrase,S0157,New staff start work without any training on information governance.,False
P00931,Failure to undergo information governance training is unacceptable for new staff before commencing their employment.,0,NON_COMPLIANT,DSPT3_Training,DSPT,no induction training on data security,llm_paraphrase,S0157,New staff start work without any training on information governance.,False
P00932,It is a mandatory requirement that new staff undergo training on information governance before starting their duties.,0,NON_COMPLIANT,DSPT3_Training,DSPT,no induction training on data security,llm_paraphrase,S0157,New staff start work without any training on information governance.,False
P00933,New staff must complete the mandatory information governance training before beginning their work.,0,NON_COMPLIANT,DSPT3_Training,DSPT,no induction training on data security,llm_paraphrase,S0157,New staff start work without any training on information governance.,False
P00934,The handling of confidential data is not covered in the induction process.,0,NON_COMPLIANT,DSPT3_Training,DSPT,no induction training on data security,llm_paraphrase,S0158,Induction does not include anything about handling confidential data.,False
P00935,Confidential data handling is not a part of the induction procedure.,0,NON_COMPLIANT,DSPT3_Training,DSPT,no induction training on data security,llm_paraphrase,S0158,Induction does not include anything about handling confidential data.,False
P00936,Induction does not include training on handling sensitive information.,0,NON_COMPLIANT,DSPT3_Training,DSPT,no induction training on data security,llm_paraphrase,S0158,Induction does not include anything about handling confidential data.,False
P00937,Sensitive information handling is not addressed in the induction process.,0,NON_COMPLIANT,DSPT3_Training,DSPT,no induction training on data security,llm_paraphrase,S0158,Induction does not include anything about handling confidential data.,False
P00938,"The induction does not cover confidentiality, including data handling.",0,NON_COMPLIANT,DSPT3_Training,DSPT,no induction training on data security,llm_paraphrase,S0158,Induction does not include anything about handling confidential data.,False
P00939,Confidential data handling is excluded from the induction process.,0,NON_COMPLIANT,DSPT3_Training,DSPT,no induction training on data security,llm_paraphrase,S0158,Induction does not include anything about handling confidential data.,False
P00940,"Only thirty per cent of staff have completed the data security module, which is not compliant with current policy.",0,NON_COMPLIANT,DSPT3_Training,DSPT,low or unrecorded completion rates,llm_paraphrase,S0159,Only thirty per cent of staff have completed the data security module.,False
P00941,"Thirty per cent of staff have not completed the data security module, highlighting a major compliance breach.",0,NON_COMPLIANT,DSPT3_Training,DSPT,low or unrecorded completion rates,llm_paraphrase,S0159,Only thirty per cent of staff have completed the data security module.,False
P00942,"Staff have failed to complete the data security module, with only thirty per cent meeting the required standard.",0,NON_COMPLIANT,DSPT3_Training,DSPT,low or unrecorded completion rates,llm_paraphrase,S0159,Only thirty per cent of staff have completed the data security module.,False
P00943,"The data security module has not been completed by thirty per cent of staff, resulting in a significant compliance issue.",0,NON_COMPLIANT,DSPT3_Training,DSPT,low or unrecorded completion rates,llm_paraphrase,S0159,Only thirty per cent of staff have completed the data security module.,False
P00944,"Staff have not met the data security module requirement, with only thirty per cent of staff having completed it.",0,NON_COMPLIANT,DSPT3_Training,DSPT,low or unrecorded completion rates,llm_paraphrase,S0159,Only thirty per cent of staff have completed the data security module.,False
P00945,"Thirty per cent of staff have not fulfilled the data security module obligation, leading to a critical compliance failure.",0,NON_COMPLIANT,DSPT3_Training,DSPT,low or unrecorded completion rates,llm_paraphrase,S0159,Only thirty per cent of staff have completed the data security module.,False
P00946,No records exist to confirm that staff have completed information governance training,0,NON_COMPLIANT,DSPT3_Training,DSPT,low or unrecorded completion rates,llm_paraphrase,S0160,There are no records showing who has completed information governance training.,False
P00947,Information governance training completion is not evidenced by available records,0,NON_COMPLIANT,DSPT3_Training,DSPT,low or unrecorded completion rates,llm_paraphrase,S0160,There are no records showing who has completed information governance training.,False
P00948,There is no documented proof that staff have undertaken information governance training,0,NON_COMPLIANT,DSPT3_Training,DSPT,low or unrecorded completion rates,llm_paraphrase,S0160,There are no records showing who has completed information governance training.,False
P00949,Staff are not recorded as having completed information governance training,0,NON_COMPLIANT,DSPT3_Training,DSPT,low or unrecorded completion rates,llm_paraphrase,S0160,There are no records showing who has completed information governance training.,False
P00950,The training records for staff are not sufficient to confirm completion,0,NON_COMPLIANT,DSPT3_Training,DSPT,low or unrecorded completion rates,llm_paraphrase,S0160,There are no records showing who has completed information governance training.,False
P00951,No records confirm staff have completed information governance training,0,NON_COMPLIANT,DSPT3_Training,DSPT,low or unrecorded completion rates,llm_paraphrase,S0160,There are no records showing who has completed information governance training.,False
P00952,The registered manager is the only staff member to have received information governance training.,0,NON_COMPLIANT,DSPT3_Training,DSPT,low or unrecorded completion rates,llm_paraphrase,S0161,Only the registered manager has received information governance training.,False
P00953,The information governance training is solely recorded as having been received by the registered manager.,0,NON_COMPLIANT,DSPT3_Training,DSPT,low or unrecorded completion rates,llm_paraphrase,S0161,Only the registered manager has received information governance training.,False
P00954,The registered manager is the only staff member who has completed the required information governance training.,0,NON_COMPLIANT,DSPT3_Training,DSPT,low or unrecorded completion rates,llm_paraphrase,S0161,Only the registered manager has received information governance training.,False
P00955,It is the responsibility of the registered manager to have received information governance training.,0,NON_COMPLIANT,DSPT3_Training,DSPT,low or unrecorded completion rates,llm_paraphrase,S0161,Only the registered manager has received information governance training.,False
P00956,Information governance training is only credited to the registered manager in our system.,0,NON_COMPLIANT,DSPT3_Training,DSPT,low or unrecorded completion rates,llm_paraphrase,S0161,Only the registered manager has received information governance training.,False
P00957,The registered manager's completion of information governance training is the only instance recorded in our training records.,0,NON_COMPLIANT,DSPT3_Training,DSPT,low or unrecorded completion rates,llm_paraphrase,S0161,Only the registered manager has received information governance training.,False
P00958,The training is mandated but staff are not subjected to a competency check.,0,NON_COMPLIANT,DSPT3_Training,DSPT,training not tested or not mandatory,llm_paraphrase,S0162,The training is provided but staff are not tested on it.,False
P00959,"Staff are required to undergo training, yet they are not formally assessed for their knowledge.",0,NON_COMPLIANT,DSPT3_Training,DSPT,training not tested or not mandatory,llm_paraphrase,S0162,The training is provided but staff are not tested on it.,False
P00960,Compliance with mandatory training is not accompanied by regular testing of staff competencies.,0,NON_COMPLIANT,DSPT3_Training,DSPT,training not tested or not mandatory,llm_paraphrase,S0162,The training is provided but staff are not tested on it.,False
P00961,Mandatory training is provided but staff are not tested on their knowledge to confirm competency.,0,NON_COMPLIANT,DSPT3_Training,DSPT,training not tested or not mandatory,llm_paraphrase,S0162,The training is provided but staff are not tested on it.,False
P00962,"Our training policy requires staff to be tested on their knowledge, yet this is not routinely done.",0,NON_COMPLIANT,DSPT3_Training,DSPT,training not tested or not mandatory,llm_paraphrase,S0162,The training is provided but staff are not tested on it.,False
P00963,"Staff are expected to demonstrate knowledge of mandatory training, yet this is not typically assessed through formal testing.",0,NON_COMPLIANT,DSPT3_Training,DSPT,training not tested or not mandatory,llm_paraphrase,S0162,The training is provided but staff are not tested on it.,False
P00964,Data security training is compulsory for all staff due to high staff uptake,0,NON_COMPLIANT,DSPT3_Training,DSPT,training not tested or not mandatory,llm_paraphrase,S0163,Data security training is optional and few staff have taken it.,False
P00965,It is mandatory for all staff to undergo data security training,0,NON_COMPLIANT,DSPT3_Training,DSPT,training not tested or not mandatory,llm_paraphrase,S0163,Data security training is optional and few staff have taken it.,False
P00966,All staff must undergo data security training before being appointed,0,NON_COMPLIANT,DSPT3_Training,DSPT,training not tested or not mandatory,llm_paraphrase,S0163,Data security training is optional and few staff have taken it.,False
P00967,Staff are expected to complete data security training before commencing work,0,NON_COMPLIANT,DSPT3_Training,DSPT,training not tested or not mandatory,llm_paraphrase,S0163,Data security training is optional and few staff have taken it.,False
P00968,All staff are required to attend data security training sessions at least annually,0,NON_COMPLIANT,DSPT3_Training,DSPT,training not tested or not mandatory,llm_paraphrase,S0163,Data security training is optional and few staff have taken it.,False
P00969,Staff are expected to complete data security training as part of their induction process,0,NON_COMPLIANT,DSPT3_Training,DSPT,training not tested or not mandatory,llm_paraphrase,S0163,Data security training is optional and few staff have taken it.,False
P00970,Staff have not received necessary training on identifying phishing emails,0,NON_COMPLIANT,DSPT3_Training,DSPT,no awareness training provided,llm_paraphrase,S0164,Staff have had no training on recognising phishing emails.,False
P00971,Phishing email recognition training has not been provided to staff,0,NON_COMPLIANT,DSPT3_Training,DSPT,no awareness training provided,llm_paraphrase,S0164,Staff have had no training on recognising phishing emails.,False
P00972,Staff are not adequately equipped to identify phishing emails due to lack of training,0,NON_COMPLIANT,DSPT3_Training,DSPT,no awareness training provided,llm_paraphrase,S0164,Staff have had no training on recognising phishing emails.,False
P00973,The absence of phishing email recognition training renders staff unable to identify phishing emails,0,NON_COMPLIANT,DSPT3_Training,DSPT,no awareness training provided,llm_paraphrase,S0164,Staff have had no training on recognising phishing emails.,False
P00974,It has been confirmed that staff have not received training on phishing email recognition,0,NON_COMPLIANT,DSPT3_Training,DSPT,no awareness training provided,llm_paraphrase,S0164,Staff have had no training on recognising phishing emails.,False
P00975,There has been no provision of training on phishing email recognition for staff members,0,NON_COMPLIANT,DSPT3_Training,DSPT,no awareness training provided,llm_paraphrase,S0164,Staff have had no training on recognising phishing emails.,False
P00976,Lack of cyber awareness training is a critical omission for this service.,0,NON_COMPLIANT,DSPT3_Training,DSPT,no awareness training provided,llm_paraphrase,S0165,There is no cyber awareness training of any kind at the service.,False
P00977,Cyber awareness training is a mandatory requirement for all staff members.,0,NON_COMPLIANT,DSPT3_Training,DSPT,no awareness training provided,llm_paraphrase,S0165,There is no cyber awareness training of any kind at the service.,False
P00978,It is a regulatory requirement that this service provides cyber awareness training to all employees.,0,NON_COMPLIANT,DSPT3_Training,DSPT,no awareness training provided,llm_paraphrase,S0165,There is no cyber awareness training of any kind at the service.,False
P00979,Inadequate training on cyber security protocols is a significant failing of this service.,0,NON_COMPLIANT,DSPT3_Training,DSPT,no awareness training provided,llm_paraphrase,S0165,There is no cyber awareness training of any kind at the service.,False
P00980,The service has failed to implement cyber awareness training as per industry standards.,0,NON_COMPLIANT,DSPT3_Training,DSPT,no awareness training provided,llm_paraphrase,S0165,There is no cyber awareness training of any kind at the service.,False
P00981,This service is not compliant with best practice guidelines for cyber awareness training provision.,0,NON_COMPLIANT,DSPT3_Training,DSPT,no awareness training provided,llm_paraphrase,S0165,There is no cyber awareness training of any kind at the service.,False
P00982,Access to care records is strictly limited to those who require it for their role.,1,COMPLIANT,DSPT4_DataAccess,DSPT,access restricted to staff who need it,llm_paraphrase,S0166,Access to care records is restricted to staff who need it for their role.,False
P00983,Only personnel directly involved in patient care may access care records.,1,COMPLIANT,DSPT4_DataAccess,DSPT,access restricted to staff who need it,llm_paraphrase,S0166,Access to care records is restricted to staff who need it for their role.,False
P00984,Care records can only be accessed by staff whose role necessitates this information.,1,COMPLIANT,DSPT4_DataAccess,DSPT,access restricted to staff who need it,llm_paraphrase,S0166,Access to care records is restricted to staff who need it for their role.,False
P00985,Staff accessing care records must be directly involved in patient care.,1,COMPLIANT,DSPT4_DataAccess,DSPT,access restricted to staff who need it,llm_paraphrase,S0166,Access to care records is restricted to staff who need it for their role.,False
P00986,Care records are accessible only to those whose role involves patient care activities.,1,COMPLIANT,DSPT4_DataAccess,DSPT,access restricted to staff who need it,llm_paraphrase,S0166,Access to care records is restricted to staff who need it for their role.,False
P00987,Only personnel with a legitimate need for it to perform their duties may view care records.,1,COMPLIANT,DSPT4_DataAccess,DSPT,access restricted to staff who need it,llm_paraphrase,S0166,Access to care records is restricted to staff who need it for their role.,False
P00988,Only personnel holding resident confidentiality access permissions may access resident records.,1,COMPLIANT,DSPT4_DataAccess,DSPT,access restricted to staff who need it,llm_paraphrase,S0167,Only authorised staff can open residents' confidential records.,False
P00989,Staff opening resident records must have requisite authorisation.,1,COMPLIANT,DSPT4_DataAccess,DSPT,access restricted to staff who need it,llm_paraphrase,S0167,Only authorised staff can open residents' confidential records.,False
P00990,Access to resident records is restricted to personnel with approved access rights.,1,COMPLIANT,DSPT4_DataAccess,DSPT,access restricted to staff who need it,llm_paraphrase,S0167,Only authorised staff can open residents' confidential records.,False
P00991,Confidential records can only be accessed by personnel with explicit resident confidentiality permission.,1,COMPLIANT,DSPT4_DataAccess,DSPT,access restricted to staff who need it,llm_paraphrase,S0167,Only authorised staff can open residents' confidential records.,False
P00992,Residents' personal records can only be opened by staff with the requisite clearance.,1,COMPLIANT,DSPT4_DataAccess,DSPT,access restricted to staff who need it,llm_paraphrase,S0167,Only authorised staff can open residents' confidential records.,False
P00993,Staff opening confidential records must hold the designated resident confidentiality access credential.,1,COMPLIANT,DSPT4_DataAccess,DSPT,access restricted to staff who need it,llm_paraphrase,S0167,Only authorised staff can open residents' confidential records.,False
P00994,Access to personal data is removed as soon as its legitimate business need ends.,1,COMPLIANT,DSPT4_DataAccess,DSPT,access removed when role changes/ends,llm_paraphrase,S0168,Access to personal data is removed as soon as it is no longer needed for the role.,False
P00995,All personal data is de-identified and discarded when no longer required for operational purposes.,1,COMPLIANT,DSPT4_DataAccess,DSPT,access removed when role changes/ends,llm_paraphrase,S0168,Access to personal data is removed as soon as it is no longer needed for the role.,False
P00996,"Personal data is subject to a 'live for 12 months' retention policy, after which it is securely disposed of.",1,COMPLIANT,DSPT4_DataAccess,DSPT,access removed when role changes/ends,llm_paraphrase,S0168,Access to personal data is removed as soon as it is no longer needed for the role.,False
P00997,All staff are informed to promptly destroy personal data once its functional purpose has expired.,1,COMPLIANT,DSPT4_DataAccess,DSPT,access removed when role changes/ends,llm_paraphrase,S0168,Access to personal data is removed as soon as it is no longer needed for the role.,False
P00998,"Personal data is securely archived for a maximum of 12 months, thereafter disposed of in accordance with data protection regulations.",1,COMPLIANT,DSPT4_DataAccess,DSPT,access removed when role changes/ends,llm_paraphrase,S0168,Access to personal data is removed as soon as it is no longer needed for the role.,False
P00999,Data protection officers ensure all staff destroy personal data as soon as its operational utility has ceased.,1,COMPLIANT,DSPT4_DataAccess,DSPT,access removed when role changes/ends,llm_paraphrase,S0168,Access to personal data is removed as soon as it is no longer needed for the role.,False
P01000,Staff access rights are updated in accordance with organisational change protocols upon role transition.,1,COMPLIANT,DSPT4_DataAccess,DSPT,access removed when role changes/ends,llm_paraphrase,S0169,"When staff change roles, their access rights are updated to match.",False
P01001,Role changes necessitate a concurrent update to staff access rights.,1,COMPLIANT,DSPT4_DataAccess,DSPT,access removed when role changes/ends,llm_paraphrase,S0169,"When staff change roles, their access rights are updated to match.",False
P01002,The update of staff access rights upon role change is a critical control measure.,1,COMPLIANT,DSPT4_DataAccess,DSPT,access removed when role changes/ends,llm_paraphrase,S0169,"When staff change roles, their access rights are updated to match.",False
P01003,"During staff role changes, access rights are updated in line with company policy.",1,COMPLIANT,DSPT4_DataAccess,DSPT,access removed when role changes/ends,llm_paraphrase,S0169,"When staff change roles, their access rights are updated to match.",False
P01004,"On staff role changes, access rights are automatically updated to ensure system integrity.",1,COMPLIANT,DSPT4_DataAccess,DSPT,access removed when role changes/ends,llm_paraphrase,S0169,"When staff change roles, their access rights are updated to match.",False
P01005,"A role change triggers an immediate update to staff access rights, conforming to established protocols.",1,COMPLIANT,DSPT4_DataAccess,DSPT,access removed when role changes/ends,llm_paraphrase,S0169,"When staff change roles, their access rights are updated to match.",False
P01006,"All resident records accesses are tracked through a single, centralised point",1,COMPLIANT,DSPT4_DataAccess,DSPT,access attributable to individuals,llm_paraphrase,S0170,Every access to a resident's record can be traced back to an individual.,False
P01007,All record accesses are traceable via a single tracking system,1,COMPLIANT,DSPT4_DataAccess,DSPT,access attributable to individuals,llm_paraphrase,S0170,Every access to a resident's record can be traced back to an individual.,False
P01008,Each resident record access is logged and retrievable via a single entry point,1,COMPLIANT,DSPT4_DataAccess,DSPT,access attributable to individuals,llm_paraphrase,S0170,Every access to a resident's record can be traced back to an individual.,False
P01009,Record access is fully traceable via a single tracking system,1,COMPLIANT,DSPT4_DataAccess,DSPT,access attributable to individuals,llm_paraphrase,S0170,Every access to a resident's record can be traced back to an individual.,False
P01010,Access to resident records can always be traced back to an individual point of origin,1,COMPLIANT,DSPT4_DataAccess,DSPT,access attributable to individuals,llm_paraphrase,S0170,Every access to a resident's record can be traced back to an individual.,False
P01011,"Each record access is linked to a single, identifiable point of entry",1,COMPLIANT,DSPT4_DataAccess,DSPT,access attributable to individuals,llm_paraphrase,S0170,Every access to a resident's record can be traced back to an individual.,False
P01012,The system is configured to record all viewings of care records and timestamps.,1,COMPLIANT,DSPT4_DataAccess,DSPT,access attributable to individuals,llm_paraphrase,S0171,The system logs who viewed each care record and when.,False
P01013,Viewings of care records are logged and timestamped by the system.,1,COMPLIANT,DSPT4_DataAccess,DSPT,access attributable to individuals,llm_paraphrase,S0171,The system logs who viewed each care record and when.,False
P01014,It is mandatory that all viewings of care records are logged with a timestamp.,1,COMPLIANT,DSPT4_DataAccess,DSPT,access attributable to individuals,llm_paraphrase,S0171,The system logs who viewed each care record and when.,False
P01015,All viewings of care records must be recorded and timestamped by the system.,1,COMPLIANT,DSPT4_DataAccess,DSPT,access attributable to individuals,llm_paraphrase,S0171,The system logs who viewed each care record and when.,False
P01016,The system records every viewing of a care record and the date and time it was viewed.,1,COMPLIANT,DSPT4_DataAccess,DSPT,access attributable to individuals,llm_paraphrase,S0171,The system logs who viewed each care record and when.,False
P01017,Viewings of care records must be logged and timestamped in accordance with system procedures.,1,COMPLIANT,DSPT4_DataAccess,DSPT,access attributable to individuals,llm_paraphrase,S0171,The system logs who viewed each care record and when.,False
P01018,Staff access to resident records is strictly controlled by role-based access,1,COMPLIANT,DSPT4_DataAccess,DSPT,role-based access enforced,llm_paraphrase,S0172,Role-based access controls determine what each member of staff can see.,False
P01019,Staff access to resident records is regulated by role-based access controls,1,COMPLIANT,DSPT4_DataAccess,DSPT,role-based access enforced,llm_paraphrase,S0172,Role-based access controls determine what each member of staff can see.,False
P01020,Role-based access controls dictate staff access to resident records,1,COMPLIANT,DSPT4_DataAccess,DSPT,role-based access enforced,llm_paraphrase,S0172,Role-based access controls determine what each member of staff can see.,False
P01021,Staff view resident records through strictly controlled role-based access,1,COMPLIANT,DSPT4_DataAccess,DSPT,role-based access enforced,llm_paraphrase,S0172,Role-based access controls determine what each member of staff can see.,False
P01022,All staff have access to resident records as determined by role-based access controls,1,COMPLIANT,DSPT4_DataAccess,DSPT,role-based access enforced,llm_paraphrase,S0172,Role-based access controls determine what each member of staff can see.,False
P01023,Staff access to resident records is governed by role-based access controls,1,COMPLIANT,DSPT4_DataAccess,DSPT,role-based access enforced,llm_paraphrase,S0172,Role-based access controls determine what each member of staff can see.,False
P01024,Access permissions are set in line with job role specifications and reviewed regularly,1,COMPLIANT,DSPT4_DataAccess,DSPT,role-based access enforced,llm_paraphrase,S0173,Access permissions are set according to job role and reviewed regularly.,False
P01025,Job role-specific access permissions are set and reviewed at regular intervals,1,COMPLIANT,DSPT4_DataAccess,DSPT,role-based access enforced,llm_paraphrase,S0173,Access permissions are set according to job role and reviewed regularly.,False
P01026,"Staff are required to access system functions according to their approved job role, with regular review",1,COMPLIANT,DSPT4_DataAccess,DSPT,role-based access enforced,llm_paraphrase,S0173,Access permissions are set according to job role and reviewed regularly.,False
P01027,All access permissions are reviewed and updated according to individual job role specifications,1,COMPLIANT,DSPT4_DataAccess,DSPT,role-based access enforced,llm_paraphrase,S0173,Access permissions are set according to job role and reviewed regularly.,False
P01028,"Access permissions are managed in accordance with job role definitions, with regular review and update",1,COMPLIANT,DSPT4_DataAccess,DSPT,role-based access enforced,llm_paraphrase,S0173,Access permissions are set according to job role and reviewed regularly.,False
P01029,"Staff are expected to access system functions in accordance with their approved job role, with regular review and update of permissions",1,COMPLIANT,DSPT4_DataAccess,DSPT,role-based access enforced,llm_paraphrase,S0173,Access permissions are set according to job role and reviewed regularly.,False
P01030,Staff are prohibited from accessing resident records unrelated to their designated role.,0,NON_COMPLIANT,DSPT4_DataAccess,DSPT,data accessible to staff who don't need it,llm_paraphrase,S0174,Staff can access resident records that have nothing to do with their role.,False
P01031,Inappropriate access to resident records by staff without a legitimate reason is strictly forbidden.,0,NON_COMPLIANT,DSPT4_DataAccess,DSPT,data accessible to staff who don't need it,llm_paraphrase,S0174,Staff can access resident records that have nothing to do with their role.,False
P01032,All staff are required to maintain confidentiality and only access resident records relevant to their job duties.,0,NON_COMPLIANT,DSPT4_DataAccess,DSPT,data accessible to staff who don't need it,llm_paraphrase,S0174,Staff can access resident records that have nothing to do with their role.,False
P01033,Staff will not be permitted to access resident records outside of their designated role.,0,NON_COMPLIANT,DSPT4_DataAccess,DSPT,data accessible to staff who don't need it,llm_paraphrase,S0174,Staff can access resident records that have nothing to do with their role.,False
P01034,Resident records must only be accessed by staff with a legitimate purpose directly related to their job specification.,0,NON_COMPLIANT,DSPT4_DataAccess,DSPT,data accessible to staff who don't need it,llm_paraphrase,S0174,Staff can access resident records that have nothing to do with their role.,False
P01035,Staff will not be allowed to access resident records that do not pertain to their designated role or responsibilities.,0,NON_COMPLIANT,DSPT4_DataAccess,DSPT,data accessible to staff who don't need it,llm_paraphrase,S0174,Staff can access resident records that have nothing to do with their role.,False
P01036,The system allows anyone with a login to access the full care record of any resident.,0,NON_COMPLIANT,DSPT4_DataAccess,DSPT,data accessible to staff who don't need it,llm_paraphrase,S0175,Anyone with a login can open any resident's full care record.,False
P01037,All staff with a login can access a resident's full care record without restriction.,0,NON_COMPLIANT,DSPT4_DataAccess,DSPT,data accessible to staff who don't need it,llm_paraphrase,S0175,Anyone with a login can open any resident's full care record.,False
P01038,Any user with a login credentials can open a resident's full care record.,0,NON_COMPLIANT,DSPT4_DataAccess,DSPT,data accessible to staff who don't need it,llm_paraphrase,S0175,Anyone with a login can open any resident's full care record.,False
P01039,Residents' personal care records can be accessed by anyone with a login to the system.,0,NON_COMPLIANT,DSPT4_DataAccess,DSPT,data accessible to staff who don't need it,llm_paraphrase,S0175,Anyone with a login can open any resident's full care record.,False
P01040,Access to resident care records is restricted to users with a valid login.,0,NON_COMPLIANT,DSPT4_DataAccess,DSPT,data accessible to staff who don't need it,llm_paraphrase,S0175,Anyone with a login can open any resident's full care record.,False
P01041,Access to full care records is only available to users with a valid login credentials.,0,NON_COMPLIANT,DSPT4_DataAccess,DSPT,data accessible to staff who don't need it,llm_paraphrase,S0175,Anyone with a login can open any resident's full care record.,False
P01042,"Staff must not remove resident access rights, regardless of role changes.",0,NON_COMPLIANT,DSPT4_DataAccess,DSPT,access retained after it is no longer needed,llm_paraphrase,S0176,"Access rights are never removed, even when staff move to different roles.",False
P01043,No staff member can relinquish a resident's access rights.,0,NON_COMPLIANT,DSPT4_DataAccess,DSPT,access retained after it is no longer needed,llm_paraphrase,S0176,"Access rights are never removed, even when staff move to different roles.",False
P01044,Residents' access rights are maintained even when staff rotate into new roles.,0,NON_COMPLIANT,DSPT4_DataAccess,DSPT,access retained after it is no longer needed,llm_paraphrase,S0176,"Access rights are never removed, even when staff move to different roles.",False
P01045,Staff may not withdraw access rights granted to residents upon role changes.,0,NON_COMPLIANT,DSPT4_DataAccess,DSPT,access retained after it is no longer needed,llm_paraphrase,S0176,"Access rights are never removed, even when staff move to different roles.",False
P01046,Resident access rights cannot be revoked by staff on role reallocation.,0,NON_COMPLIANT,DSPT4_DataAccess,DSPT,access retained after it is no longer needed,llm_paraphrase,S0176,"Access rights are never removed, even when staff move to different roles.",False
P01047,"Staff may not relinquish access rights granted to residents, even in role changes.",0,NON_COMPLIANT,DSPT4_DataAccess,DSPT,access retained after it is no longer needed,llm_paraphrase,S0176,"Access rights are never removed, even when staff move to different roles.",False
P01048,Staff should not retain access to payroll data,0,NON_COMPLIANT,DSPT4_DataAccess,DSPT,access retained after it is no longer needed,llm_paraphrase,S0177,A member of staff retained access to payroll data after moving to a care role.,False
P01049,Access to payroll data must not be granted to staff after joining a care role,0,NON_COMPLIANT,DSPT4_DataAccess,DSPT,access retained after it is no longer needed,llm_paraphrase,S0177,A member of staff retained access to payroll data after moving to a care role.,False
P01050,Payroll data access is restricted to staff who have completed a satisfactory probation period,0,NON_COMPLIANT,DSPT4_DataAccess,DSPT,access retained after it is no longer needed,llm_paraphrase,S0177,A member of staff retained access to payroll data after moving to a care role.,False
P01051,Staff accessing payroll data after joining a care role is a breach of policy,0,NON_COMPLIANT,DSPT4_DataAccess,DSPT,access retained after it is no longer needed,llm_paraphrase,S0177,A member of staff retained access to payroll data after moving to a care role.,False
P01052,Retaining access to payroll data by staff after starting a care role is a serious compliance issue,0,NON_COMPLIANT,DSPT4_DataAccess,DSPT,access retained after it is no longer needed,llm_paraphrase,S0177,A member of staff retained access to payroll data after moving to a care role.,False
P01053,Staff should not have access to payroll data unless they have completed a satisfactory induction process,0,NON_COMPLIANT,DSPT4_DataAccess,DSPT,access retained after it is no longer needed,llm_paraphrase,S0177,A member of staff retained access to payroll data after moving to a care role.,False
P01054,"Due to shared logins, it is not possible to identify who accessed a record.",0,NON_COMPLIANT,DSPT4_DataAccess,DSPT,access not attributable (shared logins),llm_paraphrase,S0178,"Because logins are shared, it is not possible to tell who viewed a record.",False
P01055,Shared logins mean the viewer's identity cannot be traced for any record accessed.,0,NON_COMPLIANT,DSPT4_DataAccess,DSPT,access not attributable (shared logins),llm_paraphrase,S0178,"Because logins are shared, it is not possible to tell who viewed a record.",False
P01056,The use of shared logins renders it impossible to determine who viewed a specific record.,0,NON_COMPLIANT,DSPT4_DataAccess,DSPT,access not attributable (shared logins),llm_paraphrase,S0178,"Because logins are shared, it is not possible to tell who viewed a record.",False
P01057,Shared logins compromise record access auditability.,0,NON_COMPLIANT,DSPT4_DataAccess,DSPT,access not attributable (shared logins),llm_paraphrase,S0178,"Because logins are shared, it is not possible to tell who viewed a record.",False
P01058,Shared logins cannot be used to track individual record access.,0,NON_COMPLIANT,DSPT4_DataAccess,DSPT,access not attributable (shared logins),llm_paraphrase,S0178,"Because logins are shared, it is not possible to tell who viewed a record.",False
P01059,Shared logins preclude the tracing of record views.,0,NON_COMPLIANT,DSPT4_DataAccess,DSPT,access not attributable (shared logins),llm_paraphrase,S0178,"Because logins are shared, it is not possible to tell who viewed a record.",False
P01060,"The system does not fully comply with record access procedures, as staff access records without recording their identity.",0,NON_COMPLIANT,DSPT4_DataAccess,DSPT,access not attributable (shared logins),llm_paraphrase,S0179,The system does not record which member of staff accessed which record.,False
P01061,The failure to log staff access to records raises significant compliance and governance concerns.,0,NON_COMPLIANT,DSPT4_DataAccess,DSPT,access not attributable (shared logins),llm_paraphrase,S0179,The system does not record which member of staff accessed which record.,False
P01062,"Compliance monitoring reveals that staff are accessing records without recording their identity, thus compromising the record-keeping process.",0,NON_COMPLIANT,DSPT4_DataAccess,DSPT,access not attributable (shared logins),llm_paraphrase,S0179,The system does not record which member of staff accessed which record.,False
P01063,The system's lack of recording staff access to records is a material non-compliance issue requiring immediate attention.,0,NON_COMPLIANT,DSPT4_DataAccess,DSPT,access not attributable (shared logins),llm_paraphrase,S0179,The system does not record which member of staff accessed which record.,False
P01064,An audit of record access procedures has identified a critical failure to log staff identity upon accessing records.,0,NON_COMPLIANT,DSPT4_DataAccess,DSPT,access not attributable (shared logins),llm_paraphrase,S0179,The system does not record which member of staff accessed which record.,False
P01065,"The requirement to record staff access to records is not being met, a serious compliance breach that demands urgent rectification.",0,NON_COMPLIANT,DSPT4_DataAccess,DSPT,access not attributable (shared logins),llm_paraphrase,S0179,The system does not record which member of staff accessed which record.,False
P01066,No role-based access controls are in place for the care records system,0,NON_COMPLIANT,DSPT4_DataAccess,DSPT,no role-based restrictions,llm_paraphrase,S0180,There are no role-based restrictions on the care records system.,False
P01067,The care records system does not restrict access based on role,0,NON_COMPLIANT,DSPT4_DataAccess,DSPT,no role-based restrictions,llm_paraphrase,S0180,There are no role-based restrictions on the care records system.,False
P01068,All staff have unrestricted access to the care records system,0,NON_COMPLIANT,DSPT4_DataAccess,DSPT,no role-based restrictions,llm_paraphrase,S0180,There are no role-based restrictions on the care records system.,False
P01069,There are no role-based controls limiting access to the care records system,0,NON_COMPLIANT,DSPT4_DataAccess,DSPT,no role-based restrictions,llm_paraphrase,S0180,There are no role-based restrictions on the care records system.,False
P01070,Role-based access controls are not implemented for the care records system,0,NON_COMPLIANT,DSPT4_DataAccess,DSPT,no role-based restrictions,llm_paraphrase,S0180,There are no role-based restrictions on the care records system.,False
P01071,"Staff have unfettered access to the care records system, with no role-based restrictions",0,NON_COMPLIANT,DSPT4_DataAccess,DSPT,no role-based restrictions,llm_paraphrase,S0180,There are no role-based restrictions on the care records system.,False
P01072,"The provider's data access controls were inadequate, failing to implement a robust system for managing access to sensitive information.",0,NON_COMPLIANT,DSPT4_DataAccess,DSPT,no role-based restrictions,llm_paraphrase,S0181,The provider had no system for managing who could access sensitive data.,False
P01073,"The provider's data handling policies were insufficient, as no mechanism existed for authorising personnel access to confidential data.",0,NON_COMPLIANT,DSPT4_DataAccess,DSPT,no role-based restrictions,llm_paraphrase,S0181,The provider had no system for managing who could access sensitive data.,False
P01074,"Inadequate controls were in place regarding data access, with no formal procedure for managing access to sensitive information.",0,NON_COMPLIANT,DSPT4_DataAccess,DSPT,no role-based restrictions,llm_paraphrase,S0181,The provider had no system for managing who could access sensitive data.,False
P01075,"Data access controls were substandard, as the provider failed to establish a reliable system for managing access to confidential data.",0,NON_COMPLIANT,DSPT4_DataAccess,DSPT,no role-based restrictions,llm_paraphrase,S0181,The provider had no system for managing who could access sensitive data.,False
P01076,"The provider's data management processes were deficient, specifically in regards to authorisation and access control for sensitive information.",0,NON_COMPLIANT,DSPT4_DataAccess,DSPT,no role-based restrictions,llm_paraphrase,S0181,The provider had no system for managing who could access sensitive data.,False
P01077,"No effective system existed for managing access to sensitive data, compromising the provider's data protection obligations.",0,NON_COMPLIANT,DSPT4_DataAccess,DSPT,no role-based restrictions,llm_paraphrase,S0181,The provider had no system for managing who could access sensitive data.,False
P01078,Our data handling processes are subject to annual review and audit.,1,COMPLIANT,DSPT5_ProcessReviews,DSPT,processes reviewed at least annually,llm_paraphrase,S0182,Our data handling processes are reviewed at least once a year.,False
P01079,We conduct a minimum of one annual review of our data handling processes.,1,COMPLIANT,DSPT5_ProcessReviews,DSPT,processes reviewed at least annually,llm_paraphrase,S0182,Our data handling processes are reviewed at least once a year.,False
P01080,Our data handling processes undergo a formal review at least once a year.,1,COMPLIANT,DSPT5_ProcessReviews,DSPT,processes reviewed at least annually,llm_paraphrase,S0182,Our data handling processes are reviewed at least once a year.,False
P01081,Annual review of our data handling processes is a mandatory requirement.,1,COMPLIANT,DSPT5_ProcessReviews,DSPT,processes reviewed at least annually,llm_paraphrase,S0182,Our data handling processes are reviewed at least once a year.,False
P01082,Compliance with our data handling processes is verified through at least one annual review.,1,COMPLIANT,DSPT5_ProcessReviews,DSPT,processes reviewed at least annually,llm_paraphrase,S0182,Our data handling processes are reviewed at least once a year.,False
P01083,Our data handling processes are audited a minimum of once a year.,1,COMPLIANT,DSPT5_ProcessReviews,DSPT,processes reviewed at least annually,llm_paraphrase,S0182,Our data handling processes are reviewed at least once a year.,False
P01084,Our annual review confirms our information processes remain fit for purpose.,1,COMPLIANT,DSPT5_ProcessReviews,DSPT,processes reviewed at least annually,llm_paraphrase,S0183,An annual review checks whether our information processes are still fit for purpose.,False
P01085,Annual reviews ensure our information processes are still adequate.,1,COMPLIANT,DSPT5_ProcessReviews,DSPT,processes reviewed at least annually,llm_paraphrase,S0183,An annual review checks whether our information processes are still fit for purpose.,False
P01086,The review process verifies our information processes are functioning as intended.,1,COMPLIANT,DSPT5_ProcessReviews,DSPT,processes reviewed at least annually,llm_paraphrase,S0183,An annual review checks whether our information processes are still fit for purpose.,False
P01087,Annual reviews confirm our information systems are operating as required.,1,COMPLIANT,DSPT5_ProcessReviews,DSPT,processes reviewed at least annually,llm_paraphrase,S0183,An annual review checks whether our information processes are still fit for purpose.,False
P01088,Our annual review confirms the fit for purpose of our information processes.,1,COMPLIANT,DSPT5_ProcessReviews,DSPT,processes reviewed at least annually,llm_paraphrase,S0183,An annual review checks whether our information processes are still fit for purpose.,False
P01089,Annual assessments confirm our information handling procedures are still in line with regulatory standards.,1,COMPLIANT,DSPT5_ProcessReviews,DSPT,processes reviewed at least annually,llm_paraphrase,S0183,An annual review checks whether our information processes are still fit for purpose.,False
P01090,We conduct workshops following near misses to enhance the process,1,COMPLIANT,DSPT5_ProcessReviews,DSPT,reviews used to improve after breaches/near misses,llm_paraphrase,S0184,We hold workshops after any near miss to improve the process involved.,False
P01091,Workshops are held after near misses to improve the process,1,COMPLIANT,DSPT5_ProcessReviews,DSPT,reviews used to improve after breaches/near misses,llm_paraphrase,S0184,We hold workshops after any near miss to improve the process involved.,False
P01092,"Upon occurrence of a near miss, we conduct a workshop to strengthen the process",1,COMPLIANT,DSPT5_ProcessReviews,DSPT,reviews used to improve after breaches/near misses,llm_paraphrase,S0184,We hold workshops after any near miss to improve the process involved.,False
P01093,"Following a near miss, we hold a workshop to refine the process",1,COMPLIANT,DSPT5_ProcessReviews,DSPT,reviews used to improve after breaches/near misses,llm_paraphrase,S0184,We hold workshops after any near miss to improve the process involved.,False
P01094,"In response to a near miss, we organise a workshop to develop the process",1,COMPLIANT,DSPT5_ProcessReviews,DSPT,reviews used to improve after breaches/near misses,llm_paraphrase,S0184,We hold workshops after any near miss to improve the process involved.,False
P01095,We deliver workshops following near misses to reinforce the process,1,COMPLIANT,DSPT5_ProcessReviews,DSPT,reviews used to improve after breaches/near misses,llm_paraphrase,S0184,We hold workshops after any near miss to improve the process involved.,False
P01096,Lessons learned from previous incidents inform our ongoing process improvements.,1,COMPLIANT,DSPT5_ProcessReviews,DSPT,reviews used to improve after breaches/near misses,llm_paraphrase,S0185,Lessons from previous incidents are used to change how we work.,False
P01097,We continually apply the insights gained from past incidents to enhance our operational procedures.,1,COMPLIANT,DSPT5_ProcessReviews,DSPT,reviews used to improve after breaches/near misses,llm_paraphrase,S0185,Lessons from previous incidents are used to change how we work.,False
P01098,Incident analysis is integrated into our ongoing quality improvement initiatives.,1,COMPLIANT,DSPT5_ProcessReviews,DSPT,reviews used to improve after breaches/near misses,llm_paraphrase,S0185,Lessons from previous incidents are used to change how we work.,False
P01099,Past incidents are used to inform and refine our work processes.,1,COMPLIANT,DSPT5_ProcessReviews,DSPT,reviews used to improve after breaches/near misses,llm_paraphrase,S0185,Lessons from previous incidents are used to change how we work.,False
P01100,Our response to past incidents is informing ongoing improvements to our procedures.,1,COMPLIANT,DSPT5_ProcessReviews,DSPT,reviews used to improve after breaches/near misses,llm_paraphrase,S0185,Lessons from previous incidents are used to change how we work.,False
P01101,Insights from previous incidents are used to update and enhance our operational procedures.,1,COMPLIANT,DSPT5_ProcessReviews,DSPT,reviews used to improve after breaches/near misses,llm_paraphrase,S0185,Lessons from previous incidents are used to change how we work.,False
P01102,We review and rectify all identified workarounds to prevent recurrence.,1,COMPLIANT,DSPT5_ProcessReviews,DSPT,insecure workarounds identified and addressed,llm_paraphrase,S0186,"Where staff have found workarounds, we review the process and fix it.",False
P01103,All workarounds found by staff are subject to rigorous review and correction.,1,COMPLIANT,DSPT5_ProcessReviews,DSPT,insecure workarounds identified and addressed,llm_paraphrase,S0186,"Where staff have found workarounds, we review the process and fix it.",False
P01104,"In the event of a workaround, we undertake a thorough review and implement corrective action.",1,COMPLIANT,DSPT5_ProcessReviews,DSPT,insecure workarounds identified and addressed,llm_paraphrase,S0186,"Where staff have found workarounds, we review the process and fix it.",False
P01105,Staff-discovered workarounds are subject to immediate review and remedial action.,1,COMPLIANT,DSPT5_ProcessReviews,DSPT,insecure workarounds identified and addressed,llm_paraphrase,S0186,"Where staff have found workarounds, we review the process and fix it.",False
P01106,Workarounds identified by staff are reviewed and corrected in line with established procedures.,1,COMPLIANT,DSPT5_ProcessReviews,DSPT,insecure workarounds identified and addressed,llm_paraphrase,S0186,"Where staff have found workarounds, we review the process and fix it.",False
P01107,"Where workarounds are found, a comprehensive review is conducted and corrective measures are implemented.",1,COMPLIANT,DSPT5_ProcessReviews,DSPT,insecure workarounds identified and addressed,llm_paraphrase,S0186,"Where staff have found workarounds, we review the process and fix it.",False
P01108,Our data handling processes have not been subject to review since their implementation.,0,NON_COMPLIANT,DSPT5_ProcessReviews,DSPT,processes never reviewed,llm_paraphrase,S0187,Our data handling processes have never been reviewed.,False
P01109,No external review has been conducted on our data handling processes.,0,NON_COMPLIANT,DSPT5_ProcessReviews,DSPT,processes never reviewed,llm_paraphrase,S0187,Our data handling processes have never been reviewed.,False
P01110,Our data handling processes have not been audited or reviewed for compliance.,0,NON_COMPLIANT,DSPT5_ProcessReviews,DSPT,processes never reviewed,llm_paraphrase,S0187,Our data handling processes have never been reviewed.,False
P01111,A review of our data handling processes has not been conducted since they were put in place.,0,NON_COMPLIANT,DSPT5_ProcessReviews,DSPT,processes never reviewed,llm_paraphrase,S0187,Our data handling processes have never been reviewed.,False
P01112,Our data handling processes have not been subject to a formal review for regulatory compliance.,0,NON_COMPLIANT,DSPT5_ProcessReviews,DSPT,processes never reviewed,llm_paraphrase,S0187,Our data handling processes have never been reviewed.,False
P01113,Our data handling processes have not undergone a review for audit and compliance purposes.,0,NON_COMPLIANT,DSPT5_ProcessReviews,DSPT,processes never reviewed,llm_paraphrase,S0187,Our data handling processes have never been reviewed.,False
P01114,Annual reviews of data handling procedures are not conducted by the care home.,0,NON_COMPLIANT,DSPT5_ProcessReviews,DSPT,processes never reviewed,llm_paraphrase,S0188,There is no annual review of how we handle information.,False
P01115,The care home does not undertake annual reviews of its data handling practices.,0,NON_COMPLIANT,DSPT5_ProcessReviews,DSPT,processes never reviewed,llm_paraphrase,S0188,There is no annual review of how we handle information.,False
P01116,It is not required or planned for the care home to review its data handling procedures annually.,0,NON_COMPLIANT,DSPT5_ProcessReviews,DSPT,processes never reviewed,llm_paraphrase,S0188,There is no annual review of how we handle information.,False
P01117,The care home does not comply with the requirement to conduct annual reviews of its data handling practices.,0,NON_COMPLIANT,DSPT5_ProcessReviews,DSPT,processes never reviewed,llm_paraphrase,S0188,There is no annual review of how we handle information.,False
P01118,Annual reviews of data handling procedures are not included in the care home's management procedures.,0,NON_COMPLIANT,DSPT5_ProcessReviews,DSPT,processes never reviewed,llm_paraphrase,S0188,There is no annual review of how we handle information.,False
P01119,Compliance with annual review of data handling procedures is not upheld by the care home.,0,NON_COMPLIANT,DSPT5_ProcessReviews,DSPT,processes never reviewed,llm_paraphrase,S0188,There is no annual review of how we handle information.,False
P01120,"Near misses are not recorded or discussed, resulting in no corrective action being implemented.",0,NON_COMPLIANT,DSPT5_ProcessReviews,DSPT,no learning from breaches or near misses,llm_paraphrase,S0189,Near misses are not discussed and nothing changes as a result.,False
P01121,Failure to discuss near misses leads to no change in practice or policy.,0,NON_COMPLIANT,DSPT5_ProcessReviews,DSPT,no learning from breaches or near misses,llm_paraphrase,S0189,Near misses are not discussed and nothing changes as a result.,False
P01122,"Near misses are not logged or addressed, meaning no improvement is made.",0,NON_COMPLIANT,DSPT5_ProcessReviews,DSPT,no learning from breaches or near misses,llm_paraphrase,S0189,Near misses are not discussed and nothing changes as a result.,False
P01123,"The policy requires discussion of near misses, yet none occur, leading to stagnation.",0,NON_COMPLIANT,DSPT5_ProcessReviews,DSPT,no learning from breaches or near misses,llm_paraphrase,S0189,Near misses are not discussed and nothing changes as a result.,False
P01124,"Near misses are not reviewed or acted upon, so no adjustments are made.",0,NON_COMPLIANT,DSPT5_ProcessReviews,DSPT,no learning from breaches or near misses,llm_paraphrase,S0189,Near misses are not discussed and nothing changes as a result.,False
P01125,"Ignoring near misses means no follow-up action is taken, resulting in no enhancement to care.",0,NON_COMPLIANT,DSPT5_ProcessReviews,DSPT,no learning from breaches or near misses,llm_paraphrase,S0189,Near misses are not discussed and nothing changes as a result.,False
P01126,Previous data breaches have not resulted in any changes to our practices.,0,NON_COMPLIANT,DSPT5_ProcessReviews,DSPT,no learning from breaches or near misses,llm_paraphrase,S0190,Previous data breaches did not lead to any change in practice.,False
P01127,No breaches have prompted a revision of our procedures.,0,NON_COMPLIANT,DSPT5_ProcessReviews,DSPT,no learning from breaches or near misses,llm_paraphrase,S0190,Previous data breaches did not lead to any change in practice.,False
P01128,Our incident response plan has not been altered since previous breaches occurred.,0,NON_COMPLIANT,DSPT5_ProcessReviews,DSPT,no learning from breaches or near misses,llm_paraphrase,S0190,Previous data breaches did not lead to any change in practice.,False
P01129,The breaches did not lead to a change in how we manage incidents.,0,NON_COMPLIANT,DSPT5_ProcessReviews,DSPT,no learning from breaches or near misses,llm_paraphrase,S0190,Previous data breaches did not lead to any change in practice.,False
P01130,We have not revised our protocols following previous data breaches.,0,NON_COMPLIANT,DSPT5_ProcessReviews,DSPT,no learning from breaches or near misses,llm_paraphrase,S0190,Previous data breaches did not lead to any change in practice.,False
P01131,We maintain the same practices despite previous data breaches.,0,NON_COMPLIANT,DSPT5_ProcessReviews,DSPT,no learning from breaches or near misses,llm_paraphrase,S0190,Previous data breaches did not lead to any change in practice.,False
P01132,Staff consistently circumvent the system and this is not being rectified.,0,NON_COMPLIANT,DSPT5_ProcessReviews,DSPT,staff rely on insecure workarounds unaddressed,llm_paraphrase,S0191,Staff routinely work around the system and this has not been addressed.,False
P01133,System bypassing by staff is a recurring issue that remains unresolved.,0,NON_COMPLIANT,DSPT5_ProcessReviews,DSPT,staff rely on insecure workarounds unaddressed,llm_paraphrase,S0191,Staff routinely work around the system and this has not been addressed.,False
P01134,There is a persistent failure by staff to adhere to the system and this has not been addressed.,0,NON_COMPLIANT,DSPT5_ProcessReviews,DSPT,staff rely on insecure workarounds unaddressed,llm_paraphrase,S0191,Staff routinely work around the system and this has not been addressed.,False
P01135,"The system is frequently circumvented by staff, and this deficiency is not being corrected.",0,NON_COMPLIANT,DSPT5_ProcessReviews,DSPT,staff rely on insecure workarounds unaddressed,llm_paraphrase,S0191,Staff routinely work around the system and this has not been addressed.,False
P01136,Staff routinely disregard the system and this has yet to be resolved.,0,NON_COMPLIANT,DSPT5_ProcessReviews,DSPT,staff rely on insecure workarounds unaddressed,llm_paraphrase,S0191,Staff routinely work around the system and this has not been addressed.,False
P01137,The system's bypass by staff is a persistent problem that remains unfixed.,0,NON_COMPLIANT,DSPT5_ProcessReviews,DSPT,staff rely on insecure workarounds unaddressed,llm_paraphrase,S0191,Staff routinely work around the system and this has not been addressed.,False
P01138,We adhere to a documented procedure for handling data security breaches.,1,COMPLIANT,DSPT6_Incidents,DSPT,a documented incident response procedure,llm_paraphrase,S0192,We have a written procedure for responding to data security incidents.,False
P01139,Data security incidents are responded to in accordance with our established protocol.,1,COMPLIANT,DSPT6_Incidents,DSPT,a documented incident response procedure,llm_paraphrase,S0192,We have a written procedure for responding to data security incidents.,False
P01140,Our incident response protocol is fully documented and implemented.,1,COMPLIANT,DSPT6_Incidents,DSPT,a documented incident response procedure,llm_paraphrase,S0192,We have a written procedure for responding to data security incidents.,False
P01141,Properly documented procedures govern our response to data security incidents.,1,COMPLIANT,DSPT6_Incidents,DSPT,a documented incident response procedure,llm_paraphrase,S0192,We have a written procedure for responding to data security incidents.,False
P01142,We conduct all data security incident responses in accordance with our documented protocol.,1,COMPLIANT,DSPT6_Incidents,DSPT,a documented incident response procedure,llm_paraphrase,S0192,We have a written procedure for responding to data security incidents.,False
P01143,Our incident response protocol is fully referenced and applies to all data security breaches.,1,COMPLIANT,DSPT6_Incidents,DSPT,a documented incident response procedure,llm_paraphrase,S0192,We have a written procedure for responding to data security incidents.,False
P01144,An incident response plan outlines procedures for responding to a cyber attack.,1,COMPLIANT,DSPT6_Incidents,DSPT,a documented incident response procedure,llm_paraphrase,S0193,An incident response plan sets out what to do if we suffer a cyber attack.,False
P01145,A cyber attack incident response plan is a mandatory document outlining the steps to be taken in response to such an event.,1,COMPLIANT,DSPT6_Incidents,DSPT,a documented incident response procedure,llm_paraphrase,S0193,An incident response plan sets out what to do if we suffer a cyber attack.,False
P01146,"Cyber security incident response plans are mandatory, detailing the actions to be taken in the event of a cyber attack.",1,COMPLIANT,DSPT6_Incidents,DSPT,a documented incident response procedure,llm_paraphrase,S0193,An incident response plan sets out what to do if we suffer a cyber attack.,False
P01147,"The incident response plan is a critical component of our cyber security policy, covering procedures for responding to a cyber attack.",1,COMPLIANT,DSPT6_Incidents,DSPT,a documented incident response procedure,llm_paraphrase,S0193,An incident response plan sets out what to do if we suffer a cyber attack.,False
P01148,"All staff members are required to have knowledge of the incident response plan, which outlines the actions to be taken in the event of a cyber attack.",1,COMPLIANT,DSPT6_Incidents,DSPT,a documented incident response procedure,llm_paraphrase,S0193,An incident response plan sets out what to do if we suffer a cyber attack.,False
P01149,A cyber attack constitutes a material breach of our security policy; an incident response plan is automatically triggered in such circumstances.,1,COMPLIANT,DSPT6_Incidents,DSPT,a documented incident response procedure,llm_paraphrase,S0193,An incident response plan sets out what to do if we suffer a cyber attack.,False
P01150,All data breaches are formally reported to the Information Commissioner's Office within the required timeframe of 72 hours.,1,COMPLIANT,DSPT6_Incidents,DSPT,breaches reported to ICO within 72 hours,llm_paraphrase,S0194,Data breaches are reported to the Information Commissioner's Office within 72 hours.,False
P01151,Data breaches must be reported to the Information Commissioner's Office within 72 hours as a regulatory requirement.,1,COMPLIANT,DSPT6_Incidents,DSPT,breaches reported to ICO within 72 hours,llm_paraphrase,S0194,Data breaches are reported to the Information Commissioner's Office within 72 hours.,False
P01152,"In the event of a data breach, it is compulsory to notify the Information Commissioner's Office within 72 hours.",1,COMPLIANT,DSPT6_Incidents,DSPT,breaches reported to ICO within 72 hours,llm_paraphrase,S0194,Data breaches are reported to the Information Commissioner's Office within 72 hours.,False
P01153,"When a data breach occurs, it is an absolute necessity to inform the Information Commissioner's Office within 72 hours.",1,COMPLIANT,DSPT6_Incidents,DSPT,breaches reported to ICO within 72 hours,llm_paraphrase,S0194,Data breaches are reported to the Information Commissioner's Office within 72 hours.,False
P01154,Data breaches are formally mandated to be reported to the Information Commissioner's Office within 72 hours.,1,COMPLIANT,DSPT6_Incidents,DSPT,breaches reported to ICO within 72 hours,llm_paraphrase,S0194,Data breaches are reported to the Information Commissioner's Office within 72 hours.,False
P01155,It is strictly enforced that all data breaches are reported to the Information Commissioner's Office within 72 hours.,1,COMPLIANT,DSPT6_Incidents,DSPT,breaches reported to ICO within 72 hours,llm_paraphrase,S0194,Data breaches are reported to the Information Commissioner's Office within 72 hours.,False
P01156,All reportable breaches must be notified to the ICO within the stipulated deadline.,1,COMPLIANT,DSPT6_Incidents,DSPT,breaches reported to ICO within 72 hours,llm_paraphrase,S0195,Any reportable breach is notified to the ICO within the required timeframe.,False
P01157,It is compulsory to inform the ICO of any reportable breach within the prescribed timeframe.,1,COMPLIANT,DSPT6_Incidents,DSPT,breaches reported to ICO within 72 hours,llm_paraphrase,S0195,Any reportable breach is notified to the ICO within the required timeframe.,False
P01158,Reportable breaches must be reported to the ICO by the specified cut-off date.,1,COMPLIANT,DSPT6_Incidents,DSPT,breaches reported to ICO within 72 hours,llm_paraphrase,S0195,Any reportable breach is notified to the ICO within the required timeframe.,False
P01159,The ICO must be informed of all reportable breaches within the timeframe as outlined.,1,COMPLIANT,DSPT6_Incidents,DSPT,breaches reported to ICO within 72 hours,llm_paraphrase,S0195,Any reportable breach is notified to the ICO within the required timeframe.,False
P01160,It is mandatory to notify the ICO of any reportable breach in accordance with the stipulated schedule.,1,COMPLIANT,DSPT6_Incidents,DSPT,breaches reported to ICO within 72 hours,llm_paraphrase,S0195,Any reportable breach is notified to the ICO within the required timeframe.,False
P01161,Any reportable breach must be reported to the ICO by the deadline for notification as required by law.,1,COMPLIANT,DSPT6_Incidents,DSPT,breaches reported to ICO within 72 hours,llm_paraphrase,S0195,Any reportable breach is notified to the ICO within the required timeframe.,False
P01162,All incidents and near misses must be recorded in our incident log immediately upon occurrence.,1,COMPLIANT,DSPT6_Incidents,DSPT,incidents logged and reviewed,llm_paraphrase,S0196,All incidents and near misses are recorded in our incident log.,False
P01163,Our policy requires all incidents and near misses to be logged in the incident log.,1,COMPLIANT,DSPT6_Incidents,DSPT,incidents logged and reviewed,llm_paraphrase,S0196,All incidents and near misses are recorded in our incident log.,False
P01164,Incidents and near misses must be accurately and fully recorded in our incident log as soon as they happen.,1,COMPLIANT,DSPT6_Incidents,DSPT,incidents logged and reviewed,llm_paraphrase,S0196,All incidents and near misses are recorded in our incident log.,False
P01165,It is essential that all incidents and near misses are recorded in the incident log upon occurrence.,1,COMPLIANT,DSPT6_Incidents,DSPT,incidents logged and reviewed,llm_paraphrase,S0196,All incidents and near misses are recorded in our incident log.,False
P01166,Incidents and near misses are a critical part of our compliance and must be recorded in the incident log promptly.,1,COMPLIANT,DSPT6_Incidents,DSPT,incidents logged and reviewed,llm_paraphrase,S0196,All incidents and near misses are recorded in our incident log.,False
P01167,Our incident log is a mandatory record-keeping requirement for all incidents and near misses.,1,COMPLIANT,DSPT6_Incidents,DSPT,incidents logged and reviewed,llm_paraphrase,S0196,All incidents and near misses are recorded in our incident log.,False
P01168,The management team reviews the incident log on a monthly basis.,1,COMPLIANT,DSPT6_Incidents,DSPT,incidents logged and reviewed,llm_paraphrase,S0197,The incident log is reviewed by the management team each month.,False
P01169,Incident logs are formally reviewed by management on a monthly cycle.,1,COMPLIANT,DSPT6_Incidents,DSPT,incidents logged and reviewed,llm_paraphrase,S0197,The incident log is reviewed by the management team each month.,False
P01170,Monthly management review of incident logs is a mandatory procedure.,1,COMPLIANT,DSPT6_Incidents,DSPT,incidents logged and reviewed,llm_paraphrase,S0197,The incident log is reviewed by the management team each month.,False
P01171,All incident logs are subject to regular review by the management team.,1,COMPLIANT,DSPT6_Incidents,DSPT,incidents logged and reviewed,llm_paraphrase,S0197,The incident log is reviewed by the management team each month.,False
P01172,The management team is responsible for reviewing incident logs on a monthly schedule.,1,COMPLIANT,DSPT6_Incidents,DSPT,incidents logged and reviewed,llm_paraphrase,S0197,The incident log is reviewed by the management team each month.,False
P01173,Incident logs are formally reviewed by management as part of our monthly oversight process.,1,COMPLIANT,DSPT6_Incidents,DSPT,incidents logged and reviewed,llm_paraphrase,S0197,The incident log is reviewed by the management team each month.,False
P01174,Staff are aware of the procedures to report a data breach to the relevant authorities.,1,COMPLIANT,DSPT6_Incidents,DSPT,staff know how to report incidents,llm_paraphrase,S0198,Staff know who to tell if they think a data breach has happened.,False
P01175,"If a data breach is suspected, staff must inform the designated breach reporting contact.",1,COMPLIANT,DSPT6_Incidents,DSPT,staff know how to report incidents,llm_paraphrase,S0198,Staff know who to tell if they think a data breach has happened.,False
P01176,All staff are trained to identify and report data breaches in accordance with established protocols.,1,COMPLIANT,DSPT6_Incidents,DSPT,staff know how to report incidents,llm_paraphrase,S0198,Staff know who to tell if they think a data breach has happened.,False
P01177,"In the event of a suspected data breach, staff are expected to notify the designated breach reporting contact immediately.",1,COMPLIANT,DSPT6_Incidents,DSPT,staff know how to report incidents,llm_paraphrase,S0198,Staff know who to tell if they think a data breach has happened.,False
P01178,Staff who identify a potential data breach must initiate the formal reporting process without delay.,1,COMPLIANT,DSPT6_Incidents,DSPT,staff know how to report incidents,llm_paraphrase,S0198,Staff know who to tell if they think a data breach has happened.,False
P01179,Staff are required to notify the data protection officer and relevant authorities in the event of a suspected data breach.,1,COMPLIANT,DSPT6_Incidents,DSPT,staff know how to report incidents,llm_paraphrase,S0198,Staff know who to tell if they think a data breach has happened.,False
P01180,It is essential that all staff are aware of the procedures for reporting suspected security incidents.,1,COMPLIANT,DSPT6_Incidents,DSPT,staff know how to report incidents,llm_paraphrase,S0199,Everyone is clear on how to report a suspected security incident.,False
P01181,Staff must be familiar with the protocols for reporting suspected security incidents.,1,COMPLIANT,DSPT6_Incidents,DSPT,staff know how to report incidents,llm_paraphrase,S0199,Everyone is clear on how to report a suspected security incident.,False
P01182,All staff members are required to complete a training session on reporting suspected security incidents.,1,COMPLIANT,DSPT6_Incidents,DSPT,staff know how to report incidents,llm_paraphrase,S0199,Everyone is clear on how to report a suspected security incident.,False
P01183,Reporting suspected security incidents is a mandatory training requirement for all staff.,1,COMPLIANT,DSPT6_Incidents,DSPT,staff know how to report incidents,llm_paraphrase,S0199,Everyone is clear on how to report a suspected security incident.,False
P01184,Staff must complete a training session on reporting suspected security incidents as a condition of employment.,1,COMPLIANT,DSPT6_Incidents,DSPT,staff know how to report incidents,llm_paraphrase,S0199,Everyone is clear on how to report a suspected security incident.,False
P01185,It is compulsory for all staff to have completed the training on reporting suspected security incidents.,1,COMPLIANT,DSPT6_Incidents,DSPT,staff know how to report incidents,llm_paraphrase,S0199,Everyone is clear on how to report a suspected security incident.,False
P01186,We acknowledge and implement all issued security advisories.,1,COMPLIANT,DSPT6_Incidents,DSPT,security advisories acted upon,llm_paraphrase,S0200,We act on security advisories when they are issued.,False
P01187,Security advisories received are promptly addressed and resolved.,1,COMPLIANT,DSPT6_Incidents,DSPT,security advisories acted upon,llm_paraphrase,S0200,We act on security advisories when they are issued.,False
P01188,All security advisories are acted upon in a timely and effective manner.,1,COMPLIANT,DSPT6_Incidents,DSPT,security advisories acted upon,llm_paraphrase,S0200,We act on security advisories when they are issued.,False
P01189,Security advisories issued by reputable sources are implemented without delay.,1,COMPLIANT,DSPT6_Incidents,DSPT,security advisories acted upon,llm_paraphrase,S0200,We act on security advisories when they are issued.,False
P01190,We actively manage and address all issued security advisories.,1,COMPLIANT,DSPT6_Incidents,DSPT,security advisories acted upon,llm_paraphrase,S0200,We act on security advisories when they are issued.,False
P01191,All security advisories received are thoroughly investigated and implemented.,1,COMPLIANT,DSPT6_Incidents,DSPT,security advisories acted upon,llm_paraphrase,S0200,We act on security advisories when they are issued.,False
P01192,There is no documented procedure for responding to data security incidents.,0,NON_COMPLIANT,DSPT6_Incidents,DSPT,no incident response procedure,llm_paraphrase,S0201,There is no procedure for responding to a data security incident.,False
P01193,We do not have a recognised procedure for handling data breaches.,0,NON_COMPLIANT,DSPT6_Incidents,DSPT,no incident response procedure,llm_paraphrase,S0201,There is no procedure for responding to a data security incident.,False
P01194,A procedure for responding to data security incidents is currently lacking in our policies.,0,NON_COMPLIANT,DSPT6_Incidents,DSPT,no incident response procedure,llm_paraphrase,S0201,There is no procedure for responding to a data security incident.,False
P01195,Our IT policy fails to outline a procedure for responding to data security incidents.,0,NON_COMPLIANT,DSPT6_Incidents,DSPT,no incident response procedure,llm_paraphrase,S0201,There is no procedure for responding to a data security incident.,False
P01196,There is no existing framework for managing data security incidents in place.,0,NON_COMPLIANT,DSPT6_Incidents,DSPT,no incident response procedure,llm_paraphrase,S0201,There is no procedure for responding to a data security incident.,False
P01197,We are not compliant with data security incident response procedures.,0,NON_COMPLIANT,DSPT6_Incidents,DSPT,no incident response procedure,llm_paraphrase,S0201,There is no procedure for responding to a data security incident.,False
P01198,We have not included cyber attack planning in our operational procedures.,0,NON_COMPLIANT,DSPT6_Incidents,DSPT,no incident response procedure,llm_paraphrase,S0202,We have never planned for what to do in the event of a cyber attack.,False
P01199,Our risk management policy does not cover planned responses to cyber attacks.,0,NON_COMPLIANT,DSPT6_Incidents,DSPT,no incident response procedure,llm_paraphrase,S0202,We have never planned for what to do in the event of a cyber attack.,False
P01200,A cyber attack plan is not a component of our core business procedures.,0,NON_COMPLIANT,DSPT6_Incidents,DSPT,no incident response procedure,llm_paraphrase,S0202,We have never planned for what to do in the event of a cyber attack.,False
P01201,We have no formal procedures in place for responding to cyber attacks.,0,NON_COMPLIANT,DSPT6_Incidents,DSPT,no incident response procedure,llm_paraphrase,S0202,We have never planned for what to do in the event of a cyber attack.,False
P01202,Cyber attack planning is not a requirement for our organisation.,0,NON_COMPLIANT,DSPT6_Incidents,DSPT,no incident response procedure,llm_paraphrase,S0202,We have never planned for what to do in the event of a cyber attack.,False
P01203,Responding to a cyber attack is not covered by our operational protocols.,0,NON_COMPLIANT,DSPT6_Incidents,DSPT,no incident response procedure,llm_paraphrase,S0202,We have never planned for what to do in the event of a cyber attack.,False
P01204,"A data breach has been disclosed to the ICO, as failure to report it is a contravention of data protection regulations.",0,NON_COMPLIANT,DSPT6_Incidents,DSPT,breaches not reported / reported late,llm_paraphrase,S0203,A data breach occurred but was not reported to the ICO.,False
P01205,Failure to report a data breach to the ICO constitutes a breach of our data protection policy and is subject to disciplinary action.,0,NON_COMPLIANT,DSPT6_Incidents,DSPT,breaches not reported / reported late,llm_paraphrase,S0203,A data breach occurred but was not reported to the ICO.,False
P01206,"The data breach has been reported to the ICO in accordance with our policy, which requires prompt notification of any data security incidents.",0,NON_COMPLIANT,DSPT6_Incidents,DSPT,breaches not reported / reported late,llm_paraphrase,S0203,A data breach occurred but was not reported to the ICO.,False
P01207,"All data breaches must be reported to the ICO without delay, as failure to do so constitutes a serious breach of our data protection policy.",0,NON_COMPLIANT,DSPT6_Incidents,DSPT,breaches not reported / reported late,llm_paraphrase,S0203,A data breach occurred but was not reported to the ICO.,False
P01208,"It is mandatory to report all data breaches to the ICO within the prescribed timeframe, and failure to comply will result in disciplinary action.",0,NON_COMPLIANT,DSPT6_Incidents,DSPT,breaches not reported / reported late,llm_paraphrase,S0203,A data breach occurred but was not reported to the ICO.,False
P01209,"Non-compliance with data protection regulations, including failure to report data breaches to the ICO, will be subject to formal disciplinary proceedings.",0,NON_COMPLIANT,DSPT6_Incidents,DSPT,breaches not reported / reported late,llm_paraphrase,S0203,A data breach occurred but was not reported to the ICO.,False
P01210,This breach was immediately reported to the regulator upon discovery.,0,NON_COMPLIANT,DSPT6_Incidents,DSPT,breaches not reported / reported late,llm_paraphrase,S0204,The breach was reported to the regulator several weeks after it was discovered.,False
P01211,The breach was reported to the regulator as soon as it was identified.,0,NON_COMPLIANT,DSPT6_Incidents,DSPT,breaches not reported / reported late,llm_paraphrase,S0204,The breach was reported to the regulator several weeks after it was discovered.,False
P01212,Failure to report the breach to the regulator in a timely manner has occurred.,0,NON_COMPLIANT,DSPT6_Incidents,DSPT,breaches not reported / reported late,llm_paraphrase,S0204,The breach was reported to the regulator several weeks after it was discovered.,False
P01213,A breach was reported to the regulator several weeks after it was identified.,0,NON_COMPLIANT,DSPT6_Incidents,DSPT,breaches not reported / reported late,llm_paraphrase,S0204,The breach was reported to the regulator several weeks after it was discovered.,False
P01214,The regulator was notified promptly of the breach upon its discovery.,0,NON_COMPLIANT,DSPT6_Incidents,DSPT,breaches not reported / reported late,llm_paraphrase,S0204,The breach was reported to the regulator several weeks after it was discovered.,False
P01215,A breach was discovered but not reported to the regulator until several weeks later.,0,NON_COMPLIANT,DSPT6_Incidents,DSPT,breaches not reported / reported late,llm_paraphrase,S0204,The breach was reported to the regulator several weeks after it was discovered.,False
P01216,Incidents are not formally documented or recorded in our incident reporting system.,0,NON_COMPLIANT,DSPT6_Incidents,DSPT,incidents not recorded,llm_paraphrase,S0205,Incidents are dealt with informally and not written down anywhere.,False
P01217,Informal incident management practices are not in line with our policies.,0,NON_COMPLIANT,DSPT6_Incidents,DSPT,incidents not recorded,llm_paraphrase,S0205,Incidents are dealt with informally and not written down anywhere.,False
P01218,All incidents are verbally discussed with staff members and not recorded in the incident log.,0,NON_COMPLIANT,DSPT6_Incidents,DSPT,incidents not recorded,llm_paraphrase,S0205,Incidents are dealt with informally and not written down anywhere.,False
P01219,Failure to formally document incidents is a breach of our incident management protocol.,0,NON_COMPLIANT,DSPT6_Incidents,DSPT,incidents not recorded,llm_paraphrase,S0205,Incidents are dealt with informally and not written down anywhere.,False
P01220,"Our incident response procedures require formal recording, but this is not always observed.",0,NON_COMPLIANT,DSPT6_Incidents,DSPT,incidents not recorded,llm_paraphrase,S0205,Incidents are dealt with informally and not written down anywhere.,False
P01221,Incident reporting and recording are essential but are not being fully adhered to.,0,NON_COMPLIANT,DSPT6_Incidents,DSPT,incidents not recorded,llm_paraphrase,S0205,Incidents are dealt with informally and not written down anywhere.,False
P01222,No security incident log exists.,0,NON_COMPLIANT,DSPT6_Incidents,DSPT,incidents not recorded,llm_paraphrase,S0206,There is no log of past data security incidents.,False
P01223,Historical incident data is not recorded.,0,NON_COMPLIANT,DSPT6_Incidents,DSPT,incidents not recorded,llm_paraphrase,S0206,There is no log of past data security incidents.,False
P01224,Security incident log is not maintained.,0,NON_COMPLIANT,DSPT6_Incidents,DSPT,incidents not recorded,llm_paraphrase,S0206,There is no log of past data security incidents.,False
P01225,We do not record past security incidents.,0,NON_COMPLIANT,DSPT6_Incidents,DSPT,incidents not recorded,llm_paraphrase,S0206,There is no log of past data security incidents.,False
P01226,There is no log of previous security breaches.,0,NON_COMPLIANT,DSPT6_Incidents,DSPT,incidents not recorded,llm_paraphrase,S0206,There is no log of past data security incidents.,False
P01227,No log of historical security incidents is maintained.,0,NON_COMPLIANT,DSPT6_Incidents,DSPT,incidents not recorded,llm_paraphrase,S0206,There is no log of past data security incidents.,False
P01228,Staff's failure to report suspected data breaches is a breach of our information governance policy.,0,NON_COMPLIANT,DSPT6_Incidents,DSPT,staff don't know how to report incidents,llm_paraphrase,S0207,Staff did not know how to report a suspected data breach.,False
P01229,Not reporting a data breach is a serious breach of our data protection procedures.,0,NON_COMPLIANT,DSPT6_Incidents,DSPT,staff don't know how to report incidents,llm_paraphrase,S0207,Staff did not know how to report a suspected data breach.,False
P01230,Our staff's failure to report a data breach is a critical lapse in our compliance obligations.,0,NON_COMPLIANT,DSPT6_Incidents,DSPT,staff don't know how to report incidents,llm_paraphrase,S0207,Staff did not know how to report a suspected data breach.,False
P01231,This omission of reporting a suspected data breach is unacceptable and contravenes our data protection protocol.,0,NON_COMPLIANT,DSPT6_Incidents,DSPT,staff don't know how to report incidents,llm_paraphrase,S0207,Staff did not know how to report a suspected data breach.,False
P01232,Staff's failure to report a data breach is a clear contravention of our information governance policy framework.,0,NON_COMPLIANT,DSPT6_Incidents,DSPT,staff don't know how to report incidents,llm_paraphrase,S0207,Staff did not know how to report a suspected data breach.,False
P01233,Not reporting a data breach constitutes a serious breach of our data protection regulations and protocols.,0,NON_COMPLIANT,DSPT6_Incidents,DSPT,staff don't know how to report incidents,llm_paraphrase,S0207,Staff did not know how to report a suspected data breach.,False
P01234,Security warnings from our supplier are not being adequately escalated to the duty officer.,0,NON_COMPLIANT,DSPT6_Incidents,DSPT,security advice ignored,llm_paraphrase,S0208,Security warnings from our supplier are received but not acted on.,False
P01235,We have not implemented our security protocol for supplier alerts.,0,NON_COMPLIANT,DSPT6_Incidents,DSPT,security advice ignored,llm_paraphrase,S0208,Security warnings from our supplier are received but not acted on.,False
P01236,Staff are required to escalate security warnings from our supplier to the duty officer immediately.,0,NON_COMPLIANT,DSPT6_Incidents,DSPT,security advice ignored,llm_paraphrase,S0208,Security warnings from our supplier are received but not acted on.,False
P01237,It has not been established that our supplier security warnings are being effectively managed.,0,NON_COMPLIANT,DSPT6_Incidents,DSPT,security advice ignored,llm_paraphrase,S0208,Security warnings from our supplier are received but not acted on.,False
P01238,There is a failure to implement our supplier security warning protocol in accordance with our policies.,0,NON_COMPLIANT,DSPT6_Incidents,DSPT,security advice ignored,llm_paraphrase,S0208,Security warnings from our supplier are received but not acted on.,False
P01239,Our supplier's security warnings are not being properly reported and addressed as per our quality assurance protocols.,0,NON_COMPLIANT,DSPT6_Incidents,DSPT,security advice ignored,llm_paraphrase,S0208,Security warnings from our supplier are received but not acted on.,False
P01240,A business continuity plan is in place to ensure our operations continue uninterrupted in the event of a system failure.,1,COMPLIANT,DSPT7_Continuity,DSPT,a business continuity plan in place,llm_paraphrase,S0209,A business continuity plan covers what we do if our IT systems fail.,False
P01241,We have a robust business continuity plan which addresses IT system failure and related operational disruptions.,1,COMPLIANT,DSPT7_Continuity,DSPT,a business continuity plan in place,llm_paraphrase,S0209,A business continuity plan covers what we do if our IT systems fail.,False
P01242,"Failure of our IT systems triggers our business continuity plan, which ensures continuity of care services.",1,COMPLIANT,DSPT7_Continuity,DSPT,a business continuity plan in place,llm_paraphrase,S0209,A business continuity plan covers what we do if our IT systems fail.,False
P01243,Our IT system failure response plan is a critical component of our overall business continuity strategy.,1,COMPLIANT,DSPT7_Continuity,DSPT,a business continuity plan in place,llm_paraphrase,S0209,A business continuity plan covers what we do if our IT systems fail.,False
P01244,"In the event of an IT system failure, our business continuity plan takes immediate effect to safeguard our service delivery.",1,COMPLIANT,DSPT7_Continuity,DSPT,a business continuity plan in place,llm_paraphrase,S0209,A business continuity plan covers what we do if our IT systems fail.,False
P01245,"When our IT systems fail, we activate our business continuity plan to maintain continuity of care services and support our residents' needs.",1,COMPLIANT,DSPT7_Continuity,DSPT,a business continuity plan in place,llm_paraphrase,S0209,A business continuity plan covers what we do if our IT systems fail.,False
P01246,Our continuity plan addresses maintaining care delivery during a cyber incident.,1,COMPLIANT,DSPT7_Continuity,DSPT,a business continuity plan in place,llm_paraphrase,S0210,Our continuity plan includes how to keep delivering care during a cyber incident.,False
P01247,The plan ensures continuity of care during a cyber incident.,1,COMPLIANT,DSPT7_Continuity,DSPT,a business continuity plan in place,llm_paraphrase,S0210,Our continuity plan includes how to keep delivering care during a cyber incident.,False
P01248,"Cyber incidents are managed through our continuity plan, which maintains care delivery.",1,COMPLIANT,DSPT7_Continuity,DSPT,a business continuity plan in place,llm_paraphrase,S0210,Our continuity plan includes how to keep delivering care during a cyber incident.,False
P01249,"Properly managed, our continuity plan allows care delivery during a cyber incident.",1,COMPLIANT,DSPT7_Continuity,DSPT,a business continuity plan in place,llm_paraphrase,S0210,Our continuity plan includes how to keep delivering care during a cyber incident.,False
P01250,"A cyber incident is managed by our continuity plan, which maintains care delivery.",1,COMPLIANT,DSPT7_Continuity,DSPT,a business continuity plan in place,llm_paraphrase,S0210,Our continuity plan includes how to keep delivering care during a cyber incident.,False
P01251,Our plan provides for the continuity of care during a cyber incident.,1,COMPLIANT,DSPT7_Continuity,DSPT,a business continuity plan in place,llm_paraphrase,S0210,Our continuity plan includes how to keep delivering care during a cyber incident.,False
P01252,Daily back-up of care records is mandatory to ensure data integrity.,1,COMPLIANT,DSPT7_Continuity,DSPT,backups taken regularly,llm_paraphrase,S0211,Care records are backed up every night.,False
P01253,Care records are backed up nightly to prevent loss of important information.,1,COMPLIANT,DSPT7_Continuity,DSPT,backups taken regularly,llm_paraphrase,S0211,Care records are backed up every night.,False
P01254,Compliance requires the automatic daily back-up of all care records.,1,COMPLIANT,DSPT7_Continuity,DSPT,backups taken regularly,llm_paraphrase,S0211,Care records are backed up every night.,False
P01255,"In accordance with policy, care records are nightly backed up.",1,COMPLIANT,DSPT7_Continuity,DSPT,backups taken regularly,llm_paraphrase,S0211,Care records are backed up every night.,False
P01256,Nightly back-up of care records is essential for maintaining confidentiality and data security.,1,COMPLIANT,DSPT7_Continuity,DSPT,backups taken regularly,llm_paraphrase,S0211,Care records are backed up every night.,False
P01257,All care records must be backed up every night for regulatory compliance.,1,COMPLIANT,DSPT7_Continuity,DSPT,backups taken regularly,llm_paraphrase,S0211,Care records are backed up every night.,False
P01258,Daily automatic backups of all electronic records are mandatory.,1,COMPLIANT,DSPT7_Continuity,DSPT,backups taken regularly,llm_paraphrase,S0212,Backups of all electronic records run automatically each day.,False
P01259,All electronic records must have daily automatic backups.,1,COMPLIANT,DSPT7_Continuity,DSPT,backups taken regularly,llm_paraphrase,S0212,Backups of all electronic records run automatically each day.,False
P01260,Daily automated backups of all electronic records are required.,1,COMPLIANT,DSPT7_Continuity,DSPT,backups taken regularly,llm_paraphrase,S0212,Backups of all electronic records run automatically each day.,False
P01261,Electronic records must be backed up automatically every day.,1,COMPLIANT,DSPT7_Continuity,DSPT,backups taken regularly,llm_paraphrase,S0212,Backups of all electronic records run automatically each day.,False
P01262,Automatic daily backups of all electronic records are a mandatory requirement.,1,COMPLIANT,DSPT7_Continuity,DSPT,backups taken regularly,llm_paraphrase,S0212,Backups of all electronic records run automatically each day.,False
P01263,Daily automatic backups of all electronic records are compulsory.,1,COMPLIANT,DSPT7_Continuity,DSPT,backups taken regularly,llm_paraphrase,S0212,Backups of all electronic records run automatically each day.,False
P01264,We conduct quarterly data recovery tests to validate our backup system's integrity.,1,COMPLIANT,DSPT7_Continuity,DSPT,backups tested for successful recovery,llm_paraphrase,S0213,We test our backups quarterly to confirm data can be restored.,False
P01265,Our backup system is subject to quarterly data recovery tests to ensure it can be restored.,1,COMPLIANT,DSPT7_Continuity,DSPT,backups tested for successful recovery,llm_paraphrase,S0213,We test our backups quarterly to confirm data can be restored.,False
P01266,Quarterly data recovery tests are conducted to verify our backup system's functionality.,1,COMPLIANT,DSPT7_Continuity,DSPT,backups tested for successful recovery,llm_paraphrase,S0213,We test our backups quarterly to confirm data can be restored.,False
P01267,All quarterly backup data recovery tests confirm that our system can restore data successfully.,1,COMPLIANT,DSPT7_Continuity,DSPT,backups tested for successful recovery,llm_paraphrase,S0213,We test our backups quarterly to confirm data can be restored.,False
P01268,Regular quarterly data recovery tests are performed to confirm the integrity of our backup system.,1,COMPLIANT,DSPT7_Continuity,DSPT,backups tested for successful recovery,llm_paraphrase,S0213,We test our backups quarterly to confirm data can be restored.,False
P01269,Our quarterly backup data recovery tests ensure that data can be restored from our system.,1,COMPLIANT,DSPT7_Continuity,DSPT,backups tested for successful recovery,llm_paraphrase,S0213,We test our backups quarterly to confirm data can be restored.,False
P01270,A restore test is required to ensure backups function correctly.,1,COMPLIANT,DSPT7_Continuity,DSPT,backups tested for successful recovery,llm_paraphrase,S0214,A restore test is carried out to make sure the backups actually work.,False
P01271,Backups must be verified via regular restore tests to ensure they work as intended.,1,COMPLIANT,DSPT7_Continuity,DSPT,backups tested for successful recovery,llm_paraphrase,S0214,A restore test is carried out to make sure the backups actually work.,False
P01272,"During the restore process, we confirm backups are recoverable.",1,COMPLIANT,DSPT7_Continuity,DSPT,backups tested for successful recovery,llm_paraphrase,S0214,A restore test is carried out to make sure the backups actually work.,False
P01273,Restore tests are mandatory to verify the integrity of our backups.,1,COMPLIANT,DSPT7_Continuity,DSPT,backups tested for successful recovery,llm_paraphrase,S0214,A restore test is carried out to make sure the backups actually work.,False
P01274,A restore test is conducted to confirm backups are functioning correctly.,1,COMPLIANT,DSPT7_Continuity,DSPT,backups tested for successful recovery,llm_paraphrase,S0214,A restore test is carried out to make sure the backups actually work.,False
P01275,Backup integrity is confirmed through regular restore tests.,1,COMPLIANT,DSPT7_Continuity,DSPT,backups tested for successful recovery,llm_paraphrase,S0214,A restore test is carried out to make sure the backups actually work.,False
P01276,"Backups are encrypted in accordance with policy and stored in a secure, segregated area to prevent system compromise.",1,COMPLIANT,DSPT7_Continuity,DSPT,backups stored securely/offsite/encrypted,llm_paraphrase,S0215,Backups are encrypted and held separately from the main system.,False
P01277,"The care home's backup data is encrypted and kept in a separate, isolated location to safeguard against system breaches.",1,COMPLIANT,DSPT7_Continuity,DSPT,backups stored securely/offsite/encrypted,llm_paraphrase,S0215,Backups are encrypted and held separately from the main system.,False
P01278,"It is mandatory to encrypt all backups and store them in a secure, distinct area from the main system to prevent data loss.",1,COMPLIANT,DSPT7_Continuity,DSPT,backups stored securely/offsite/encrypted,llm_paraphrase,S0215,Backups are encrypted and held separately from the main system.,False
P01279,"In line with policy, all backup data must be encrypted and stored in a separate, secure location to ensure system integrity.",1,COMPLIANT,DSPT7_Continuity,DSPT,backups stored securely/offsite/encrypted,llm_paraphrase,S0215,Backups are encrypted and held separately from the main system.,False
P01280,"The care home's backup data is encrypted and stored in a separate, secure area to prevent any potential system compromise or data theft.",1,COMPLIANT,DSPT7_Continuity,DSPT,backups stored securely/offsite/encrypted,llm_paraphrase,S0215,Backups are encrypted and held separately from the main system.,False
P01281,"All backup data must be encrypted and stored in a secure, segregated environment to prevent the main system from being compromised or compromised data being accessed.",1,COMPLIANT,DSPT7_Continuity,DSPT,backups stored securely/offsite/encrypted,llm_paraphrase,S0215,Backups are encrypted and held separately from the main system.,False
P01282,Data copies are stored off-site as a precautionary measure in the event of fire or theft.,1,COMPLIANT,DSPT7_Continuity,DSPT,backups stored securely/offsite/encrypted,llm_paraphrase,S0216,Copies of our data are stored off-site in case of fire or theft.,False
P01283,"To ensure business continuity, data copies are stored remotely in case of fire or theft.",1,COMPLIANT,DSPT7_Continuity,DSPT,backups stored securely/offsite/encrypted,llm_paraphrase,S0216,Copies of our data are stored off-site in case of fire or theft.,False
P01284,It is mandatory to store data copies off-site in the event of fire or theft.,1,COMPLIANT,DSPT7_Continuity,DSPT,backups stored securely/offsite/encrypted,llm_paraphrase,S0216,Copies of our data are stored off-site in case of fire or theft.,False
P01285,Off-site storage of data is required in the event of fire or theft to prevent data loss.,1,COMPLIANT,DSPT7_Continuity,DSPT,backups stored securely/offsite/encrypted,llm_paraphrase,S0216,Copies of our data are stored off-site in case of fire or theft.,False
P01286,Data copies must be stored externally off-site to mitigate the risk of loss in the event of fire or theft.,1,COMPLIANT,DSPT7_Continuity,DSPT,backups stored securely/offsite/encrypted,llm_paraphrase,S0216,Copies of our data are stored off-site in case of fire or theft.,False
P01287,Remote storage of data is essential in the event of fire or theft to safeguard against data loss.,1,COMPLIANT,DSPT7_Continuity,DSPT,backups stored securely/offsite/encrypted,llm_paraphrase,S0216,Copies of our data are stored off-site in case of fire or theft.,False
P01288,The continuity plan is annually reviewed and updated in line with regulatory requirements.,1,COMPLIANT,DSPT7_Continuity,DSPT,continuity plan reviewed,llm_paraphrase,S0217,The continuity plan is reviewed and updated every year.,False
P01289,Review and update of the continuity plan is mandated to occur every year.,1,COMPLIANT,DSPT7_Continuity,DSPT,continuity plan reviewed,llm_paraphrase,S0217,The continuity plan is reviewed and updated every year.,False
P01290,"The continuity plan is reviewed and updated annually, as stipulated in our regulatory framework.",1,COMPLIANT,DSPT7_Continuity,DSPT,continuity plan reviewed,llm_paraphrase,S0217,The continuity plan is reviewed and updated every year.,False
P01291,It is mandatory that the continuity plan be reviewed and updated every 12 months.,1,COMPLIANT,DSPT7_Continuity,DSPT,continuity plan reviewed,llm_paraphrase,S0217,The continuity plan is reviewed and updated every year.,False
P01292,"The continuity plan is subject to annual review and update, as a statutory obligation.",1,COMPLIANT,DSPT7_Continuity,DSPT,continuity plan reviewed,llm_paraphrase,S0217,The continuity plan is reviewed and updated every year.,False
P01293,The continuity plan must be reviewed and updated every 12 months to comply with regulatory regulations.,1,COMPLIANT,DSPT7_Continuity,DSPT,continuity plan reviewed,llm_paraphrase,S0217,The continuity plan is reviewed and updated every year.,False
P01294,There is no approved continuity plan in place to ensure continuity of operations in the event of a systems failure.,0,NON_COMPLIANT,DSPT7_Continuity,DSPT,no continuity plan,llm_paraphrase,S0218,There is no continuity plan for what happens if our systems go down.,False
P01295,It is mandatory that a continuity plan is in place before systems go down.,0,NON_COMPLIANT,DSPT7_Continuity,DSPT,no continuity plan,llm_paraphrase,S0218,There is no continuity plan for what happens if our systems go down.,False
P01296,Our systems downtime procedures do not include a formalised continuity plan.,0,NON_COMPLIANT,DSPT7_Continuity,DSPT,no continuity plan,llm_paraphrase,S0218,There is no continuity plan for what happens if our systems go down.,False
P01297,A recognised continuity plan must be in place prior to our systems experiencing a failure.,0,NON_COMPLIANT,DSPT7_Continuity,DSPT,no continuity plan,llm_paraphrase,S0218,There is no continuity plan for what happens if our systems go down.,False
P01298,All systems downtime requires a continuity plan to be in place to ensure minimal disruption.,0,NON_COMPLIANT,DSPT7_Continuity,DSPT,no continuity plan,llm_paraphrase,S0218,There is no continuity plan for what happens if our systems go down.,False
P01299,"Prior to systems failure, a fully-approved continuity plan must be in place to prevent uncontrolled downtime.",0,NON_COMPLIANT,DSPT7_Continuity,DSPT,no continuity plan,llm_paraphrase,S0218,There is no continuity plan for what happens if our systems go down.,False
P01300,Insufficient consideration has been given to the continuity of care during a planned IT failure.,0,NON_COMPLIANT,DSPT7_Continuity,DSPT,no continuity plan,llm_paraphrase,S0219,We have not considered how care would continue during an IT failure.,False
P01301,Failure to assess and plan for care provision during an IT outage is unacceptable.,0,NON_COMPLIANT,DSPT7_Continuity,DSPT,no continuity plan,llm_paraphrase,S0219,We have not considered how care would continue during an IT failure.,False
P01302,The care team has not adequately considered the implications of an IT failure on service continuity.,0,NON_COMPLIANT,DSPT7_Continuity,DSPT,no continuity plan,llm_paraphrase,S0219,We have not considered how care would continue during an IT failure.,False
P01303,This is an unacceptable oversight in our IT failure contingency planning.,0,NON_COMPLIANT,DSPT7_Continuity,DSPT,no continuity plan,llm_paraphrase,S0219,We have not considered how care would continue during an IT failure.,False
P01304,We have fallen short in our responsibility to prepare for the continuation of care during an IT failure.,0,NON_COMPLIANT,DSPT7_Continuity,DSPT,no continuity plan,llm_paraphrase,S0219,We have not considered how care would continue during an IT failure.,False
P01305,The absence of a plan for care provision during an IT failure is a critical compliance breach.,0,NON_COMPLIANT,DSPT7_Continuity,DSPT,no continuity plan,llm_paraphrase,S0219,We have not considered how care would continue during an IT failure.,False
P01306,Electronic care records are not backed up in accordance with the relevant regulatory requirements.,0,NON_COMPLIANT,DSPT7_Continuity,DSPT,no backups taken,llm_paraphrase,S0220,Electronic care records are not backed up at all.,False
P01307,The care home does not maintain a process for regular backup of electronic care records.,0,NON_COMPLIANT,DSPT7_Continuity,DSPT,no backups taken,llm_paraphrase,S0220,Electronic care records are not backed up at all.,False
P01308,A fail-to-backup electronic care records policy is not in place.,0,NON_COMPLIANT,DSPT7_Continuity,DSPT,no backups taken,llm_paraphrase,S0220,Electronic care records are not backed up at all.,False
P01309,Compliance with electronic care record backup regulations is currently not being met.,0,NON_COMPLIANT,DSPT7_Continuity,DSPT,no backups taken,llm_paraphrase,S0220,Electronic care records are not backed up at all.,False
P01310,Electronic care records are not being adequately protected in line with best practice and regulatory standards.,0,NON_COMPLIANT,DSPT7_Continuity,DSPT,no backups taken,llm_paraphrase,S0220,Electronic care records are not backed up at all.,False
P01311,The system does not have a scheduled backup process in place for electronic care records.,0,NON_COMPLIANT,DSPT7_Continuity,DSPT,no backups taken,llm_paraphrase,S0220,Electronic care records are not backed up at all.,False
P01312,Failure to back up office computer data is unacceptable and must be addressed immediately,0,NON_COMPLIANT,DSPT7_Continuity,DSPT,no backups taken,llm_paraphrase,S0221,There is no backup of the information held on the office computer.,False
P01313,Proper data backup procedures are not in place on the office computer,0,NON_COMPLIANT,DSPT7_Continuity,DSPT,no backups taken,llm_paraphrase,S0221,There is no backup of the information held on the office computer.,False
P01314,No backup system exists on the office computer for critical data,0,NON_COMPLIANT,DSPT7_Continuity,DSPT,no backups taken,llm_paraphrase,S0221,There is no backup of the information held on the office computer.,False
P01315,The office computer is not equipped with adequate data backup measures,0,NON_COMPLIANT,DSPT7_Continuity,DSPT,no backups taken,llm_paraphrase,S0221,There is no backup of the information held on the office computer.,False
P01316,Data backup for the office computer is woefully inadequate,0,NON_COMPLIANT,DSPT7_Continuity,DSPT,no backups taken,llm_paraphrase,S0221,There is no backup of the information held on the office computer.,False
P01317,Compliance failure: no backup of office computer data is permissible,0,NON_COMPLIANT,DSPT7_Continuity,DSPT,no backups taken,llm_paraphrase,S0221,There is no backup of the information held on the office computer.,False
P01318,The backup procedure has not been verified for its restore capability.,0,NON_COMPLIANT,DSPT7_Continuity,DSPT,backups never tested,llm_paraphrase,S0222,The backups have never been tested to see if they would restore.,False
P01319,It has been determined that the backup system has not been tested for recovery.,0,NON_COMPLIANT,DSPT7_Continuity,DSPT,backups never tested,llm_paraphrase,S0222,The backups have never been tested to see if they would restore.,False
P01320,The backup protocol has not been validated for restore functionality.,0,NON_COMPLIANT,DSPT7_Continuity,DSPT,backups never tested,llm_paraphrase,S0222,The backups have never been tested to see if they would restore.,False
P01321,Backups have not been checked to ensure they can be restored.,0,NON_COMPLIANT,DSPT7_Continuity,DSPT,backups never tested,llm_paraphrase,S0222,The backups have never been tested to see if they would restore.,False
P01322,The backup system has not undergone testing to verify its restore capability.,0,NON_COMPLIANT,DSPT7_Continuity,DSPT,backups never tested,llm_paraphrase,S0222,The backups have never been tested to see if they would restore.,False
P01323,The procedure for restoring from backup has not been tested or validated.,0,NON_COMPLIANT,DSPT7_Continuity,DSPT,backups never tested,llm_paraphrase,S0222,The backups have never been tested to see if they would restore.,False
P01324,"We assume our backup system is operational, but we have not conducted a recent integrity check.",0,NON_COMPLIANT,DSPT7_Continuity,DSPT,backups never tested,llm_paraphrase,S0223,We assume the backup works but have never checked.,False
P01325,"Our backup system is assumed to be functioning correctly, but we have not verified its integrity recently.",0,NON_COMPLIANT,DSPT7_Continuity,DSPT,backups never tested,llm_paraphrase,S0223,We assume the backup works but have never checked.,False
P01326,"We rely on the assumption that our backup system is working, but have not recently tested its functionality.",0,NON_COMPLIANT,DSPT7_Continuity,DSPT,backups never tested,llm_paraphrase,S0223,We assume the backup works but have never checked.,False
P01327,"The integrity of our backup system is assumed intact, but we have not conducted a thorough verification.",0,NON_COMPLIANT,DSPT7_Continuity,DSPT,backups never tested,llm_paraphrase,S0223,We assume the backup works but have never checked.,False
P01328,"We assume our backup system is operational, but a recent check has not been carried out.",0,NON_COMPLIANT,DSPT7_Continuity,DSPT,backups never tested,llm_paraphrase,S0223,We assume the backup works but have never checked.,False
P01329,"Our backup system is assumed to be operational, pending a recent integrity verification.",0,NON_COMPLIANT,DSPT7_Continuity,DSPT,backups never tested,llm_paraphrase,S0223,We assume the backup works but have never checked.,False
P01330,Backups are not regularly transferred to a secure offsite location.,0,NON_COMPLIANT,DSPT7_Continuity,DSPT,backups stored insecurely or not at all,llm_paraphrase,S0224,Backups are kept on a USB drive left plugged into the same computer.,False
P01331,It is mandatory to use an external backup solution.,0,NON_COMPLIANT,DSPT7_Continuity,DSPT,backups stored insecurely or not at all,llm_paraphrase,S0224,Backups are kept on a USB drive left plugged into the same computer.,False
P01332,The backup procedure requires an offsite copy.,0,NON_COMPLIANT,DSPT7_Continuity,DSPT,backups stored insecurely or not at all,llm_paraphrase,S0224,Backups are kept on a USB drive left plugged into the same computer.,False
P01333,All backup files must be stored on a secure device.,0,NON_COMPLIANT,DSPT7_Continuity,DSPT,backups stored insecurely or not at all,llm_paraphrase,S0224,Backups are kept on a USB drive left plugged into the same computer.,False
P01334,Offsite backups must be implemented immediately.,0,NON_COMPLIANT,DSPT7_Continuity,DSPT,backups stored insecurely or not at all,llm_paraphrase,S0224,Backups are kept on a USB drive left plugged into the same computer.,False
P01335,External backup storage must be set up and maintained.,0,NON_COMPLIANT,DSPT7_Continuity,DSPT,backups stored insecurely or not at all,llm_paraphrase,S0224,Backups are kept on a USB drive left plugged into the same computer.,False
P01336,The only data copy is on the office machine.,0,NON_COMPLIANT,DSPT7_Continuity,DSPT,backups stored insecurely or not at all,llm_paraphrase,S0225,The only copy of our data is on the machine in the office.,False
P01337,All data must be stored on the office machine.,0,NON_COMPLIANT,DSPT7_Continuity,DSPT,backups stored insecurely or not at all,llm_paraphrase,S0225,The only copy of our data is on the machine in the office.,False
P01338,The office machine is the sole data repository.,0,NON_COMPLIANT,DSPT7_Continuity,DSPT,backups stored insecurely or not at all,llm_paraphrase,S0225,The only copy of our data is on the machine in the office.,False
P01339,Data storage is restricted to the office machine only.,0,NON_COMPLIANT,DSPT7_Continuity,DSPT,backups stored insecurely or not at all,llm_paraphrase,S0225,The only copy of our data is on the machine in the office.,False
P01340,The office machine is the designated data repository.,0,NON_COMPLIANT,DSPT7_Continuity,DSPT,backups stored insecurely or not at all,llm_paraphrase,S0225,The only copy of our data is on the machine in the office.,False
P01341,Data must be stored exclusively on the office machine.,0,NON_COMPLIANT,DSPT7_Continuity,DSPT,backups stored insecurely or not at all,llm_paraphrase,S0225,The only copy of our data is on the machine in the office.,False
P01342,The continuity plan has not been reviewed in line with its prescribed timeframe.,0,NON_COMPLIANT,DSPT7_Continuity,DSPT,continuity plan outdated or absent,llm_paraphrase,S0226,The continuity plan was written years ago and has not been looked at since.,False
P01343,It has been an extended period since the continuity plan was last scrutinised.,0,NON_COMPLIANT,DSPT7_Continuity,DSPT,continuity plan outdated or absent,llm_paraphrase,S0226,The continuity plan was written years ago and has not been looked at since.,False
P01344,The plan remains unreviewed and out of date according to its original inception date.,0,NON_COMPLIANT,DSPT7_Continuity,DSPT,continuity plan outdated or absent,llm_paraphrase,S0226,The continuity plan was written years ago and has not been looked at since.,False
P01345,The continuity plan is no longer being regularly assessed as per its intended schedule.,0,NON_COMPLIANT,DSPT7_Continuity,DSPT,continuity plan outdated or absent,llm_paraphrase,S0226,The continuity plan was written years ago and has not been looked at since.,False
P01346,The plan has fallen outside its scheduled review period and has not been subject to recent examination.,0,NON_COMPLIANT,DSPT7_Continuity,DSPT,continuity plan outdated or absent,llm_paraphrase,S0226,The continuity plan was written years ago and has not been looked at since.,False
P01347,The plan's intended review cycle has been breached as no formal assessment has taken place in an appropriate timeframe.,0,NON_COMPLIANT,DSPT7_Continuity,DSPT,continuity plan outdated or absent,llm_paraphrase,S0226,The continuity plan was written years ago and has not been looked at since.,False
P01348,All systems in operation must continue to receive support from their manufacturer,1,COMPLIANT,DSPT8_UnsupportedSystems,DSPT,only supported systems in use,llm_paraphrase,S0227,All operating systems in use are still supported by their vendor.,False
P01349,All current operating systems are still formally supported by their vendor,1,COMPLIANT,DSPT8_UnsupportedSystems,DSPT,only supported systems in use,llm_paraphrase,S0227,All operating systems in use are still supported by their vendor.,False
P01350,The use of any operating system in our facility requires ongoing support from its issuing company,1,COMPLIANT,DSPT8_UnsupportedSystems,DSPT,only supported systems in use,llm_paraphrase,S0227,All operating systems in use are still supported by their vendor.,False
P01351,It is a regulatory requirement that all operating systems in use remain supported by their original vendor,1,COMPLIANT,DSPT8_UnsupportedSystems,DSPT,only supported systems in use,llm_paraphrase,S0227,All operating systems in use are still supported by their vendor.,False
P01352,All supported operating systems in our care home must continue to receive vendor-provided support,1,COMPLIANT,DSPT8_UnsupportedSystems,DSPT,only supported systems in use,llm_paraphrase,S0227,All operating systems in use are still supported by their vendor.,False
P01353,All software in use within our premises must be officially supported by its manufacturer until a replacement is found,1,COMPLIANT,DSPT8_UnsupportedSystems,DSPT,only supported systems in use,llm_paraphrase,S0227,All operating systems in use are still supported by their vendor.,False
P01354,No unsupported software or browsers are used across the entire service at all times.,1,COMPLIANT,DSPT8_UnsupportedSystems,DSPT,only supported systems in use,llm_paraphrase,S0228,No unsupported software or browsers are used anywhere in the service.,False
P01355,Unsupported software or browsers are never permitted on any equipment used by residents.,1,COMPLIANT,DSPT8_UnsupportedSystems,DSPT,only supported systems in use,llm_paraphrase,S0228,No unsupported software or browsers are used anywhere in the service.,False
P01356,"All resident access devices are required to use approved, supported software and browsers at all times.",1,COMPLIANT,DSPT8_UnsupportedSystems,DSPT,only supported systems in use,llm_paraphrase,S0228,No unsupported software or browsers are used anywhere in the service.,False
P01357,The use of unsupported software or browsers is strictly prohibited throughout the service.,1,COMPLIANT,DSPT8_UnsupportedSystems,DSPT,only supported systems in use,llm_paraphrase,S0228,No unsupported software or browsers are used anywhere in the service.,False
P01358,No resident is ever permitted to use unsupported software or browsers on any care home equipment.,1,COMPLIANT,DSPT8_UnsupportedSystems,DSPT,only supported systems in use,llm_paraphrase,S0228,No unsupported software or browsers are used anywhere in the service.,False
P01359,Approved software and browsers must be used by all residents at all times when accessing care home systems.,1,COMPLIANT,DSPT8_UnsupportedSystems,DSPT,only supported systems in use,llm_paraphrase,S0228,No unsupported software or browsers are used anywhere in the service.,False
P01360,Our systems are subject to regular vendor support updates to ensure all browsers and applications are within the designated support period.,1,COMPLIANT,DSPT8_UnsupportedSystems,DSPT,only supported systems in use,llm_paraphrase,S0229,Our browsers and applications all remain within vendor support.,False
P01361,All browsers and applications within our systems are kept up-to-date with vendor support to guarantee compliance.,1,COMPLIANT,DSPT8_UnsupportedSystems,DSPT,only supported systems in use,llm_paraphrase,S0229,Our browsers and applications all remain within vendor support.,False
P01362,"As per policy, our IT team ensures all browsers and applications are within the vendor's official support window.",1,COMPLIANT,DSPT8_UnsupportedSystems,DSPT,only supported systems in use,llm_paraphrase,S0229,Our browsers and applications all remain within vendor support.,False
P01363,We maintain a strict policy of keeping all browsers and applications within the vendor's designated support period to prevent issues.,1,COMPLIANT,DSPT8_UnsupportedSystems,DSPT,only supported systems in use,llm_paraphrase,S0229,Our browsers and applications all remain within vendor support.,False
P01364,Our system administrators are required to regularly check and update browsers and applications to ensure they fall within the vendor's support timeframe.,1,COMPLIANT,DSPT8_UnsupportedSystems,DSPT,only supported systems in use,llm_paraphrase,S0229,Our browsers and applications all remain within vendor support.,False
P01365,All browsers and applications in our systems are regularly verified to be within the vendor's supported version range.,1,COMPLIANT,DSPT8_UnsupportedSystems,DSPT,only supported systems in use,llm_paraphrase,S0229,Our browsers and applications all remain within vendor support.,False
P01366,"Where an older system is still required, its risk is formally recorded and addressed in line with our policy.",1,COMPLIANT,DSPT8_UnsupportedSystems,DSPT,legacy systems identified and mitigated,llm_paraphrase,S0230,"Where an older system is still required, the risk is documented and managed.",False
P01367,The use of an older system is subject to thorough risk assessment and documented in our risk register.,1,COMPLIANT,DSPT8_UnsupportedSystems,DSPT,legacy systems identified and mitigated,llm_paraphrase,S0230,"Where an older system is still required, the risk is documented and managed.",False
P01368,Risk associated with an older system is fully documented and managed through our established procedures.,1,COMPLIANT,DSPT8_UnsupportedSystems,DSPT,legacy systems identified and mitigated,llm_paraphrase,S0230,"Where an older system is still required, the risk is documented and managed.",False
P01369,An older system is subject to documented risk assessment and risk mitigation measures as per our policy.,1,COMPLIANT,DSPT8_UnsupportedSystems,DSPT,legacy systems identified and mitigated,llm_paraphrase,S0230,"Where an older system is still required, the risk is documented and managed.",False
P01370,"Where an older system is still in use, the associated risk is fully recorded, assessed and managed.",1,COMPLIANT,DSPT8_UnsupportedSystems,DSPT,legacy systems identified and mitigated,llm_paraphrase,S0230,"Where an older system is still required, the risk is documented and managed.",False
P01371,An older system's risk is formally documented and addressed in accordance with our risk management policy.,1,COMPLIANT,DSPT8_UnsupportedSystems,DSPT,legacy systems identified and mitigated,llm_paraphrase,S0230,"Where an older system is still required, the risk is documented and managed.",False
P01372,Legacy equipment is temporarily segregated from the main network during replacement procedures to prevent potential disruption.,1,COMPLIANT,DSPT8_UnsupportedSystems,DSPT,legacy systems identified and mitigated,llm_paraphrase,S0231,Legacy equipment is isolated from the main network while we replace it.,False
P01373,"During equipment replacement, legacy equipment is isolated from the main network to minimise any disruption.",1,COMPLIANT,DSPT8_UnsupportedSystems,DSPT,legacy systems identified and mitigated,llm_paraphrase,S0231,Legacy equipment is isolated from the main network while we replace it.,False
P01374,Legacy equipment is disconnected from the network while replacement work is carried out to prevent any service interruption.,1,COMPLIANT,DSPT8_UnsupportedSystems,DSPT,legacy systems identified and mitigated,llm_paraphrase,S0231,Legacy equipment is isolated from the main network while we replace it.,False
P01375,The main network is isolated from legacy equipment during the replacement process to ensure continuity of service.,1,COMPLIANT,DSPT8_UnsupportedSystems,DSPT,legacy systems identified and mitigated,llm_paraphrase,S0231,Legacy equipment is isolated from the main network while we replace it.,False
P01376,Legacy equipment is disconnected from the network and replaced to prevent any potential disruption to our services.,1,COMPLIANT,DSPT8_UnsupportedSystems,DSPT,legacy systems identified and mitigated,llm_paraphrase,S0231,Legacy equipment is isolated from the main network while we replace it.,False
P01377,Legacy equipment is temporarily disconnected from the main network to ensure a seamless replacement process.,1,COMPLIANT,DSPT8_UnsupportedSystems,DSPT,legacy systems identified and mitigated,llm_paraphrase,S0231,Legacy equipment is isolated from the main network while we replace it.,False
P01378,All software with end-of-life status has been removed from our devices to maintain compliance and prevent security risks.,1,COMPLIANT,DSPT8_UnsupportedSystems,DSPT,unsupported software removed,llm_paraphrase,S0232,Software that reached end-of-life has been removed from our devices.,False
P01379,All devices are currently free from software that has reached its end-of-life period.,1,COMPLIANT,DSPT8_UnsupportedSystems,DSPT,unsupported software removed,llm_paraphrase,S0232,Software that reached end-of-life has been removed from our devices.,False
P01380,"As part of our compliance procedures, all software with an end-of-life status has been removed from our devices.",1,COMPLIANT,DSPT8_UnsupportedSystems,DSPT,unsupported software removed,llm_paraphrase,S0232,Software that reached end-of-life has been removed from our devices.,False
P01381,The removal of all end-of-life software from our devices is a critical control measure to ensure regulatory compliance.,1,COMPLIANT,DSPT8_UnsupportedSystems,DSPT,unsupported software removed,llm_paraphrase,S0232,Software that reached end-of-life has been removed from our devices.,False
P01382,"In line with our IT policy, all software that has reached its end-of-life has been securely deleted from our devices.",1,COMPLIANT,DSPT8_UnsupportedSystems,DSPT,unsupported software removed,llm_paraphrase,S0232,Software that reached end-of-life has been removed from our devices.,False
P01383,End-of-life software has been systematically removed from our devices to uphold our commitment to security and regulatory compliance.,1,COMPLIANT,DSPT8_UnsupportedSystems,DSPT,unsupported software removed,llm_paraphrase,S0232,Software that reached end-of-life has been removed from our devices.,False
P01384,"The home's chosen operating system is no longer supported by its vendor, leaving us vulnerable to security threats.",0,NON_COMPLIANT,DSPT8_UnsupportedSystems,DSPT,unsupported OS/software/browsers in use,llm_paraphrase,S0233,The home uses an operating system that no longer receives security updates.,False
P01385,We currently utilise an operating system that is no longer receiving security updates.,0,NON_COMPLIANT,DSPT8_UnsupportedSystems,DSPT,unsupported OS/software/browsers in use,llm_paraphrase,S0233,The home uses an operating system that no longer receives security updates.,False
P01386,The failure to update our operating system has resulted in it being left unsupported by its vendor.,0,NON_COMPLIANT,DSPT8_UnsupportedSystems,DSPT,unsupported OS/software/browsers in use,llm_paraphrase,S0233,The home uses an operating system that no longer receives security updates.,False
P01387,"Our chosen OS is no longer receiving security updates, placing the home at risk.",0,NON_COMPLIANT,DSPT8_UnsupportedSystems,DSPT,unsupported OS/software/browsers in use,llm_paraphrase,S0233,The home uses an operating system that no longer receives security updates.,False
P01388,"The home's chosen OS is no longer supported by its vendor, hence security updates are not being applied.",0,NON_COMPLIANT,DSPT8_UnsupportedSystems,DSPT,unsupported OS/software/browsers in use,llm_paraphrase,S0233,The home uses an operating system that no longer receives security updates.,False
P01389,"The home's operating system, currently in use, is no longer receiving security updates due to being unsupported by its vendor.",0,NON_COMPLIANT,DSPT8_UnsupportedSystems,DSPT,unsupported OS/software/browsers in use,llm_paraphrase,S0233,The home uses an operating system that no longer receives security updates.,False
P01390,An unsupported web browser continues to be used to access the care system.,0,NON_COMPLIANT,DSPT8_UnsupportedSystems,DSPT,unsupported OS/software/browsers in use,llm_paraphrase,S0234,An unsupported web browser is still used to access the care system.,False
P01391,The use of an unsupported web browser to access the care system remains unacceptable.,0,NON_COMPLIANT,DSPT8_UnsupportedSystems,DSPT,unsupported OS/software/browsers in use,llm_paraphrase,S0234,An unsupported web browser is still used to access the care system.,False
P01392,Critical: the care system is accessed via an unsupported web browser.,0,NON_COMPLIANT,DSPT8_UnsupportedSystems,DSPT,unsupported OS/software/browsers in use,llm_paraphrase,S0234,An unsupported web browser is still used to access the care system.,False
P01393,The system's security is compromised due to the ongoing use of an unsupported web browser.,0,NON_COMPLIANT,DSPT8_UnsupportedSystems,DSPT,unsupported OS/software/browsers in use,llm_paraphrase,S0234,An unsupported web browser is still used to access the care system.,False
P01394,The care system's security risks are not adequately mitigated by the continued use of an unsupported web browser.,0,NON_COMPLIANT,DSPT8_UnsupportedSystems,DSPT,unsupported OS/software/browsers in use,llm_paraphrase,S0234,An unsupported web browser is still used to access the care system.,False
P01395,The use of an unsupported web browser to access the care system is a critical security risk.,0,NON_COMPLIANT,DSPT8_UnsupportedSystems,DSPT,unsupported OS/software/browsers in use,llm_paraphrase,S0234,An unsupported web browser is still used to access the care system.,False
P01396,Old software continues to be in use without risk assessment being conducted,0,NON_COMPLIANT,DSPT8_UnsupportedSystems,DSPT,legacy systems used with no mitigation,llm_paraphrase,S0235,Old software remains in daily use with no assessment of the risk.,False
P01397,The daily use of old software has not been subject to a thorough risk assessment,0,NON_COMPLIANT,DSPT8_UnsupportedSystems,DSPT,legacy systems used with no mitigation,llm_paraphrase,S0235,Old software remains in daily use with no assessment of the risk.,False
P01398,No risk assessment has been carried out on the daily use of old software,0,NON_COMPLIANT,DSPT8_UnsupportedSystems,DSPT,legacy systems used with no mitigation,llm_paraphrase,S0235,Old software remains in daily use with no assessment of the risk.,False
P01399,Old software is still in use despite not undergoing risk assessment,0,NON_COMPLIANT,DSPT8_UnsupportedSystems,DSPT,legacy systems used with no mitigation,llm_paraphrase,S0235,Old software remains in daily use with no assessment of the risk.,False
P01400,Daily use of old software is in place without having had a proper risk assessment,0,NON_COMPLIANT,DSPT8_UnsupportedSystems,DSPT,legacy systems used with no mitigation,llm_paraphrase,S0235,Old software remains in daily use with no assessment of the risk.,False
P01401,The use of old software on a daily basis has not been assessed for risk,0,NON_COMPLIANT,DSPT8_UnsupportedSystems,DSPT,legacy systems used with no mitigation,llm_paraphrase,S0235,Old software remains in daily use with no assessment of the risk.,False
P01402,"The legacy rota system is currently not supported, and it remains connected to the main network.",0,NON_COMPLIANT,DSPT8_UnsupportedSystems,DSPT,legacy systems used with no mitigation,llm_paraphrase,S0236,The legacy rota system is out of support and connected to the main network.,False
P01403,All care homes must ensure the legacy rota system is not supported and continues to be connected to the network.,0,NON_COMPLIANT,DSPT8_UnsupportedSystems,DSPT,legacy systems used with no mitigation,llm_paraphrase,S0236,The legacy rota system is out of support and connected to the main network.,False
P01404,"As per policy, the legacy rota system is no longer supported and continues to be connected to the main network.",0,NON_COMPLIANT,DSPT8_UnsupportedSystems,DSPT,legacy systems used with no mitigation,llm_paraphrase,S0236,The legacy rota system is out of support and connected to the main network.,False
P01405,The rota system is not supported and should remain connected to the main network at all times.,0,NON_COMPLIANT,DSPT8_UnsupportedSystems,DSPT,legacy systems used with no mitigation,llm_paraphrase,S0236,The legacy rota system is out of support and connected to the main network.,False
P01406,"The legacy rota system is not supported and continues to be connected to the network, as mandated by policy.",0,NON_COMPLIANT,DSPT8_UnsupportedSystems,DSPT,legacy systems used with no mitigation,llm_paraphrase,S0236,The legacy rota system is out of support and connected to the main network.,False
P01407,"The legacy rota system is not supported, and its connection to the main network must be maintained.",0,NON_COMPLIANT,DSPT8_UnsupportedSystems,DSPT,legacy systems used with no mitigation,llm_paraphrase,S0236,The legacy rota system is out of support and connected to the main network.,False
P01408,Obsolete software is being retained due to the inconvenience of replacing it.,0,NON_COMPLIANT,DSPT8_UnsupportedSystems,DSPT,obsolete software knowingly retained,llm_paraphrase,S0237,Obsolete software has been kept because replacing it would be inconvenient.,False
P01409,The use of outdated software continues as replacement would be excessively troublesome.,0,NON_COMPLIANT,DSPT8_UnsupportedSystems,DSPT,obsolete software knowingly retained,llm_paraphrase,S0237,Obsolete software has been kept because replacing it would be inconvenient.,False
P01410,Replacing the software is not considered feasible due to the undue disruption it would cause.,0,NON_COMPLIANT,DSPT8_UnsupportedSystems,DSPT,obsolete software knowingly retained,llm_paraphrase,S0237,Obsolete software has been kept because replacing it would be inconvenient.,False
P01411,We are maintaining the current software version despite the inconvenience of updating.,0,NON_COMPLIANT,DSPT8_UnsupportedSystems,DSPT,obsolete software knowingly retained,llm_paraphrase,S0237,Obsolete software has been kept because replacing it would be inconvenient.,False
P01412,The software is being kept in use because replacing it would result in significant disruption.,0,NON_COMPLIANT,DSPT8_UnsupportedSystems,DSPT,obsolete software knowingly retained,llm_paraphrase,S0237,Obsolete software has been kept because replacing it would be inconvenient.,False
P01413,Outdated software remains in use because the replacement process would be impractically complicated.,0,NON_COMPLIANT,DSPT8_UnsupportedSystems,DSPT,obsolete software knowingly retained,llm_paraphrase,S0237,Obsolete software has been kept because replacing it would be inconvenient.,False
P01414,"Personal data is encrypted when stored in our systems, and transmitted securely when shared with external partners.",1,COMPLIANT,DSPT9_ITProtection,DSPT,data encrypted at rest and/or in transit,llm_paraphrase,S0238,Personal data is encrypted both when stored and when sent externally.,False
P01415,All personal data is protected by robust encryption when it is stored within our care home IT infrastructure.,1,COMPLIANT,DSPT9_ITProtection,DSPT,data encrypted at rest and/or in transit,llm_paraphrase,S0238,Personal data is encrypted both when stored and when sent externally.,False
P01416,Encryption of personal data is mandatory both in storage and when transmitting data externally to third-party providers.,1,COMPLIANT,DSPT9_ITProtection,DSPT,data encrypted at rest and/or in transit,llm_paraphrase,S0238,Personal data is encrypted both when stored and when sent externally.,False
P01417,We ensure all personal data is encrypted during storage and secure transmission to external recipients.,1,COMPLIANT,DSPT9_ITProtection,DSPT,data encrypted at rest and/or in transit,llm_paraphrase,S0238,Personal data is encrypted both when stored and when sent externally.,False
P01418,Personal data is encrypted both in storage and in transit to external partners and third-party service providers.,1,COMPLIANT,DSPT9_ITProtection,DSPT,data encrypted at rest and/or in transit,llm_paraphrase,S0238,Personal data is encrypted both when stored and when sent externally.,False
P01419,"We adhere to stringent data protection policies, encrypting all personal data at rest and in transit for secure external sharing.",1,COMPLIANT,DSPT9_ITProtection,DSPT,data encrypted at rest and/or in transit,llm_paraphrase,S0238,Personal data is encrypted both when stored and when sent externally.,False
P01420,All laptops are encrypted to protect sensitive data in the event of a device loss.,1,COMPLIANT,DSPT9_ITProtection,DSPT,data encrypted at rest and/or in transit,llm_paraphrase,S0239,All laptops are encrypted so data is protected if a device is lost.,False
P01421,Encryption of all laptops ensures that data is safeguarded if a device is misplaced.,1,COMPLIANT,DSPT9_ITProtection,DSPT,data encrypted at rest and/or in transit,llm_paraphrase,S0239,All laptops are encrypted so data is protected if a device is lost.,False
P01422,Laptops must be encrypted to guarantee the protection of data in the unlikely event of device loss.,1,COMPLIANT,DSPT9_ITProtection,DSPT,data encrypted at rest and/or in transit,llm_paraphrase,S0239,All laptops are encrypted so data is protected if a device is lost.,False
P01423,"To mitigate data loss, all laptops are encrypted.",1,COMPLIANT,DSPT9_ITProtection,DSPT,data encrypted at rest and/or in transit,llm_paraphrase,S0239,All laptops are encrypted so data is protected if a device is lost.,False
P01424,"All laptops are encrypted, thus safeguarding data in the event of loss.",1,COMPLIANT,DSPT9_ITProtection,DSPT,data encrypted at rest and/or in transit,llm_paraphrase,S0239,All laptops are encrypted so data is protected if a device is lost.,False
P01425,Laptops must be encrypted for data to remain protected in the event of a device being lost or stolen.,1,COMPLIANT,DSPT9_ITProtection,DSPT,data encrypted at rest and/or in transit,llm_paraphrase,S0239,All laptops are encrypted so data is protected if a device is lost.,False
P01426,All care information transmitted to the GP is encrypted,1,COMPLIANT,DSPT9_ITProtection,DSPT,data encrypted at rest and/or in transit,llm_paraphrase,S0240,Care information sent to the GP is encrypted in transit.,False
P01427,Care information sent to the GP must be encrypted in transit,1,COMPLIANT,DSPT9_ITProtection,DSPT,data encrypted at rest and/or in transit,llm_paraphrase,S0240,Care information sent to the GP is encrypted in transit.,False
P01428,It is mandatory to encrypt all care information transmitted to the GP,1,COMPLIANT,DSPT9_ITProtection,DSPT,data encrypted at rest and/or in transit,llm_paraphrase,S0240,Care information sent to the GP is encrypted in transit.,False
P01429,Care information sent to the GP must be sent encrypted,1,COMPLIANT,DSPT9_ITProtection,DSPT,data encrypted at rest and/or in transit,llm_paraphrase,S0240,Care information sent to the GP is encrypted in transit.,False
P01430,Encryption of care information transmitted to the GP is a legal requirement,1,COMPLIANT,DSPT9_ITProtection,DSPT,data encrypted at rest and/or in transit,llm_paraphrase,S0240,Care information sent to the GP is encrypted in transit.,False
P01431,Care information sent to the GP must be securely encrypted in transit,1,COMPLIANT,DSPT9_ITProtection,DSPT,data encrypted at rest and/or in transit,llm_paraphrase,S0240,Care information sent to the GP is encrypted in transit.,False
P01432,Our cyber security strategy is aligned with a nationally recognised framework.,1,COMPLIANT,DSPT9_ITProtection,DSPT,a cyber security strategy based on a proven framework,llm_paraphrase,S0241,We have a cyber security strategy based on a recognised framework.,False
P01433,The use of a recognised framework underpins our cyber security strategy.,1,COMPLIANT,DSPT9_ITProtection,DSPT,a cyber security strategy based on a proven framework,llm_paraphrase,S0241,We have a cyber security strategy based on a recognised framework.,False
P01434,Our cyber security strategy adheres to a nationally recognised framework for implementation.,1,COMPLIANT,DSPT9_ITProtection,DSPT,a cyber security strategy based on a proven framework,llm_paraphrase,S0241,We have a cyber security strategy based on a recognised framework.,False
P01435,The cyber security strategy is grounded in a recognised framework for secure practice.,1,COMPLIANT,DSPT9_ITProtection,DSPT,a cyber security strategy based on a proven framework,llm_paraphrase,S0241,We have a cyber security strategy based on a recognised framework.,False
P01436,Our strategy for protecting sensitive information is based on a nationally accepted framework.,1,COMPLIANT,DSPT9_ITProtection,DSPT,a cyber security strategy based on a proven framework,llm_paraphrase,S0241,We have a cyber security strategy based on a recognised framework.,False
P01437,Our cyber security strategy conforms to a framework that has been approved by a recognised national body.,1,COMPLIANT,DSPT9_ITProtection,DSPT,a cyber security strategy based on a proven framework,llm_paraphrase,S0241,We have a cyber security strategy based on a recognised framework.,False
P01438,Our IT systems are protected by following the Cyber Essentials framework.,1,COMPLIANT,DSPT9_ITProtection,DSPT,Cyber Essentials (or equivalent) in place,llm_paraphrase,S0242,Our approach to protecting IT systems follows the Cyber Essentials framework.,False
P01439,Cyber Essentials framework is our approach to safeguarding IT systems.,1,COMPLIANT,DSPT9_ITProtection,DSPT,Cyber Essentials (or equivalent) in place,llm_paraphrase,S0242,Our approach to protecting IT systems follows the Cyber Essentials framework.,False
P01440,We adhere to the Cyber Essentials framework to ensure our IT systems are secure.,1,COMPLIANT,DSPT9_ITProtection,DSPT,Cyber Essentials (or equivalent) in place,llm_paraphrase,S0242,Our approach to protecting IT systems follows the Cyber Essentials framework.,False
P01441,Our IT security is compliant with the Cyber Essentials framework.,1,COMPLIANT,DSPT9_ITProtection,DSPT,Cyber Essentials (or equivalent) in place,llm_paraphrase,S0242,Our approach to protecting IT systems follows the Cyber Essentials framework.,False
P01442,The Cyber Essentials framework underpins our IT system protection.,1,COMPLIANT,DSPT9_ITProtection,DSPT,Cyber Essentials (or equivalent) in place,llm_paraphrase,S0242,Our approach to protecting IT systems follows the Cyber Essentials framework.,False
P01443,The Cyber Essentials framework is our governing IT security standard.,1,COMPLIANT,DSPT9_ITProtection,DSPT,Cyber Essentials (or equivalent) in place,llm_paraphrase,S0242,Our approach to protecting IT systems follows the Cyber Essentials framework.,False
P01444,The home currently holds Cyber Essentials certification.,1,COMPLIANT,DSPT9_ITProtection,DSPT,Cyber Essentials (or equivalent) in place,llm_paraphrase,S0243,The home holds current Cyber Essentials certification.,False
P01445,We maintain current Cyber Essentials certification.,1,COMPLIANT,DSPT9_ITProtection,DSPT,Cyber Essentials (or equivalent) in place,llm_paraphrase,S0243,The home holds current Cyber Essentials certification.,False
P01446,Cyber Essentials certification is currently held by the home.,1,COMPLIANT,DSPT9_ITProtection,DSPT,Cyber Essentials (or equivalent) in place,llm_paraphrase,S0243,The home holds current Cyber Essentials certification.,False
P01447,Our cyber security measures comply with Cyber Essentials certification.,1,COMPLIANT,DSPT9_ITProtection,DSPT,Cyber Essentials (or equivalent) in place,llm_paraphrase,S0243,The home holds current Cyber Essentials certification.,False
P01448,The home's current cyber security posture is certified by Cyber Essentials.,1,COMPLIANT,DSPT9_ITProtection,DSPT,Cyber Essentials (or equivalent) in place,llm_paraphrase,S0243,The home holds current Cyber Essentials certification.,False
P01449,We are compliant with Cyber Essentials certification.,1,COMPLIANT,DSPT9_ITProtection,DSPT,Cyber Essentials (or equivalent) in place,llm_paraphrase,S0243,The home holds current Cyber Essentials certification.,False
P01450,We have successfully submitted our Data Security and Protection Toolkit to meet the required standards.,1,COMPLIANT,DSPT9_ITProtection,DSPT,DSPT submitted / standards met,llm_paraphrase,S0244,We submitted our Data Security and Protection Toolkit and met the standards.,False
P01451,Our submission of the Data Security and Protection Toolkit conforms to the specified standards.,1,COMPLIANT,DSPT9_ITProtection,DSPT,DSPT submitted / standards met,llm_paraphrase,S0244,We submitted our Data Security and Protection Toolkit and met the standards.,False
P01452,"As part of our data protection compliance, we have submitted the Data Security and Protection Toolkit.",1,COMPLIANT,DSPT9_ITProtection,DSPT,DSPT submitted / standards met,llm_paraphrase,S0244,We submitted our Data Security and Protection Toolkit and met the standards.,False
P01453,The Data Security and Protection Toolkit has been submitted to meet the specified standards.,1,COMPLIANT,DSPT9_ITProtection,DSPT,DSPT submitted / standards met,llm_paraphrase,S0244,We submitted our Data Security and Protection Toolkit and met the standards.,False
P01454,Our data protection toolkit has been submitted and found to meet the required standards.,1,COMPLIANT,DSPT9_ITProtection,DSPT,DSPT submitted / standards met,llm_paraphrase,S0244,We submitted our Data Security and Protection Toolkit and met the standards.,False
P01455,We have submitted the Data Security and Protection Toolkit and found it to meet the specified standards.,1,COMPLIANT,DSPT9_ITProtection,DSPT,DSPT submitted / standards met,llm_paraphrase,S0244,We submitted our Data Security and Protection Toolkit and met the standards.,False
P01456,The DSPT assessment was completed on time as stipulated in our policy.,1,COMPLIANT,DSPT9_ITProtection,DSPT,DSPT submitted / standards met,llm_paraphrase,S0245,The DSPT assessment was completed and published before the deadline.,False
P01457,The deadline for the DSPT assessment was strictly adhered to.,1,COMPLIANT,DSPT9_ITProtection,DSPT,DSPT submitted / standards met,llm_paraphrase,S0245,The DSPT assessment was completed and published before the deadline.,False
P01458,The DSPT assessment was completed and published within the specified timeframe.,1,COMPLIANT,DSPT9_ITProtection,DSPT,DSPT submitted / standards met,llm_paraphrase,S0245,The DSPT assessment was completed and published before the deadline.,False
P01459,"As per our policy, the DSPT assessment was completed and published before the deadline.",1,COMPLIANT,DSPT9_ITProtection,DSPT,DSPT submitted / standards met,llm_paraphrase,S0245,The DSPT assessment was completed and published before the deadline.,False
P01460,Our policy requires that the DSPT assessment be completed and published on time.,1,COMPLIANT,DSPT9_ITProtection,DSPT,DSPT submitted / standards met,llm_paraphrase,S0245,The DSPT assessment was completed and published before the deadline.,False
P01461,The DSPT assessment was completed and published in accordance with our policy before the deadline.,1,COMPLIANT,DSPT9_ITProtection,DSPT,DSPT submitted / standards met,llm_paraphrase,S0245,The DSPT assessment was completed and published before the deadline.,False
P01462,Our annual IT review ensures our security measures remain up to date.,1,COMPLIANT,DSPT9_ITProtection,DSPT,IT protections reviewed annually,llm_paraphrase,S0246,Our IT protections are reviewed at least once a year.,False
P01463,The IT protection review is conducted at least once annually.,1,COMPLIANT,DSPT9_ITProtection,DSPT,IT protections reviewed annually,llm_paraphrase,S0246,Our IT protections are reviewed at least once a year.,False
P01464,We regularly review our IT security to ensure compliance.,1,COMPLIANT,DSPT9_ITProtection,DSPT,IT protections reviewed annually,llm_paraphrase,S0246,Our IT protections are reviewed at least once a year.,False
P01465,Our IT security is audited annually to meet regulatory requirements.,1,COMPLIANT,DSPT9_ITProtection,DSPT,IT protections reviewed annually,llm_paraphrase,S0246,Our IT protections are reviewed at least once a year.,False
P01466,The review of our IT protections is carried out at least once a year.,1,COMPLIANT,DSPT9_ITProtection,DSPT,IT protections reviewed annually,llm_paraphrase,S0246,Our IT protections are reviewed at least once a year.,False
P01467,Our IT protection is reviewed annually to maintain statutory compliance.,1,COMPLIANT,DSPT9_ITProtection,DSPT,IT protections reviewed annually,llm_paraphrase,S0246,Our IT protections are reviewed at least once a year.,False
P01468,"Resident data on USB sticks must be stored securely, with encryption applied to ensure confidentiality.",0,NON_COMPLIANT,DSPT9_ITProtection,DSPT,sensitive data unencrypted,llm_paraphrase,S0247,Resident data is stored on USB sticks that are not encrypted.,False
P01469,The storage of resident data on USB sticks requires encryption to protect sensitive information.,0,NON_COMPLIANT,DSPT9_ITProtection,DSPT,sensitive data unencrypted,llm_paraphrase,S0247,Resident data is stored on USB sticks that are not encrypted.,False
P01470,"To maintain resident confidentiality, data stored on USB sticks must be encrypted.",0,NON_COMPLIANT,DSPT9_ITProtection,DSPT,sensitive data unencrypted,llm_paraphrase,S0247,Resident data is stored on USB sticks that are not encrypted.,False
P01471,All resident data on USB sticks must be encrypted to meet our data protection requirements.,0,NON_COMPLIANT,DSPT9_ITProtection,DSPT,sensitive data unencrypted,llm_paraphrase,S0247,Resident data is stored on USB sticks that are not encrypted.,False
P01472,Resident data on USB sticks is not secure if encryption is not applied.,0,NON_COMPLIANT,DSPT9_ITProtection,DSPT,sensitive data unencrypted,llm_paraphrase,S0247,Resident data is stored on USB sticks that are not encrypted.,False
P01473,Storage of resident data on USB sticks is non-compliant unless encryption is applied.,0,NON_COMPLIANT,DSPT9_ITProtection,DSPT,sensitive data unencrypted,llm_paraphrase,S0247,Resident data is stored on USB sticks that are not encrypted.,False
P01474,Care records must be emailed with encryption,0,NON_COMPLIANT,DSPT9_ITProtection,DSPT,sensitive data unencrypted,llm_paraphrase,S0248,Care records are emailed without any encryption.,False
P01475,Emailed care records are not secure without encryption,0,NON_COMPLIANT,DSPT9_ITProtection,DSPT,sensitive data unencrypted,llm_paraphrase,S0248,Care records are emailed without any encryption.,False
P01476,Failure to encrypt care records when emailing is unacceptable,0,NON_COMPLIANT,DSPT9_ITProtection,DSPT,sensitive data unencrypted,llm_paraphrase,S0248,Care records are emailed without any encryption.,False
P01477,E-mailed care records must include encryption,0,NON_COMPLIANT,DSPT9_ITProtection,DSPT,sensitive data unencrypted,llm_paraphrase,S0248,Care records are emailed without any encryption.,False
P01478,All care records emailed must be encrypted,0,NON_COMPLIANT,DSPT9_ITProtection,DSPT,sensitive data unencrypted,llm_paraphrase,S0248,Care records are emailed without any encryption.,False
P01479,Emailed care records must have encryption applied,0,NON_COMPLIANT,DSPT9_ITProtection,DSPT,sensitive data unencrypted,llm_paraphrase,S0248,Care records are emailed without any encryption.,False
P01480,Laptops storing personal data are not securely encrypted.,0,NON_COMPLIANT,DSPT9_ITProtection,DSPT,sensitive data unencrypted,llm_paraphrase,S0249,Laptops holding personal data are not encrypted.,False
P01481,The storage of personal data on unencrypted laptops is not compliant.,0,NON_COMPLIANT,DSPT9_ITProtection,DSPT,sensitive data unencrypted,llm_paraphrase,S0249,Laptops holding personal data are not encrypted.,False
P01482,Encryption of personal data on laptops is required.,0,NON_COMPLIANT,DSPT9_ITProtection,DSPT,sensitive data unencrypted,llm_paraphrase,S0249,Laptops holding personal data are not encrypted.,False
P01483,It is essential that laptops containing personal data are encrypted.,0,NON_COMPLIANT,DSPT9_ITProtection,DSPT,sensitive data unencrypted,llm_paraphrase,S0249,Laptops holding personal data are not encrypted.,False
P01484,Laptops holding personal data are not encrypted as per policy.,0,NON_COMPLIANT,DSPT9_ITProtection,DSPT,sensitive data unencrypted,llm_paraphrase,S0249,Laptops holding personal data are not encrypted.,False
P01485,Laptops used to store personal data must be fully encrypted.,0,NON_COMPLIANT,DSPT9_ITProtection,DSPT,sensitive data unencrypted,llm_paraphrase,S0249,Laptops holding personal data are not encrypted.,False
P01486,We have no formalised plan in place to safeguard our IT systems against cyber attacks.,0,NON_COMPLIANT,DSPT9_ITProtection,DSPT,no cyber security strategy,llm_paraphrase,S0250,There is no strategy for protecting our IT systems from cyber threats.,False
P01487,Our IT systems are not adequately protected from cyber threats due to lack of a security strategy.,0,NON_COMPLIANT,DSPT9_ITProtection,DSPT,no cyber security strategy,llm_paraphrase,S0250,There is no strategy for protecting our IT systems from cyber threats.,False
P01488,The absence of a robust cyber threat strategy puts our IT systems at risk.,0,NON_COMPLIANT,DSPT9_ITProtection,DSPT,no cyber security strategy,llm_paraphrase,S0250,There is no strategy for protecting our IT systems from cyber threats.,False
P01489,No comprehensive plan exists to prevent cyber threats from compromising our IT systems.,0,NON_COMPLIANT,DSPT9_ITProtection,DSPT,no cyber security strategy,llm_paraphrase,S0250,There is no strategy for protecting our IT systems from cyber threats.,False
P01490,We do not currently have a documented plan to safeguard our IT systems from cyber threats.,0,NON_COMPLIANT,DSPT9_ITProtection,DSPT,no cyber security strategy,llm_paraphrase,S0250,There is no strategy for protecting our IT systems from cyber threats.,False
P01491,Our IT systems are not adequately protected due to the absence of a formalised security strategy.,0,NON_COMPLIANT,DSPT9_ITProtection,DSPT,no cyber security strategy,llm_paraphrase,S0250,There is no strategy for protecting our IT systems from cyber threats.,False
P01492,We do not adhere to any established cybersecurity guidelines or framework.,0,NON_COMPLIANT,DSPT9_ITProtection,DSPT,no recognised framework followed,llm_paraphrase,S0251,We do not follow any recognised cyber security framework.,False
P01493,No recognised cybersecurity framework is followed.,0,NON_COMPLIANT,DSPT9_ITProtection,DSPT,no recognised framework followed,llm_paraphrase,S0251,We do not follow any recognised cyber security framework.,False
P01494,Cybersecurity best practices are not implemented.,0,NON_COMPLIANT,DSPT9_ITProtection,DSPT,no recognised framework followed,llm_paraphrase,S0251,We do not follow any recognised cyber security framework.,False
P01495,Our processes do not align with recognised cyber security frameworks.,0,NON_COMPLIANT,DSPT9_ITProtection,DSPT,no recognised framework followed,llm_paraphrase,S0251,We do not follow any recognised cyber security framework.,False
P01496,We do not use any established cybersecurity framework in our operations.,0,NON_COMPLIANT,DSPT9_ITProtection,DSPT,no recognised framework followed,llm_paraphrase,S0251,We do not follow any recognised cyber security framework.,False
P01497,No recognised cybersecurity framework is used in our care home.,0,NON_COMPLIANT,DSPT9_ITProtection,DSPT,no recognised framework followed,llm_paraphrase,S0251,We do not follow any recognised cyber security framework.,False
P01498,The home has not fulfilled its Data Security and Protection Toolkit obligations this year.,0,NON_COMPLIANT,DSPT9_ITProtection,DSPT,DSPT not submitted / standards not met,llm_paraphrase,S0252,The home has not completed its Data Security and Protection Toolkit this year.,False
P01499,We have not completed the Data Security and Protection Toolkit as required.,0,NON_COMPLIANT,DSPT9_ITProtection,DSPT,DSPT not submitted / standards not met,llm_paraphrase,S0252,The home has not completed its Data Security and Protection Toolkit this year.,False
P01500,This year's Data Security and Protection Toolkit completion is still pending.,0,NON_COMPLIANT,DSPT9_ITProtection,DSPT,DSPT not submitted / standards not met,llm_paraphrase,S0252,The home has not completed its Data Security and Protection Toolkit this year.,False
P01501,The Data Security and Protection Toolkit has not been fully implemented this year.,0,NON_COMPLIANT,DSPT9_ITProtection,DSPT,DSPT not submitted / standards not met,llm_paraphrase,S0252,The home has not completed its Data Security and Protection Toolkit this year.,False
P01502,Our Data Security and Protection Toolkit update is behind schedule for this year.,0,NON_COMPLIANT,DSPT9_ITProtection,DSPT,DSPT not submitted / standards not met,llm_paraphrase,S0252,The home has not completed its Data Security and Protection Toolkit this year.,False
P01503,The Data Security and Protection Toolkit was not completed by the end of the year.,0,NON_COMPLIANT,DSPT9_ITProtection,DSPT,DSPT not submitted / standards not met,llm_paraphrase,S0252,The home has not completed its Data Security and Protection Toolkit this year.,False
P01504,Our latest DSPT submission fell short of the required standards,0,NON_COMPLIANT,DSPT9_ITProtection,DSPT,DSPT not submitted / standards not met,llm_paraphrase,S0253,Our last DSPT submission did not meet the required standards.,False
P01505,The recent DSPT submission did not meet the specified requirements,0,NON_COMPLIANT,DSPT9_ITProtection,DSPT,DSPT not submitted / standards not met,llm_paraphrase,S0253,Our last DSPT submission did not meet the required standards.,False
P01506,The care home's DSPT submission failed to meet the set standards,0,NON_COMPLIANT,DSPT9_ITProtection,DSPT,DSPT not submitted / standards not met,llm_paraphrase,S0253,Our last DSPT submission did not meet the required standards.,False
P01507,The DSPT report did not comply with the required standards,0,NON_COMPLIANT,DSPT9_ITProtection,DSPT,DSPT not submitted / standards not met,llm_paraphrase,S0253,Our last DSPT submission did not meet the required standards.,False
P01508,Our submission of the DSPT report was not in line with the expected standards,0,NON_COMPLIANT,DSPT9_ITProtection,DSPT,DSPT not submitted / standards not met,llm_paraphrase,S0253,Our last DSPT submission did not meet the required standards.,False
P01509,The DSPT report did not meet the regulatory requirements,0,NON_COMPLIANT,DSPT9_ITProtection,DSPT,DSPT not submitted / standards not met,llm_paraphrase,S0253,Our last DSPT submission did not meet the required standards.,False
P01510,IT security arrangements have not been reviewed in a compliant timeframe,0,NON_COMPLIANT,DSPT9_ITProtection,DSPT,protections never reviewed,llm_paraphrase,S0254,IT security arrangements have not been reviewed for several years.,False
P01511,The IT security review process has not been completed within the required timeframe,0,NON_COMPLIANT,DSPT9_ITProtection,DSPT,protections never reviewed,llm_paraphrase,S0254,IT security arrangements have not been reviewed for several years.,False
P01512,We have not recently conducted a thorough review of our IT security arrangements as stipulated,0,NON_COMPLIANT,DSPT9_ITProtection,DSPT,protections never reviewed,llm_paraphrase,S0254,IT security arrangements have not been reviewed for several years.,False
P01513,Our IT security arrangements have not been subjected to a formal review in line with regulatory requirements,0,NON_COMPLIANT,DSPT9_ITProtection,DSPT,protections never reviewed,llm_paraphrase,S0254,IT security arrangements have not been reviewed for several years.,False
P01514,"The IT security review process has been neglected, exceeding the prescribed timeframe for its completion",0,NON_COMPLIANT,DSPT9_ITProtection,DSPT,protections never reviewed,llm_paraphrase,S0254,IT security arrangements have not been reviewed for several years.,False
P01515,"Compliance with IT security review requirements has lapsed, with a review overdue for several years",0,NON_COMPLIANT,DSPT9_ITProtection,DSPT,protections never reviewed,llm_paraphrase,S0254,IT security arrangements have not been reviewed for several years.,False
P01516,Data processing agreements are in place with all IT suppliers as per our contractual requirements.,1,COMPLIANT,DSPT10_Suppliers,DSPT,data processing agreements in place with suppliers,llm_paraphrase,S0255,Data processing agreements are in place with all our IT suppliers.,False
P01517,All IT suppliers have signed a data processing agreement as part of our contractual obligations.,1,COMPLIANT,DSPT10_Suppliers,DSPT,data processing agreements in place with suppliers,llm_paraphrase,S0255,Data processing agreements are in place with all our IT suppliers.,False
P01518,"The company has a data processing agreement with each IT supplier, in line with our contractual specifications.",1,COMPLIANT,DSPT10_Suppliers,DSPT,data processing agreements in place with suppliers,llm_paraphrase,S0255,Data processing agreements are in place with all our IT suppliers.,False
P01519,"We maintain data processing agreements with all IT suppliers, as stipulated in our contracts.",1,COMPLIANT,DSPT10_Suppliers,DSPT,data processing agreements in place with suppliers,llm_paraphrase,S0255,Data processing agreements are in place with all our IT suppliers.,False
P01520,"All IT suppliers have a valid data processing agreement, adhering to our company's contractual terms.",1,COMPLIANT,DSPT10_Suppliers,DSPT,data processing agreements in place with suppliers,llm_paraphrase,S0255,Data processing agreements are in place with all our IT suppliers.,False
P01521,Our data processing agreements with IT suppliers are up-to-date and compliant with our contractual obligations.,1,COMPLIANT,DSPT10_Suppliers,DSPT,data processing agreements in place with suppliers,llm_paraphrase,S0255,Data processing agreements are in place with all our IT suppliers.,False
P01522,All suppliers processing resident data must complete and return a formal data handling agreement,1,COMPLIANT,DSPT10_Suppliers,DSPT,data processing agreements in place with suppliers,llm_paraphrase,S0256,Every supplier handling resident data has signed a processing agreement.,False
P01523,Residents' personal data is only processed by approved suppliers who have signed a data processing agreement,1,COMPLIANT,DSPT10_Suppliers,DSPT,data processing agreements in place with suppliers,llm_paraphrase,S0256,Every supplier handling resident data has signed a processing agreement.,False
P01524,Suppliers handling resident data are required to sign a formal data processing agreement before data transfer,1,COMPLIANT,DSPT10_Suppliers,DSPT,data processing agreements in place with suppliers,llm_paraphrase,S0256,Every supplier handling resident data has signed a processing agreement.,False
P01525,All suppliers engaged with our care home must sign a data handling agreement prior to data access,1,COMPLIANT,DSPT10_Suppliers,DSPT,data processing agreements in place with suppliers,llm_paraphrase,S0256,Every supplier handling resident data has signed a processing agreement.,False
P01526,Data processing agreements for resident information are mandatory with all suppliers involved,1,COMPLIANT,DSPT10_Suppliers,DSPT,data processing agreements in place with suppliers,llm_paraphrase,S0256,Every supplier handling resident data has signed a processing agreement.,False
P01527,Suppliers processing resident data must submit a completed data handling agreement for audit purposes,1,COMPLIANT,DSPT10_Suppliers,DSPT,data processing agreements in place with suppliers,llm_paraphrase,S0256,Every supplier handling resident data has signed a processing agreement.,False
P01528,Our contracts specify that suppliers must protect personal data during processing.,1,COMPLIANT,DSPT10_Suppliers,DSPT,supplier contracts include data security requirements,llm_paraphrase,S0257,Our contracts require suppliers to protect the personal data they process.,False
P01529,Suppliers must ensure personal data processed is safeguarded in accordance with our contractual requirements.,1,COMPLIANT,DSPT10_Suppliers,DSPT,supplier contracts include data security requirements,llm_paraphrase,S0257,Our contracts require suppliers to protect the personal data they process.,False
P01530,Protecting personal data during processing is a contractual obligation for all supplier partners.,1,COMPLIANT,DSPT10_Suppliers,DSPT,supplier contracts include data security requirements,llm_paraphrase,S0257,Our contracts require suppliers to protect the personal data they process.,False
P01531,Our contracts stipulate that suppliers must maintain the security of personal data while processing.,1,COMPLIANT,DSPT10_Suppliers,DSPT,supplier contracts include data security requirements,llm_paraphrase,S0257,Our contracts require suppliers to protect the personal data they process.,False
P01532,Contractual obligations require suppliers to secure personal data during processing.,1,COMPLIANT,DSPT10_Suppliers,DSPT,supplier contracts include data security requirements,llm_paraphrase,S0257,Our contracts require suppliers to protect the personal data they process.,False
P01533,Suppliers must comply with our contracts by protecting personal data during processing.,1,COMPLIANT,DSPT10_Suppliers,DSPT,supplier contracts include data security requirements,llm_paraphrase,S0257,Our contracts require suppliers to protect the personal data they process.,False
P01534,Data security obligations are explicitly stated in all supplier contracts to ensure compliance,1,COMPLIANT,DSPT10_Suppliers,DSPT,supplier contracts include data security requirements,llm_paraphrase,S0258,Data security obligations are written into our supplier contracts.,False
P01535,Supplier contracts must include data security provisions,1,COMPLIANT,DSPT10_Suppliers,DSPT,supplier contracts include data security requirements,llm_paraphrase,S0258,Data security obligations are written into our supplier contracts.,False
P01536,Data security obligations are mandatory in all contractual agreements with suppliers,1,COMPLIANT,DSPT10_Suppliers,DSPT,supplier contracts include data security requirements,llm_paraphrase,S0258,Data security obligations are written into our supplier contracts.,False
P01537,All supplier contracts are required to contain data security provisions,1,COMPLIANT,DSPT10_Suppliers,DSPT,supplier contracts include data security requirements,llm_paraphrase,S0258,Data security obligations are written into our supplier contracts.,False
P01538,Data security is a contractual requirement for all suppliers,1,COMPLIANT,DSPT10_Suppliers,DSPT,supplier contracts include data security requirements,llm_paraphrase,S0258,Data security obligations are written into our supplier contracts.,False
P01539,Contractual agreements with suppliers must include data security obligations,1,COMPLIANT,DSPT10_Suppliers,DSPT,supplier contracts include data security requirements,llm_paraphrase,S0258,Data security obligations are written into our supplier contracts.,False
P01540,Suppliers must comply with national data security standards as per the contract,1,COMPLIANT,DSPT10_Suppliers,DSPT,suppliers held accountable for NDG standards,llm_paraphrase,S0259,Suppliers are contractually required to meet the national data security standards.,False
P01541,All suppliers must adhere to the national data security standards outlined in the agreement,1,COMPLIANT,DSPT10_Suppliers,DSPT,suppliers held accountable for NDG standards,llm_paraphrase,S0259,Suppliers are contractually required to meet the national data security standards.,False
P01542,It is essential that suppliers meet the national data security standards stipulated in the contract,1,COMPLIANT,DSPT10_Suppliers,DSPT,suppliers held accountable for NDG standards,llm_paraphrase,S0259,Suppliers are contractually required to meet the national data security standards.,False
P01543,The national data security standards as specified in the contract must be followed by suppliers,1,COMPLIANT,DSPT10_Suppliers,DSPT,suppliers held accountable for NDG standards,llm_paraphrase,S0259,Suppliers are contractually required to meet the national data security standards.,False
P01544,Suppliers are bound by the national data security standards as outlined in the contract,1,COMPLIANT,DSPT10_Suppliers,DSPT,suppliers held accountable for NDG standards,llm_paraphrase,S0259,Suppliers are contractually required to meet the national data security standards.,False
P01545,National data security standards stipulated in the contract must be implemented by suppliers,1,COMPLIANT,DSPT10_Suppliers,DSPT,suppliers held accountable for NDG standards,llm_paraphrase,S0259,Suppliers are contractually required to meet the national data security standards.,False
P01546,We verify that our care system provider upholds DSPT compliance standards.,1,COMPLIANT,DSPT10_Suppliers,DSPT,supplier compliance monitored,llm_paraphrase,S0260,We check that our care system provider maintains its own DSPT compliance.,False
P01547,Our care system provider must adhere to DSPT compliance requirements.,1,COMPLIANT,DSPT10_Suppliers,DSPT,supplier compliance monitored,llm_paraphrase,S0260,We check that our care system provider maintains its own DSPT compliance.,False
P01548,We confirm our care system provider meets DSPT compliance standards.,1,COMPLIANT,DSPT10_Suppliers,DSPT,supplier compliance monitored,llm_paraphrase,S0260,We check that our care system provider maintains its own DSPT compliance.,False
P01549,It is mandatory that our care system provider maintains DSPT compliance.,1,COMPLIANT,DSPT10_Suppliers,DSPT,supplier compliance monitored,llm_paraphrase,S0260,We check that our care system provider maintains its own DSPT compliance.,False
P01550,We ensure our care system provider complies with DSPT standards.,1,COMPLIANT,DSPT10_Suppliers,DSPT,supplier compliance monitored,llm_paraphrase,S0260,We check that our care system provider maintains its own DSPT compliance.,False
P01551,Our care system provider is required to meet DSPT compliance standards.,1,COMPLIANT,DSPT10_Suppliers,DSPT,supplier compliance monitored,llm_paraphrase,S0260,We check that our care system provider maintains its own DSPT compliance.,False
P01552,No data processing agreements have been formally obtained from our software suppliers.,0,NON_COMPLIANT,DSPT10_Suppliers,DSPT,no data processing agreements with suppliers,llm_paraphrase,S0261,No data processing agreements have been signed with our software suppliers.,False
P01553,All data processing agreements with software suppliers remain uninitiated.,0,NON_COMPLIANT,DSPT10_Suppliers,DSPT,no data processing agreements with suppliers,llm_paraphrase,S0261,No data processing agreements have been signed with our software suppliers.,False
P01554,Our software suppliers have not yet been provided with a valid data processing agreement.,0,NON_COMPLIANT,DSPT10_Suppliers,DSPT,no data processing agreements with suppliers,llm_paraphrase,S0261,No data processing agreements have been signed with our software suppliers.,False
P01555,No formal data processing agreement has been executed with our software suppliers.,0,NON_COMPLIANT,DSPT10_Suppliers,DSPT,no data processing agreements with suppliers,llm_paraphrase,S0261,No data processing agreements have been signed with our software suppliers.,False
P01556,We have not yet established a signed data processing agreement with our software suppliers.,0,NON_COMPLIANT,DSPT10_Suppliers,DSPT,no data processing agreements with suppliers,llm_paraphrase,S0261,No data processing agreements have been signed with our software suppliers.,False
P01557,No data processing agreement has been ratified or signed with our software suppliers.,0,NON_COMPLIANT,DSPT10_Suppliers,DSPT,no data processing agreements with suppliers,llm_paraphrase,S0261,No data processing agreements have been signed with our software suppliers.,False
P01558,Our IT provider has unauthorised access to resident data,0,NON_COMPLIANT,DSPT10_Suppliers,DSPT,no data processing agreements with suppliers,llm_paraphrase,S0262,Our IT provider has access to resident data with no written agreement in place.,False
P01559,No written agreement exists for IT provider access to resident data,0,NON_COMPLIANT,DSPT10_Suppliers,DSPT,no data processing agreements with suppliers,llm_paraphrase,S0262,Our IT provider has access to resident data with no written agreement in place.,False
P01560,Unsolicited access to resident data is granted to our IT provider,0,NON_COMPLIANT,DSPT10_Suppliers,DSPT,no data processing agreements with suppliers,llm_paraphrase,S0262,Our IT provider has access to resident data with no written agreement in place.,False
P01561,There is no documented agreement for our IT provider to access resident data,0,NON_COMPLIANT,DSPT10_Suppliers,DSPT,no data processing agreements with suppliers,llm_paraphrase,S0262,Our IT provider has access to resident data with no written agreement in place.,False
P01562,Our IT provider accesses resident data without a formal agreement in place,0,NON_COMPLIANT,DSPT10_Suppliers,DSPT,no data processing agreements with suppliers,llm_paraphrase,S0262,Our IT provider has access to resident data with no written agreement in place.,False
P01563,No formal agreement governs our IT provider's access to resident data,0,NON_COMPLIANT,DSPT10_Suppliers,DSPT,no data processing agreements with suppliers,llm_paraphrase,S0262,Our IT provider has access to resident data with no written agreement in place.,False
P01564,Supplier contracts fail to include any mention of data security.,0,NON_COMPLIANT,DSPT10_Suppliers,DSPT,supplier contracts silent on data security,llm_paraphrase,S0263,Supplier contracts do not mention data security at all.,False
P01565,Data security is not included in supplier contracts.,0,NON_COMPLIANT,DSPT10_Suppliers,DSPT,supplier contracts silent on data security,llm_paraphrase,S0263,Supplier contracts do not mention data security at all.,False
P01566,No data security protocols are specified in supplier contracts.,0,NON_COMPLIANT,DSPT10_Suppliers,DSPT,supplier contracts silent on data security,llm_paraphrase,S0263,Supplier contracts do not mention data security at all.,False
P01567,"Contrary to policy, supplier contracts do not address data security.",0,NON_COMPLIANT,DSPT10_Suppliers,DSPT,supplier contracts silent on data security,llm_paraphrase,S0263,Supplier contracts do not mention data security at all.,False
P01568,The absence of data security provisions in supplier contracts is a regulatory concern.,0,NON_COMPLIANT,DSPT10_Suppliers,DSPT,supplier contracts silent on data security,llm_paraphrase,S0263,Supplier contracts do not mention data security at all.,False
P01569,Supplier contracts inadequately address data security requirements.,0,NON_COMPLIANT,DSPT10_Suppliers,DSPT,supplier contracts silent on data security,llm_paraphrase,S0263,Supplier contracts do not mention data security at all.,False
P01570,Data protection provision is absent from our care system provider contract.,0,NON_COMPLIANT,DSPT10_Suppliers,DSPT,supplier contracts silent on data security,llm_paraphrase,S0264,The contract with our care system provider says nothing about protecting data.,False
P01571,The contract lacks explicit safeguarding of resident data.,0,NON_COMPLIANT,DSPT10_Suppliers,DSPT,supplier contracts silent on data security,llm_paraphrase,S0264,The contract with our care system provider says nothing about protecting data.,False
P01572,Our care system provider contract does not meet the required data protection standards.,0,NON_COMPLIANT,DSPT10_Suppliers,DSPT,supplier contracts silent on data security,llm_paraphrase,S0264,The contract with our care system provider says nothing about protecting data.,False
P01573,No provision is made in the contract for protecting resident data.,0,NON_COMPLIANT,DSPT10_Suppliers,DSPT,supplier contracts silent on data security,llm_paraphrase,S0264,The contract with our care system provider says nothing about protecting data.,False
P01574,The contract does not include any provisions for data protection of our care residents.,0,NON_COMPLIANT,DSPT10_Suppliers,DSPT,supplier contracts silent on data security,llm_paraphrase,S0264,The contract with our care system provider says nothing about protecting data.,False
P01575,Data protection is not explicitly stated in our contract with the care system provider.,0,NON_COMPLIANT,DSPT10_Suppliers,DSPT,supplier contracts silent on data security,llm_paraphrase,S0264,The contract with our care system provider says nothing about protecting data.,False
P01576,Non-compliance: Third parties were given access to resident records without a formal agreement.,0,NON_COMPLIANT,DSPT10_Suppliers,DSPT,suppliers given access with no accountability,llm_paraphrase,S0265,Third parties were given access to resident records without any contract.,False
P01577,Inadequate governance: Unauthorised third party access to resident records occurred.,0,NON_COMPLIANT,DSPT10_Suppliers,DSPT,suppliers given access with no accountability,llm_paraphrase,S0265,Third parties were given access to resident records without any contract.,False
P01578,Contravention of policy: Resident records were disclosed to third parties without a valid contract.,0,NON_COMPLIANT,DSPT10_Suppliers,DSPT,suppliers given access with no accountability,llm_paraphrase,S0265,Third parties were given access to resident records without any contract.,False
P01579,Regulatory breach: Resident records were shared with uncontracted third parties.,0,NON_COMPLIANT,DSPT10_Suppliers,DSPT,suppliers given access with no accountability,llm_paraphrase,S0265,Third parties were given access to resident records without any contract.,False
P01580,Non-adherence to protocol: Third party access to resident records was permitted without a formal contract.,0,NON_COMPLIANT,DSPT10_Suppliers,DSPT,suppliers given access with no accountability,llm_paraphrase,S0265,Third parties were given access to resident records without any contract.,False
P01581,Failure to comply with protocol: Resident records were made available to third parties without a contract.,0,NON_COMPLIANT,DSPT10_Suppliers,DSPT,suppliers given access with no accountability,llm_paraphrase,S0265,Third parties were given access to resident records without any contract.,False
P01582,Our suppliers' data security standards have not been verified.,0,NON_COMPLIANT,DSPT10_Suppliers,DSPT,supplier compliance never checked,llm_paraphrase,S0266,We have never checked whether our suppliers meet any data security standards.,False
P01583,Data security compliance of suppliers remains unverified.,0,NON_COMPLIANT,DSPT10_Suppliers,DSPT,supplier compliance never checked,llm_paraphrase,S0266,We have never checked whether our suppliers meet any data security standards.,False
P01584,We have not conducted audits on suppliers' data security standards.,0,NON_COMPLIANT,DSPT10_Suppliers,DSPT,supplier compliance never checked,llm_paraphrase,S0266,We have never checked whether our suppliers meet any data security standards.,False
P01585,Supplier data security standards have not been reviewed.,0,NON_COMPLIANT,DSPT10_Suppliers,DSPT,supplier compliance never checked,llm_paraphrase,S0266,We have never checked whether our suppliers meet any data security standards.,False
P01586,There is no verification that our suppliers meet data security standards.,0,NON_COMPLIANT,DSPT10_Suppliers,DSPT,supplier compliance never checked,llm_paraphrase,S0266,We have never checked whether our suppliers meet any data security standards.,False
P01587,Supplier data security compliance has not been checked.,0,NON_COMPLIANT,DSPT10_Suppliers,DSPT,supplier compliance never checked,llm_paraphrase,S0266,We have never checked whether our suppliers meet any data security standards.,False
