id,sentence_text,label,label_text,control,framework,criterion,source,seed_id,seed_text,validated,split
S0001,A boundary firewall is in place between our internal network and the internet.,1,COMPLIANT,CE1_Firewalls,Cyber Essentials,boundary firewall in place and configured,ce_definition,S0001,A boundary firewall is in place between our internal network and the internet.,True,train
S0002,The office router's firewall is configured and active on all connections.,1,COMPLIANT,CE1_Firewalls,Cyber Essentials,boundary firewall in place and configured,ce_definition,S0002,The office router's firewall is configured and active on all connections.,True,train
S0004,"Software firewalls are switched on for all staff devices, including those used off-site.",1,COMPLIANT,CE1_Firewalls,Cyber Essentials,host/software firewalls enabled on devices,ce_definition,S0004,"Software firewalls are switched on for all staff devices, including those used off-site.",True,train
S0005,The default password on our router was changed when it was installed.,1,COMPLIANT,CE1_Firewalls,Cyber Essentials,default router/firewall passwords changed,ce_definition,S0005,The default password on our router was changed when it was installed.,True,train
S0006,"We replaced the manufacturer's password on the firewall with a strong, unique one.",1,COMPLIANT,CE1_Firewalls,Cyber Essentials,default router/firewall passwords changed,ce_definition,S0006,"We replaced the manufacturer's password on the firewall with a strong, unique one.",True,train
S0007,Inbound connections are blocked by default unless specifically approved.,1,COMPLIANT,CE1_Firewalls,Cyber Essentials,inbound connections blocked by default,ce_definition,S0007,Inbound connections are blocked by default unless specifically approved.,True,train
S0008,Unapproved incoming traffic is denied at the network boundary.,1,COMPLIANT,CE1_Firewalls,Cyber Essentials,inbound connections blocked by default,ce_definition,S0008,Unapproved incoming traffic is denied at the network boundary.,True,train
S0009,Firewall rules are reviewed by our IT provider every six months.,1,COMPLIANT,CE1_Firewalls,Cyber Essentials,firewall rules reviewed periodically,ce_definition,S0009,Firewall rules are reviewed by our IT provider every six months.,True,train
S0011,The firewall's administrative interface is not accessible from the internet.,1,COMPLIANT,CE1_Firewalls,Cyber Essentials,admin interface protected / not internet-facing,ce_definition,S0011,The firewall's administrative interface is not accessible from the internet.,True,train
S0014,Unused ports on the network equipment have been disabled.,1,COMPLIANT,CE1_Firewalls,Cyber Essentials,inbound connections blocked by default,ce_definition,S0014,Unused ports on the network equipment have been disabled.,True,train
S0015,There is no firewall protecting the home's network from the internet.,0,NON_COMPLIANT,CE1_Firewalls,Cyber Essentials,no firewall at the network boundary,ce_definition,S0015,There is no firewall protecting the home's network from the internet.,True,train
S0016,The broadband router was installed without any firewall configuration.,0,NON_COMPLIANT,CE1_Firewalls,Cyber Essentials,no firewall at the network boundary,cqc_style,S0016,The broadband router was installed without any firewall configuration.,True,train
S0017,Software firewalls have been turned off on several office computers.,0,NON_COMPLIANT,CE1_Firewalls,Cyber Essentials,firewalls disabled or absent on devices,ce_definition,S0017,Software firewalls have been turned off on several office computers.,True,train
S0019,The router is still using the default password printed on the label.,0,NON_COMPLIANT,CE1_Firewalls,Cyber Essentials,default router/firewall passwords still in use,ce_definition,S0019,The router is still using the default password printed on the label.,True,train
S0020,Nobody changed the manufacturer's password when the firewall was set up.,0,NON_COMPLIANT,CE1_Firewalls,Cyber Essentials,default router/firewall passwords still in use,cqc_style,S0020,Nobody changed the manufacturer's password when the firewall was set up.,True,train
S0021,Incoming connections from the internet are not restricted.,0,NON_COMPLIANT,CE1_Firewalls,Cyber Essentials,inbound connections open or unrestricted,ce_definition,S0021,Incoming connections from the internet are not restricted.,True,train
S0022,The firewall allows all inbound traffic through by default.,0,NON_COMPLIANT,CE1_Firewalls,Cyber Essentials,inbound connections open or unrestricted,ce_definition,S0022,The firewall allows all inbound traffic through by default.,True,train
S0023,The firewall settings have not been reviewed since the system was installed.,0,NON_COMPLIANT,CE1_Firewalls,Cyber Essentials,firewall never reviewed or configured,cqc_style,S0023,The firewall settings have not been reviewed since the system was installed.,True,train
S0025,The router's admin console can be reached from the internet without protection.,0,NON_COMPLIANT,CE1_Firewalls,Cyber Essentials,admin console exposed to internet without protection,ce_definition,S0025,The router's admin console can be reached from the internet without protection.,True,train
S0027,All ports on the router were left open when the network was set up.,0,NON_COMPLIANT,CE1_Firewalls,Cyber Essentials,inbound connections open or unrestricted,ce_definition,S0027,All ports on the router were left open when the network was set up.,True,train
S0029,Default passwords are changed on every new device before staff use it.,1,COMPLIANT,CE2_SecureConfig,Cyber Essentials,default passwords changed before deployment,ce_definition,S0029,Default passwords are changed on every new device before staff use it.,True,train
S0031,Software that is not needed for care delivery has been removed from our computers.,1,COMPLIANT,CE2_SecureConfig,Cyber Essentials,unnecessary software removed or disabled,ce_definition,S0031,Software that is not needed for care delivery has been removed from our computers.,True,train
S0032,We uninstall any applications that are not required for staff to do their jobs.,1,COMPLIANT,CE2_SecureConfig,Cyber Essentials,unnecessary software removed or disabled,ce_definition,S0032,We uninstall any applications that are not required for staff to do their jobs.,True,train
S0034,Dormant accounts are identified and closed during our quarterly account review.,1,COMPLIANT,CE2_SecureConfig,Cyber Essentials,unused user accounts disabled/removed,ce_definition,S0034,Dormant accounts are identified and closed during our quarterly account review.,True,train
S0035,Auto-run is disabled so USB sticks cannot launch programs automatically.,1,COMPLIANT,CE2_SecureConfig,Cyber Essentials,auto-run/auto-play disabled,ce_definition,S0035,Auto-run is disabled so USB sticks cannot launch programs automatically.,True,train
S0036,Removable media does not run automatically when plugged into our machines.,1,COMPLIANT,CE2_SecureConfig,Cyber Essentials,auto-run/auto-play disabled,ce_definition,S0036,Removable media does not run automatically when plugged into our machines.,True,train
S0037,Devices are configured to our security baseline before being issued to staff.,1,COMPLIANT,CE2_SecureConfig,Cyber Essentials,devices hardened from default settings,ce_definition,S0037,Devices are configured to our security baseline before being issued to staff.,True,train
S0040,An up-to-date asset register lists every device and application in use.,1,COMPLIANT,CE2_SecureConfig,Cyber Essentials,a software/asset inventory maintained,ce_definition,S0040,An up-to-date asset register lists every device and application in use.,True,train
S0041,Devices are still using the default passwords they came with.,0,NON_COMPLIANT,CE2_SecureConfig,Cyber Essentials,default/manufacturer passwords unchanged,ce_definition,S0041,Devices are still using the default passwords they came with.,True,train
S0042,The care records tablet has never had its factory password changed.,0,NON_COMPLIANT,CE2_SecureConfig,Cyber Essentials,default/manufacturer passwords unchanged,cqc_style,S0042,The care records tablet has never had its factory password changed.,True,train
S0043,Staff install software on work computers without asking anyone first.,0,NON_COMPLIANT,CE2_SecureConfig,Cyber Essentials,unnecessary or unknown software left installed,ce_definition,S0043,Staff install software on work computers without asking anyone first.,True,train
S0044,Several computers have games and personal applications installed on them.,0,NON_COMPLIANT,CE2_SecureConfig,Cyber Essentials,unnecessary or unknown software left installed,cqc_style,S0044,Several computers have games and personal applications installed on them.,True,train
S0045,Accounts for staff who left months ago are still active on the system.,0,NON_COMPLIANT,CE2_SecureConfig,Cyber Essentials,dormant or unused accounts left active,ce_definition,S0045,Accounts for staff who left months ago are still active on the system.,True,train
S0048,Auto-run has not been turned off on the office computers.,0,NON_COMPLIANT,CE2_SecureConfig,Cyber Essentials,auto-run left enabled on removable media,ce_definition,S0048,Auto-run has not been turned off on the office computers.,True,train
S0049,"Computers are used exactly as they arrived, with no security settings applied.",0,NON_COMPLIANT,CE2_SecureConfig,Cyber Essentials,devices left on out-of-the-box settings,ce_definition,S0049,"Computers are used exactly as they arrived, with no security settings applied.",True,train
S0052,The provider could not say how many devices were in use across the service.,0,NON_COMPLIANT,CE2_SecureConfig,Cyber Essentials,no inventory of installed software,cqc_style,S0052,The provider could not say how many devices were in use across the service.,True,train
S0053,Critical security updates are applied within fourteen days of release.,1,COMPLIANT,CE3_Patching,Cyber Essentials,security updates applied promptly / within 14 days,ce_definition,S0053,Critical security updates are applied within fourteen days of release.,True,train
S0055,Automatic updates are switched on across all our computers and tablets.,1,COMPLIANT,CE3_Patching,Cyber Essentials,automatic updates enabled,ce_definition,S0055,Automatic updates are switched on across all our computers and tablets.,True,train
S0057,All software we use is still supported and receives security updates.,1,COMPLIANT,CE3_Patching,Cyber Essentials,only supported/maintained software in use,ce_definition,S0057,All software we use is still supported and receives security updates.,True,train
S0058,We check that our applications remain within the vendor's support period.,1,COMPLIANT,CE3_Patching,Cyber Essentials,only supported/maintained software in use,ce_definition,S0058,We check that our applications remain within the vendor's support period.,True,train
S0059,Operating systems across the home are kept current with the latest updates.,1,COMPLIANT,CE3_Patching,Cyber Essentials,operating systems kept current,ce_definition,S0059,Operating systems across the home are kept current with the latest updates.,True,train
S0060,Our IT provider monitors patch status and reports on it monthly.,1,COMPLIANT,CE3_Patching,Cyber Essentials,patch status tracked/monitored,ce_definition,S0060,Our IT provider monitors patch status and reports on it monthly.,True,train
S0062,Equipment that can no longer be updated is replaced rather than kept in use.,1,COMPLIANT,CE3_Patching,Cyber Essentials,unsupported items removed or replaced,ce_definition,S0062,Equipment that can no longer be updated is replaced rather than kept in use.,True,train
S0065,Automatic updates have been turned off because staff found them disruptive.,0,NON_COMPLIANT,CE3_Patching,Cyber Essentials,automatic updates disabled,ce_definition,S0065,Automatic updates have been turned off because staff found them disruptive.,True,train
S0066,Updates are disabled on the medication system computer.,0,NON_COMPLIANT,CE3_Patching,Cyber Essentials,automatic updates disabled,cqc_style,S0066,Updates are disabled on the medication system computer.,True,train
S0067,Several computers are running software the vendor no longer supports.,0,NON_COMPLIANT,CE3_Patching,Cyber Essentials,unsupported/end-of-life software in use,ce_definition,S0067,Several computers are running software the vendor no longer supports.,True,train
S0068,The office PC still runs an operating system that stopped receiving updates.,0,NON_COMPLIANT,CE3_Patching,Cyber Essentials,unsupported/end-of-life software in use,cqc_style,S0068,The office PC still runs an operating system that stopped receiving updates.,True,train
S0069,Some machines are running outdated operating systems that are past end-of-life.,0,NON_COMPLIANT,CE3_Patching,Cyber Essentials,outdated operating systems running,ce_definition,S0069,Some machines are running outdated operating systems that are past end-of-life.,True,train
S0070,There is no way of knowing whether devices have received their updates.,0,NON_COMPLIANT,CE3_Patching,Cyber Essentials,no process for tracking patches,ce_definition,S0070,There is no way of knowing whether devices have received their updates.,True,train
S0072,Unsupported equipment is still in daily use with no plan to replace it.,0,NON_COMPLIANT,CE3_Patching,Cyber Essentials,unsupported items knowingly retained without action,ce_definition,S0072,Unsupported equipment is still in daily use with no plan to replace it.,True,train
S0073,Multi-factor authentication is enabled for all remote access to our systems.,1,COMPLIANT,CE4_AccessControl,Cyber Essentials,MFA enabled on remote/cloud/internet-facing access,ce_definition,S0073,Multi-factor authentication is enabled for all remote access to our systems.,True,train
S0074,Staff must use a second factor to sign in to our cloud care records.,1,COMPLIANT,CE4_AccessControl,Cyber Essentials,MFA enabled on remote/cloud/internet-facing access,ce_definition,S0074,Staff must use a second factor to sign in to our cloud care records.,True,train
S0075,Our email accounts are protected by multi-factor authentication.,1,COMPLIANT,CE4_AccessControl,Cyber Essentials,MFA enabled on remote/cloud/internet-facing access,ce_definition,S0075,Our email accounts are protected by multi-factor authentication.,True,train
S0076,Staff only have access to the systems and records their role requires.,1,COMPLIANT,CE4_AccessControl,Cyber Essentials,least-privilege access,ce_definition,S0076,Staff only have access to the systems and records their role requires.,True,train
S0077,Access rights are granted on a least-privilege basis and reviewed regularly.,1,COMPLIANT,CE4_AccessControl,Cyber Essentials,least-privilege access,ce_definition,S0077,Access rights are granted on a least-privilege basis and reviewed regularly.,True,train
S0078,Care assistants can view care plans but cannot access payroll information.,1,COMPLIANT,CE4_AccessControl,Cyber Essentials,least-privilege access,cqc_style,S0078,Care assistants can view care plans but cannot access payroll information.,True,train
S0079,Administrator accounts are separate from the accounts used for daily work.,1,COMPLIANT,CE4_AccessControl,Cyber Essentials,"separate admin accounts, not used for daily work",ce_definition,S0079,Administrator accounts are separate from the accounts used for daily work.,True,train
S0080,The manager uses a standard account for email and a separate one for admin tasks.,1,COMPLIANT,CE4_AccessControl,Cyber Essentials,"separate admin accounts, not used for daily work",ce_definition,S0080,The manager uses a standard account for email and a separate one for admin tasks.,True,train
S0081,Accounts are disabled on a member of staff's last working day.,1,COMPLIANT,CE4_AccessControl,Cyber Essentials,leavers' accounts disabled promptly,ce_definition,S0081,Accounts are disabled on a member of staff's last working day.,True,train
S0086,Accounts lock after repeated failed sign-in attempts.,1,COMPLIANT,CE4_AccessControl,Cyber Essentials,a strong password policy enforced,ce_definition,S0086,Accounts lock after repeated failed sign-in attempts.,True,train
S0087,Remote access to the care system does not require multi-factor authentication.,0,NON_COMPLIANT,CE4_AccessControl,Cyber Essentials,no MFA on remote/cloud access,ce_definition,S0087,Remote access to the care system does not require multi-factor authentication.,True,train
S0088,Staff can sign in to email from home using only a password.,0,NON_COMPLIANT,CE4_AccessControl,Cyber Essentials,no MFA on remote/cloud access,ce_definition,S0088,Staff can sign in to email from home using only a password.,True,train
S0089,All staff can see every resident's full record regardless of their role.,0,NON_COMPLIANT,CE4_AccessControl,Cyber Essentials,staff have excessive or blanket access,ce_definition,S0089,All staff can see every resident's full record regardless of their role.,True,train
S0090,Kitchen staff have the same system access as senior care staff.,0,NON_COMPLIANT,CE4_AccessControl,Cyber Essentials,staff have excessive or blanket access,cqc_style,S0090,Kitchen staff have the same system access as senior care staff.,True,train
S0092,The manager uses the admin login for email and browsing the internet.,0,NON_COMPLIANT,CE4_AccessControl,Cyber Essentials,admin accounts used for everyday tasks,ce_definition,S0092,The manager uses the admin login for email and browsing the internet.,True,train
S0093,Staff who left the home still have working logins to the care system.,0,NON_COMPLIANT,CE4_AccessControl,Cyber Essentials,former staff accounts still active,ce_definition,S0093,Staff who left the home still have working logins to the care system.,True,train
S0094,Accounts are only removed when someone notices they are no longer needed.,0,NON_COMPLIANT,CE4_AccessControl,Cyber Essentials,former staff accounts still active,cqc_style,S0094,Accounts are only removed when someone notices they are no longer needed.,True,train
S0095,Staff share a single login for the care records system.,0,NON_COMPLIANT,CE4_AccessControl,Cyber Essentials,shared/generic accounts or shared passwords,ce_definition,S0095,Staff share a single login for the care records system.,True,train
S0097,Night staff use a shared generic account to record care notes.,0,NON_COMPLIANT,CE4_AccessControl,Cyber Essentials,shared/generic accounts or shared passwords,cqc_style,S0097,Night staff use a shared generic account to record care notes.,True,train
S0100,Accounts do not lock out after repeated failed login attempts.,0,NON_COMPLIANT,CE4_AccessControl,Cyber Essentials,no password policy / weak or default passwords,ce_definition,S0100,Accounts do not lock out after repeated failed login attempts.,True,train
S0102,Microsoft Defender is active on all our Windows devices.,1,COMPLIANT,CE5_Malware,Cyber Essentials,anti-malware installed and active on all devices,ce_definition,S0102,Microsoft Defender is active on all our Windows devices.,True,train
S0103,"Every laptop, including those used off-site, has malware protection enabled.",1,COMPLIANT,CE5_Malware,Cyber Essentials,anti-malware installed and active on all devices,ce_definition,S0103,"Every laptop, including those used off-site, has malware protection enabled.",True,train
S0104,Malware definitions are updated daily on all protected devices.,1,COMPLIANT,CE5_Malware,Cyber Essentials,malware definitions kept up to date,ce_definition,S0104,Malware definitions are updated daily on all protected devices.,True,train
S0105,Our anti-virus software updates itself automatically each day.,1,COMPLIANT,CE5_Malware,Cyber Essentials,malware definitions kept up to date,ce_definition,S0105,Our anti-virus software updates itself automatically each day.,True,train
S0108,Web filtering prevents staff from reaching known malicious websites.,1,COMPLIANT,CE5_Malware,Cyber Essentials,web filtering blocking malicious sites,ce_definition,S0108,Web filtering prevents staff from reaching known malicious websites.,True,train
S0109,Only approved applications are permitted to run on our computers.,1,COMPLIANT,CE5_Malware,Cyber Essentials,application allow-listing in place,ce_definition,S0109,Only approved applications are permitted to run on our computers.,True,train
S0110,Real-time scanning is enabled so files are checked as they are opened.,1,COMPLIANT,CE5_Malware,Cyber Essentials,real-time scanning enabled,ce_definition,S0110,Real-time scanning is enabled so files are checked as they are opened.,True,train
S0111,Detections from the anti-malware software are reviewed by our IT provider.,1,COMPLIANT,CE5_Malware,Cyber Essentials,anti-malware installed and active on all devices,ce_definition,S0111,Detections from the anti-malware software are reviewed by our IT provider.,True,train
S0113,There is no malware protection on the machine used for care records.,0,NON_COMPLIANT,CE5_Malware,Cyber Essentials,no antivirus/anti-malware on devices,cqc_style,S0113,There is no malware protection on the machine used for care records.,True,train
S0114,"Staff use their own laptops, which have no anti-virus protection.",0,NON_COMPLIANT,CE5_Malware,Cyber Essentials,no antivirus/anti-malware on devices,cqc_style,S0114,"Staff use their own laptops, which have no anti-virus protection.",True,train
S0115,The anti-virus definitions on most devices are several months out of date.,0,NON_COMPLIANT,CE5_Malware,Cyber Essentials,definitions out of date / not maintained,ce_definition,S0115,The anti-virus definitions on most devices are several months out of date.,True,train
S0116,Malware protection is installed but has not updated since last year.,0,NON_COMPLIANT,CE5_Malware,Cyber Essentials,definitions out of date / not maintained,ce_definition,S0116,Malware protection is installed but has not updated since last year.,True,train
S0118,Malicious attachments reach staff inboxes because nothing filters them.,0,NON_COMPLIANT,CE5_Malware,Cyber Essentials,no email filtering for malware/phishing,ce_definition,S0118,Malicious attachments reach staff inboxes because nothing filters them.,True,train
S0119,Staff can browse any website they like with no filtering in place.,0,NON_COMPLIANT,CE5_Malware,Cyber Essentials,"unrestricted web access, no filtering",ce_definition,S0119,Staff can browse any website they like with no filtering in place.,True,train
S0121,Anti-virus is installed on the office PC but has been disabled.,0,NON_COMPLIANT,CE5_Malware,Cyber Essentials,anti-malware installed but disabled/unmaintained,ce_definition,S0121,Anti-virus is installed on the office PC but has been disabled.,True,train
S0122,Alerts from the anti-virus software are logged but never looked at.,0,NON_COMPLIANT,CE5_Malware,Cyber Essentials,anti-malware installed but disabled/unmaintained,cqc_style,S0122,Alerts from the anti-virus software are logged but never looked at.,True,train
S0125,Responsibility for confidential resident information is clearly assigned.,1,COMPLIANT,DSPT1_ConfidentialData,DSPT,clear accountability for confidential data,dspt_definition,S0125,Responsibility for confidential resident information is clearly assigned.,True,train
S0126,The registered manager holds overall accountability for data protection.,1,COMPLIANT,DSPT1_ConfidentialData,DSPT,clear accountability for confidential data,dspt_definition,S0126,The registered manager holds overall accountability for data protection.,True,train
S0128,Care records are treated as confidential and handled accordingly.,1,COMPLIANT,DSPT1_ConfidentialData,DSPT,responsible handling of personal confidential data,cqc_style,S0128,Care records are treated as confidential and handled accordingly.,True,train
S0131,It is unclear who is accountable for data protection at the home.,0,NON_COMPLIANT,DSPT1_ConfidentialData,DSPT,no clarity on who is accountable,dspt_definition,S0131,It is unclear who is accountable for data protection at the home.,True,train
S0132,Nobody has been given responsibility for confidential information.,0,NON_COMPLIANT,DSPT1_ConfidentialData,DSPT,no clarity on who is accountable,dspt_definition,S0132,Nobody has been given responsibility for confidential information.,True,train
S0134,Confidential handover notes were left in the staff room overnight.,0,NON_COMPLIANT,DSPT1_ConfidentialData,DSPT,careless or undefined handling of confidential data,cqc_style,S0134,Confidential handover notes were left in the staff room overnight.,True,train
S0135,Confidentiality obligations are written into every member of staff's contract.,1,COMPLIANT,DSPT2_StaffResponsibilities,DSPT,confidentiality/data terms included in staff contracts,dspt_definition,S0135,Confidentiality obligations are written into every member of staff's contract.,True,train
S0137,Staff sign a confidentiality agreement when they join the service.,1,COMPLIANT,DSPT2_StaffResponsibilities,DSPT,confidentiality/data terms included in staff contracts,dspt_definition,S0137,Staff sign a confidentiality agreement when they join the service.,True,train
S0138,Breaches of our data policy are dealt with through the disciplinary process.,1,COMPLIANT,DSPT2_StaffResponsibilities,DSPT,breaches handled through a defined process,dspt_definition,S0138,Breaches of our data policy are dealt with through the disciplinary process.,True,train
S0140,Staff contracts say nothing about data protection or confidentiality.,0,NON_COMPLIANT,DSPT2_StaffResponsibilities,DSPT,no data responsibilities in contracts,dspt_definition,S0140,Staff contracts say nothing about data protection or confidentiality.,True,train
S0142,Data policy breaches have occurred but no action was taken.,0,NON_COMPLIANT,DSPT2_StaffResponsibilities,DSPT,breaches ignored or not acted upon,dspt_definition,S0142,Data policy breaches have occurred but no action was taken.,True,train
S0145,Information governance training is refreshed annually for the whole team.,1,COMPLIANT,DSPT3_Training,DSPT,staff completed annual data security/IG training,dspt_definition,S0145,Information governance training is refreshed annually for the whole team.,True,train
S0146,Every member of staff completed their data security module this year.,1,COMPLIANT,DSPT3_Training,DSPT,staff completed annual data security/IG training,dspt_definition,S0146,Every member of staff completed their data security module this year.,True,train
S0147,New starters receive data security training during their induction.,1,COMPLIANT,DSPT3_Training,DSPT,training completed at induction,dspt_definition,S0147,New starters receive data security training during their induction.,True,train
S0148,Information governance is covered in the first week of induction.,1,COMPLIANT,DSPT3_Training,DSPT,training completed at induction,dspt_definition,S0148,Information governance is covered in the first week of induction.,True,train
S0150,Our training matrix shows all staff are up to date on data security.,1,COMPLIANT,DSPT3_Training,DSPT,high completion rates recorded,cqc_style,S0150,Our training matrix shows all staff are up to date on data security.,True,train
S0152,Completion of the mandatory data security assessment is tracked for every member of staff.,1,COMPLIANT,DSPT3_Training,DSPT,mandatory test passed,dspt_definition,S0152,Completion of the mandatory data security assessment is tracked for every member of staff.,True,train
S0153,Staff receive phishing awareness training so they can spot suspicious emails.,1,COMPLIANT,DSPT3_Training,DSPT,phishing/awareness training delivered,dspt_definition,S0153,Staff receive phishing awareness training so they can spot suspicious emails.,True,train
S0154,We run regular awareness sessions on recognising cyber threats.,1,COMPLIANT,DSPT3_Training,DSPT,phishing/awareness training delivered,dspt_definition,S0154,We run regular awareness sessions on recognising cyber threats.,True,train
S0156,There is no annual data security training for the team.,0,NON_COMPLIANT,DSPT3_Training,DSPT,staff have not completed training,dspt_definition,S0156,There is no annual data security training for the team.,True,train
S0157,New staff start work without any training on information governance.,0,NON_COMPLIANT,DSPT3_Training,DSPT,no induction training on data security,dspt_definition,S0157,New staff start work without any training on information governance.,True,train
S0158,Induction does not include anything about handling confidential data.,0,NON_COMPLIANT,DSPT3_Training,DSPT,no induction training on data security,dspt_definition,S0158,Induction does not include anything about handling confidential data.,True,train
S0159,Only thirty per cent of staff have completed the data security module.,0,NON_COMPLIANT,DSPT3_Training,DSPT,low or unrecorded completion rates,dspt_definition,S0159,Only thirty per cent of staff have completed the data security module.,True,train
S0161,Only the registered manager has received information governance training.,0,NON_COMPLIANT,DSPT3_Training,DSPT,low or unrecorded completion rates,cqc_style,S0161,Only the registered manager has received information governance training.,True,train
S0163,Data security training is optional and few staff have taken it.,0,NON_COMPLIANT,DSPT3_Training,DSPT,training not tested or not mandatory,dspt_definition,S0163,Data security training is optional and few staff have taken it.,True,train
S0164,Staff have had no training on recognising phishing emails.,0,NON_COMPLIANT,DSPT3_Training,DSPT,no awareness training provided,dspt_definition,S0164,Staff have had no training on recognising phishing emails.,True,train
S0165,There is no cyber awareness training of any kind at the service.,0,NON_COMPLIANT,DSPT3_Training,DSPT,no awareness training provided,dspt_definition,S0165,There is no cyber awareness training of any kind at the service.,True,train
S0166,Access to care records is restricted to staff who need it for their role.,1,COMPLIANT,DSPT4_DataAccess,DSPT,access restricted to staff who need it,dspt_definition,S0166,Access to care records is restricted to staff who need it for their role.,True,train
S0168,Access to personal data is removed as soon as it is no longer needed for the role.,1,COMPLIANT,DSPT4_DataAccess,DSPT,access removed when role changes/ends,dspt_definition,S0168,Access to personal data is removed as soon as it is no longer needed for the role.,True,train
S0169,"When staff change roles, their access rights are updated to match.",1,COMPLIANT,DSPT4_DataAccess,DSPT,access removed when role changes/ends,dspt_definition,S0169,"When staff change roles, their access rights are updated to match.",True,train
S0170,Every access to a resident's record can be traced back to an individual.,1,COMPLIANT,DSPT4_DataAccess,DSPT,access attributable to individuals,dspt_definition,S0170,Every access to a resident's record can be traced back to an individual.,True,train
S0173,Access permissions are set according to job role and reviewed regularly.,1,COMPLIANT,DSPT4_DataAccess,DSPT,role-based access enforced,dspt_definition,S0173,Access permissions are set according to job role and reviewed regularly.,True,train
S0174,Staff can access resident records that have nothing to do with their role.,0,NON_COMPLIANT,DSPT4_DataAccess,DSPT,data accessible to staff who don't need it,dspt_definition,S0174,Staff can access resident records that have nothing to do with their role.,True,train
S0177,A member of staff retained access to payroll data after moving to a care role.,0,NON_COMPLIANT,DSPT4_DataAccess,DSPT,access retained after it is no longer needed,cqc_style,S0177,A member of staff retained access to payroll data after moving to a care role.,True,train
S0178,"Because logins are shared, it is not possible to tell who viewed a record.",0,NON_COMPLIANT,DSPT4_DataAccess,DSPT,access not attributable (shared logins),dspt_definition,S0178,"Because logins are shared, it is not possible to tell who viewed a record.",True,train
S0180,There are no role-based restrictions on the care records system.,0,NON_COMPLIANT,DSPT4_DataAccess,DSPT,no role-based restrictions,dspt_definition,S0180,There are no role-based restrictions on the care records system.,True,train
S0181,The provider had no system for managing who could access sensitive data.,0,NON_COMPLIANT,DSPT4_DataAccess,DSPT,no role-based restrictions,cqc_style,S0181,The provider had no system for managing who could access sensitive data.,True,train
S0182,Our data handling processes are reviewed at least once a year.,1,COMPLIANT,DSPT5_ProcessReviews,DSPT,processes reviewed at least annually,dspt_definition,S0182,Our data handling processes are reviewed at least once a year.,True,train
S0184,We hold workshops after any near miss to improve the process involved.,1,COMPLIANT,DSPT5_ProcessReviews,DSPT,reviews used to improve after breaches/near misses,dspt_definition,S0184,We hold workshops after any near miss to improve the process involved.,True,train
S0185,Lessons from previous incidents are used to change how we work.,1,COMPLIANT,DSPT5_ProcessReviews,DSPT,reviews used to improve after breaches/near misses,dspt_definition,S0185,Lessons from previous incidents are used to change how we work.,True,train
S0187,Our data handling processes have never been reviewed.,0,NON_COMPLIANT,DSPT5_ProcessReviews,DSPT,processes never reviewed,dspt_definition,S0187,Our data handling processes have never been reviewed.,True,train
S0189,Near misses are not discussed and nothing changes as a result.,0,NON_COMPLIANT,DSPT5_ProcessReviews,DSPT,no learning from breaches or near misses,dspt_definition,S0189,Near misses are not discussed and nothing changes as a result.,True,train
S0190,Previous data breaches did not lead to any change in practice.,0,NON_COMPLIANT,DSPT5_ProcessReviews,DSPT,no learning from breaches or near misses,cqc_style,S0190,Previous data breaches did not lead to any change in practice.,True,train
S0194,Data breaches are reported to the Information Commissioner's Office within 72 hours.,1,COMPLIANT,DSPT6_Incidents,DSPT,breaches reported to ICO within 72 hours,dspt_definition,S0194,Data breaches are reported to the Information Commissioner's Office within 72 hours.,True,train
S0195,Any reportable breach is notified to the ICO within the required timeframe.,1,COMPLIANT,DSPT6_Incidents,DSPT,breaches reported to ICO within 72 hours,dspt_definition,S0195,Any reportable breach is notified to the ICO within the required timeframe.,True,train
S0196,All incidents and near misses are recorded in our incident log.,1,COMPLIANT,DSPT6_Incidents,DSPT,incidents logged and reviewed,dspt_definition,S0196,All incidents and near misses are recorded in our incident log.,True,train
S0197,The incident log is reviewed by the management team each month.,1,COMPLIANT,DSPT6_Incidents,DSPT,incidents logged and reviewed,dspt_definition,S0197,The incident log is reviewed by the management team each month.,True,train
S0198,Staff know who to tell if they think a data breach has happened.,1,COMPLIANT,DSPT6_Incidents,DSPT,staff know how to report incidents,dspt_definition,S0198,Staff know who to tell if they think a data breach has happened.,True,train
S0200,We act on security advisories when they are issued.,1,COMPLIANT,DSPT6_Incidents,DSPT,security advisories acted upon,dspt_definition,S0200,We act on security advisories when they are issued.,True,train
S0201,There is no procedure for responding to a data security incident.,0,NON_COMPLIANT,DSPT6_Incidents,DSPT,no incident response procedure,dspt_definition,S0201,There is no procedure for responding to a data security incident.,True,train
S0204,The breach was reported to the regulator several weeks after it was discovered.,0,NON_COMPLIANT,DSPT6_Incidents,DSPT,breaches not reported / reported late,cqc_style,S0204,The breach was reported to the regulator several weeks after it was discovered.,True,train
S0205,Incidents are dealt with informally and not written down anywhere.,0,NON_COMPLIANT,DSPT6_Incidents,DSPT,incidents not recorded,dspt_definition,S0205,Incidents are dealt with informally and not written down anywhere.,True,train
S0207,Staff did not know how to report a suspected data breach.,0,NON_COMPLIANT,DSPT6_Incidents,DSPT,staff don't know how to report incidents,cqc_style,S0207,Staff did not know how to report a suspected data breach.,True,train
S0208,Security warnings from our supplier are received but not acted on.,0,NON_COMPLIANT,DSPT6_Incidents,DSPT,security advice ignored,dspt_definition,S0208,Security warnings from our supplier are received but not acted on.,True,train
S0209,A business continuity plan covers what we do if our IT systems fail.,1,COMPLIANT,DSPT7_Continuity,DSPT,a business continuity plan in place,dspt_definition,S0209,A business continuity plan covers what we do if our IT systems fail.,True,train
S0211,Care records are backed up every night.,1,COMPLIANT,DSPT7_Continuity,DSPT,backups taken regularly,dspt_definition,S0211,Care records are backed up every night.,True,train
S0212,Backups of all electronic records run automatically each day.,1,COMPLIANT,DSPT7_Continuity,DSPT,backups taken regularly,dspt_definition,S0212,Backups of all electronic records run automatically each day.,True,train
S0213,We test our backups quarterly to confirm data can be restored.,1,COMPLIANT,DSPT7_Continuity,DSPT,backups tested for successful recovery,dspt_definition,S0213,We test our backups quarterly to confirm data can be restored.,True,train
S0214,A restore test is carried out to make sure the backups actually work.,1,COMPLIANT,DSPT7_Continuity,DSPT,backups tested for successful recovery,dspt_definition,S0214,A restore test is carried out to make sure the backups actually work.,True,train
S0217,The continuity plan is reviewed and updated every year.,1,COMPLIANT,DSPT7_Continuity,DSPT,continuity plan reviewed,dspt_definition,S0217,The continuity plan is reviewed and updated every year.,True,train
S0218,There is no continuity plan for what happens if our systems go down.,0,NON_COMPLIANT,DSPT7_Continuity,DSPT,no continuity plan,dspt_definition,S0218,There is no continuity plan for what happens if our systems go down.,True,train
S0220,Electronic care records are not backed up at all.,0,NON_COMPLIANT,DSPT7_Continuity,DSPT,no backups taken,dspt_definition,S0220,Electronic care records are not backed up at all.,True,train
S0221,There is no backup of the information held on the office computer.,0,NON_COMPLIANT,DSPT7_Continuity,DSPT,no backups taken,dspt_definition,S0221,There is no backup of the information held on the office computer.,True,train
S0222,The backups have never been tested to see if they would restore.,0,NON_COMPLIANT,DSPT7_Continuity,DSPT,backups never tested,dspt_definition,S0222,The backups have never been tested to see if they would restore.,True,train
S0223,We assume the backup works but have never checked.,0,NON_COMPLIANT,DSPT7_Continuity,DSPT,backups never tested,dspt_definition,S0223,We assume the backup works but have never checked.,True,train
S0226,The continuity plan was written years ago and has not been looked at since.,0,NON_COMPLIANT,DSPT7_Continuity,DSPT,continuity plan outdated or absent,cqc_style,S0226,The continuity plan was written years ago and has not been looked at since.,True,train
S0229,Our browsers and applications all remain within vendor support.,1,COMPLIANT,DSPT8_UnsupportedSystems,DSPT,only supported systems in use,dspt_definition,S0229,Our browsers and applications all remain within vendor support.,True,train
S0230,"Where an older system is still required, the risk is documented and managed.",1,COMPLIANT,DSPT8_UnsupportedSystems,DSPT,legacy systems identified and mitigated,dspt_definition,S0230,"Where an older system is still required, the risk is documented and managed.",True,train
S0232,Software that reached end-of-life has been removed from our devices.,1,COMPLIANT,DSPT8_UnsupportedSystems,DSPT,unsupported software removed,dspt_definition,S0232,Software that reached end-of-life has been removed from our devices.,True,train
S0233,The home uses an operating system that no longer receives security updates.,0,NON_COMPLIANT,DSPT8_UnsupportedSystems,DSPT,unsupported OS/software/browsers in use,dspt_definition,S0233,The home uses an operating system that no longer receives security updates.,True,train
S0235,Old software remains in daily use with no assessment of the risk.,0,NON_COMPLIANT,DSPT8_UnsupportedSystems,DSPT,legacy systems used with no mitigation,dspt_definition,S0235,Old software remains in daily use with no assessment of the risk.,True,train
S0236,The legacy rota system is out of support and connected to the main network.,0,NON_COMPLIANT,DSPT8_UnsupportedSystems,DSPT,legacy systems used with no mitigation,cqc_style,S0236,The legacy rota system is out of support and connected to the main network.,True,train
S0238,Personal data is encrypted both when stored and when sent externally.,1,COMPLIANT,DSPT9_ITProtection,DSPT,data encrypted at rest and/or in transit,dspt_definition,S0238,Personal data is encrypted both when stored and when sent externally.,True,train
S0240,Care information sent to the GP is encrypted in transit.,1,COMPLIANT,DSPT9_ITProtection,DSPT,data encrypted at rest and/or in transit,dspt_definition,S0240,Care information sent to the GP is encrypted in transit.,True,train
S0241,We have a cyber security strategy based on a recognised framework.,1,COMPLIANT,DSPT9_ITProtection,DSPT,a cyber security strategy based on a proven framework,dspt_definition,S0241,We have a cyber security strategy based on a recognised framework.,True,train
S0243,The home holds current Cyber Essentials certification.,1,COMPLIANT,DSPT9_ITProtection,DSPT,Cyber Essentials (or equivalent) in place,dspt_definition,S0243,The home holds current Cyber Essentials certification.,True,train
S0244,We submitted our Data Security and Protection Toolkit and met the standards.,1,COMPLIANT,DSPT9_ITProtection,DSPT,DSPT submitted / standards met,dspt_definition,S0244,We submitted our Data Security and Protection Toolkit and met the standards.,True,train
S0246,Our IT protections are reviewed at least once a year.,1,COMPLIANT,DSPT9_ITProtection,DSPT,IT protections reviewed annually,dspt_definition,S0246,Our IT protections are reviewed at least once a year.,True,train
S0247,Resident data is stored on USB sticks that are not encrypted.,0,NON_COMPLIANT,DSPT9_ITProtection,DSPT,sensitive data unencrypted,dspt_definition,S0247,Resident data is stored on USB sticks that are not encrypted.,True,train
S0249,Laptops holding personal data are not encrypted.,0,NON_COMPLIANT,DSPT9_ITProtection,DSPT,sensitive data unencrypted,dspt_definition,S0249,Laptops holding personal data are not encrypted.,True,train
S0250,There is no strategy for protecting our IT systems from cyber threats.,0,NON_COMPLIANT,DSPT9_ITProtection,DSPT,no cyber security strategy,dspt_definition,S0250,There is no strategy for protecting our IT systems from cyber threats.,True,train
S0251,We do not follow any recognised cyber security framework.,0,NON_COMPLIANT,DSPT9_ITProtection,DSPT,no recognised framework followed,dspt_definition,S0251,We do not follow any recognised cyber security framework.,True,train
S0253,Our last DSPT submission did not meet the required standards.,0,NON_COMPLIANT,DSPT9_ITProtection,DSPT,DSPT not submitted / standards not met,dspt_definition,S0253,Our last DSPT submission did not meet the required standards.,True,train
S0257,Our contracts require suppliers to protect the personal data they process.,1,COMPLIANT,DSPT10_Suppliers,DSPT,supplier contracts include data security requirements,dspt_definition,S0257,Our contracts require suppliers to protect the personal data they process.,True,train
S0259,Suppliers are contractually required to meet the national data security standards.,1,COMPLIANT,DSPT10_Suppliers,DSPT,suppliers held accountable for NDG standards,dspt_definition,S0259,Suppliers are contractually required to meet the national data security standards.,True,train
S0260,We check that our care system provider maintains its own DSPT compliance.,1,COMPLIANT,DSPT10_Suppliers,DSPT,supplier compliance monitored,dspt_definition,S0260,We check that our care system provider maintains its own DSPT compliance.,True,train
S0263,Supplier contracts do not mention data security at all.,0,NON_COMPLIANT,DSPT10_Suppliers,DSPT,supplier contracts silent on data security,dspt_definition,S0263,Supplier contracts do not mention data security at all.,True,train
S0265,Third parties were given access to resident records without any contract.,0,NON_COMPLIANT,DSPT10_Suppliers,DSPT,suppliers given access with no accountability,cqc_style,S0265,Third parties were given access to resident records without any contract.,True,train
S0266,We have never checked whether our suppliers meet any data security standards.,0,NON_COMPLIANT,DSPT10_Suppliers,DSPT,supplier compliance never checked,dspt_definition,S0266,We have never checked whether our suppliers meet any data security standards.,True,train
P00001,"A firewall boundary separates our internal network from the internet,",1,COMPLIANT,CE1_Firewalls,Cyber Essentials,boundary firewall in place and configured,llm_paraphrase,S0001,A boundary firewall is in place between our internal network and the internet.,True,train
P00002,"Our internal network is shielded from the internet by a boundary firewall,",1,COMPLIANT,CE1_Firewalls,Cyber Essentials,boundary firewall in place and configured,llm_paraphrase,S0001,A boundary firewall is in place between our internal network and the internet.,True,train
P00003,"A firewall is in place between our internal network and the internet,",1,COMPLIANT,CE1_Firewalls,Cyber Essentials,boundary firewall in place and configured,llm_paraphrase,S0001,A boundary firewall is in place between our internal network and the internet.,True,train
P00004,"Our internal network is fully segregated from the internet via a firewall,",1,COMPLIANT,CE1_Firewalls,Cyber Essentials,boundary firewall in place and configured,llm_paraphrase,S0001,A boundary firewall is in place between our internal network and the internet.,True,train
P00005,"The internet is isolated from our internal network by a firewall boundary,",1,COMPLIANT,CE1_Firewalls,Cyber Essentials,boundary firewall in place and configured,llm_paraphrase,S0001,A boundary firewall is in place between our internal network and the internet.,True,train
P00006,Our internal network is protected from the internet by a firewall that separates it from the external network.,1,COMPLIANT,CE1_Firewalls,Cyber Essentials,boundary firewall in place and configured,llm_paraphrase,S0001,A boundary firewall is in place between our internal network and the internet.,True,train
P00007,The office router's firewall is correctly configured and active on all connections.,1,COMPLIANT,CE1_Firewalls,Cyber Essentials,boundary firewall in place and configured,llm_paraphrase,S0002,The office router's firewall is configured and active on all connections.,True,train
P00008,All connections require the office router's firewall to be configured and active.,1,COMPLIANT,CE1_Firewalls,Cyber Essentials,boundary firewall in place and configured,llm_paraphrase,S0002,The office router's firewall is configured and active on all connections.,True,train
P00009,Firewalls on all connections are currently configured and operational.,1,COMPLIANT,CE1_Firewalls,Cyber Essentials,boundary firewall in place and configured,llm_paraphrase,S0002,The office router's firewall is configured and active on all connections.,True,train
P00010,All connection settings require a configured and active firewall on the office router.,1,COMPLIANT,CE1_Firewalls,Cyber Essentials,boundary firewall in place and configured,llm_paraphrase,S0002,The office router's firewall is configured and active on all connections.,True,train
P00011,The office router's firewall is in place on all connections.,1,COMPLIANT,CE1_Firewalls,Cyber Essentials,boundary firewall in place and configured,llm_paraphrase,S0002,The office router's firewall is configured and active on all connections.,True,train
P00012,All connections have the office router's firewall activated and configured.,1,COMPLIANT,CE1_Firewalls,Cyber Essentials,boundary firewall in place and configured,llm_paraphrase,S0002,The office router's firewall is configured and active on all connections.,True,train
P00019,"Software firewalls are enabled on all staff devices, including those used remotely.",1,COMPLIANT,CE1_Firewalls,Cyber Essentials,host/software firewalls enabled on devices,llm_paraphrase,S0004,"Software firewalls are switched on for all staff devices, including those used off-site.",True,train
P00020,All staff devices have firewalls activated for all devices used outside the premises.,1,COMPLIANT,CE1_Firewalls,Cyber Essentials,host/software firewalls enabled on devices,llm_paraphrase,S0004,"Software firewalls are switched on for all staff devices, including those used off-site.",True,train
P00021,"Firewalls are in place on all staff devices, including those accessed via public Wi-Fi.",1,COMPLIANT,CE1_Firewalls,Cyber Essentials,host/software firewalls enabled on devices,llm_paraphrase,S0004,"Software firewalls are switched on for all staff devices, including those used off-site.",True,train
P00022,Staff devices used off-site have firewalls enabled.,1,COMPLIANT,CE1_Firewalls,Cyber Essentials,host/software firewalls enabled on devices,llm_paraphrase,S0004,"Software firewalls are switched on for all staff devices, including those used off-site.",True,train
P00023,"The use of firewalls is in place for all staff devices, including those accessed remotely.",1,COMPLIANT,CE1_Firewalls,Cyber Essentials,host/software firewalls enabled on devices,llm_paraphrase,S0004,"Software firewalls are switched on for all staff devices, including those used off-site.",True,train
P00024,"Firewalls are required on all staff devices, including those used to access the internet from outside the care home.",1,COMPLIANT,CE1_Firewalls,Cyber Essentials,host/software firewalls enabled on devices,llm_paraphrase,S0004,"Software firewalls are switched on for all staff devices, including those used off-site.",True,train
P00025,The router's default password was set as soon as it was installed.,1,COMPLIANT,CE1_Firewalls,Cyber Essentials,default router/firewall passwords changed,llm_paraphrase,S0005,The default password on our router was changed when it was installed.,True,train
P00026,"Upon installation, the default router password was immediately changed.",1,COMPLIANT,CE1_Firewalls,Cyber Essentials,default router/firewall passwords changed,llm_paraphrase,S0005,The default password on our router was changed when it was installed.,True,train
P00027,"When the router was first set up, the default password was replaced with a new one.",1,COMPLIANT,CE1_Firewalls,Cyber Essentials,default router/firewall passwords changed,llm_paraphrase,S0005,The default password on our router was changed when it was installed.,True,train
P00028,"As part of the router's initial configuration, the default password was altered.",1,COMPLIANT,CE1_Firewalls,Cyber Essentials,default router/firewall passwords changed,llm_paraphrase,S0005,The default password on our router was changed when it was installed.,True,train
P00029,The router's default password was updated to a new setting upon its first activation.,1,COMPLIANT,CE1_Firewalls,Cyber Essentials,default router/firewall passwords changed,llm_paraphrase,S0005,The default password on our router was changed when it was installed.,True,train
P00030,The default password on the router was changed by default at the time of installation.,1,COMPLIANT,CE1_Firewalls,Cyber Essentials,default router/firewall passwords changed,llm_paraphrase,S0005,The default password on our router was changed when it was installed.,True,train
P00031,"We updated the firewall credentials to a strong, unique value.",1,COMPLIANT,CE1_Firewalls,Cyber Essentials,default router/firewall passwords changed,llm_paraphrase,S0006,"We replaced the manufacturer's password on the firewall with a strong, unique one.",True,train
P00032,All firewall access was secured using a novel password.,1,COMPLIANT,CE1_Firewalls,Cyber Essentials,default router/firewall passwords changed,llm_paraphrase,S0006,"We replaced the manufacturer's password on the firewall with a strong, unique one.",True,train
P00033,"Firewall access was secured with a robust, individualised password.",1,COMPLIANT,CE1_Firewalls,Cyber Essentials,default router/firewall passwords changed,llm_paraphrase,S0006,"We replaced the manufacturer's password on the firewall with a strong, unique one.",True,train
P00034,"We substituted the original firewall password with a secure, one-time entry.",1,COMPLIANT,CE1_Firewalls,Cyber Essentials,default router/firewall passwords changed,llm_paraphrase,S0006,"We replaced the manufacturer's password on the firewall with a strong, unique one.",True,train
P00035,"The firewall was updated to use a new, non-standard password.",1,COMPLIANT,CE1_Firewalls,Cyber Essentials,default router/firewall passwords changed,llm_paraphrase,S0006,"We replaced the manufacturer's password on the firewall with a strong, unique one.",True,train
P00036,Strong passwords were assigned for firewall access.,1,COMPLIANT,CE1_Firewalls,Cyber Essentials,default router/firewall passwords changed,llm_paraphrase,S0006,"We replaced the manufacturer's password on the firewall with a strong, unique one.",True,train
P00037,"Inbound connections are blocked by default, requiring explicit approval for access.",1,COMPLIANT,CE1_Firewalls,Cyber Essentials,inbound connections blocked by default,llm_paraphrase,S0007,Inbound connections are blocked by default unless specifically approved.,True,train
P00038,"By default, incoming connections are prohibited and may only be permitted with formal authorisation.",1,COMPLIANT,CE1_Firewalls,Cyber Essentials,inbound connections blocked by default,llm_paraphrase,S0007,Inbound connections are blocked by default unless specifically approved.,True,train
P00039,All incoming connections are initially denied and may be approved only through formal authorisation.,1,COMPLIANT,CE1_Firewalls,Cyber Essentials,inbound connections blocked by default,llm_paraphrase,S0007,Inbound connections are blocked by default unless specifically approved.,True,train
P00040,Default blockage of incoming connections requires explicit approval for access to be granted.,1,COMPLIANT,CE1_Firewalls,Cyber Essentials,inbound connections blocked by default,llm_paraphrase,S0007,Inbound connections are blocked by default unless specifically approved.,True,train
P00041,"Incoming connections are blocked by default, and formal approval is needed to gain access.",1,COMPLIANT,CE1_Firewalls,Cyber Essentials,inbound connections blocked by default,llm_paraphrase,S0007,Inbound connections are blocked by default unless specifically approved.,True,train
P00042,Inbound connections are prohibited unless specifically and formally approved for connection.,1,COMPLIANT,CE1_Firewalls,Cyber Essentials,inbound connections blocked by default,llm_paraphrase,S0007,Inbound connections are blocked by default unless specifically approved.,True,train
P00043,"Incoming traffic without pre-approved access is denied at the network boundary,",1,COMPLIANT,CE1_Firewalls,Cyber Essentials,inbound connections blocked by default,llm_paraphrase,S0008,Unapproved incoming traffic is denied at the network boundary.,True,train
P00044,"Unapproved incoming traffic is rejected at the network perimeter,",1,COMPLIANT,CE1_Firewalls,Cyber Essentials,inbound connections blocked by default,llm_paraphrase,S0008,Unapproved incoming traffic is denied at the network boundary.,True,train
P00045,"All incoming traffic requiring prior authorisation is blocked at the network entry point,",1,COMPLIANT,CE1_Firewalls,Cyber Essentials,inbound connections blocked by default,llm_paraphrase,S0008,Unapproved incoming traffic is denied at the network boundary.,True,train
P00046,"Unapproved incoming traffic is not permitted to pass through the network gateway,",1,COMPLIANT,CE1_Firewalls,Cyber Essentials,inbound connections blocked by default,llm_paraphrase,S0008,Unapproved incoming traffic is denied at the network boundary.,True,train
P00047,"No incoming traffic without prior approval is allowed at the network boundary,",1,COMPLIANT,CE1_Firewalls,Cyber Essentials,inbound connections blocked by default,llm_paraphrase,S0008,Unapproved incoming traffic is denied at the network boundary.,True,train
P00048,Traffic requiring pre-arranged access is not permitted to enter the network system,1,COMPLIANT,CE1_Firewalls,Cyber Essentials,inbound connections blocked by default,llm_paraphrase,S0008,Unapproved incoming traffic is denied at the network boundary.,True,train
P00049,Firewall rules are reviewed by our IT provider every six months to ensure ongoing security compliance.,1,COMPLIANT,CE1_Firewalls,Cyber Essentials,firewall rules reviewed periodically,llm_paraphrase,S0009,Firewall rules are reviewed by our IT provider every six months.,True,train
P00050,Our IT provider conducts regular firewall reviews every six months.,1,COMPLIANT,CE1_Firewalls,Cyber Essentials,firewall rules reviewed periodically,llm_paraphrase,S0009,Firewall rules are reviewed by our IT provider every six months.,True,train
P00051,Our IT provider reviews firewall rules every six months.,1,COMPLIANT,CE1_Firewalls,Cyber Essentials,firewall rules reviewed periodically,llm_paraphrase,S0009,Firewall rules are reviewed by our IT provider every six months.,True,train
P00052,The IT provider reviews firewall rules every six months for our care home.,1,COMPLIANT,CE1_Firewalls,Cyber Essentials,firewall rules reviewed periodically,llm_paraphrase,S0009,Firewall rules are reviewed by our IT provider every six months.,True,train
P00053,"As part of our security protocol, our IT provider reviews firewall rules every six months.",1,COMPLIANT,CE1_Firewalls,Cyber Essentials,firewall rules reviewed periodically,llm_paraphrase,S0009,Firewall rules are reviewed by our IT provider every six months.,True,train
P00054,Our IT provider review firewall rules every six months.,1,COMPLIANT,CE1_Firewalls,Cyber Essentials,firewall rules reviewed periodically,llm_paraphrase,S0009,Firewall rules are reviewed by our IT provider every six months.,True,train
P00061,The administrative interface of our firewall is not accessible from the internet.,1,COMPLIANT,CE1_Firewalls,Cyber Essentials,admin interface protected / not internet-facing,llm_paraphrase,S0011,The firewall's administrative interface is not accessible from the internet.,True,train
P00062,Our firewall's internet connectivity is not enabled.,1,COMPLIANT,CE1_Firewalls,Cyber Essentials,admin interface protected / not internet-facing,llm_paraphrase,S0011,The firewall's administrative interface is not accessible from the internet.,True,train
P00063,The firewall's administrative interface is currently inaccessible from the public network.,1,COMPLIANT,CE1_Firewalls,Cyber Essentials,admin interface protected / not internet-facing,llm_paraphrase,S0011,The firewall's administrative interface is not accessible from the internet.,True,train
P00064,Our firewall's internet setting is set to 'not accessible'.,1,COMPLIANT,CE1_Firewalls,Cyber Essentials,admin interface protected / not internet-facing,llm_paraphrase,S0011,The firewall's administrative interface is not accessible from the internet.,True,train
P00065,"We have a firewall in place, but its admin interface cannot be accessed online.",1,COMPLIANT,CE1_Firewalls,Cyber Essentials,admin interface protected / not internet-facing,llm_paraphrase,S0011,The firewall's administrative interface is not accessible from the internet.,True,train
P00066,The firewall's internet access is currently disabled.,1,COMPLIANT,CE1_Firewalls,Cyber Essentials,admin interface protected / not internet-facing,llm_paraphrase,S0011,The firewall's administrative interface is not accessible from the internet.,True,train
P00079,All unused ports on the network equipment are disabled,1,COMPLIANT,CE1_Firewalls,Cyber Essentials,inbound connections blocked by default,llm_paraphrase,S0014,Unused ports on the network equipment have been disabled.,True,train
P00080,Unused ports on the network equipment are disabled,1,COMPLIANT,CE1_Firewalls,Cyber Essentials,inbound connections blocked by default,llm_paraphrase,S0014,Unused ports on the network equipment have been disabled.,True,train
P00081,All unused ports on network equipment are disabled,1,COMPLIANT,CE1_Firewalls,Cyber Essentials,inbound connections blocked by default,llm_paraphrase,S0014,Unused ports on the network equipment have been disabled.,True,train
P00082,Disabled ports on network equipment are a requirement for regulatory compliance,1,COMPLIANT,CE1_Firewalls,Cyber Essentials,inbound connections blocked by default,llm_paraphrase,S0014,Unused ports on the network equipment have been disabled.,True,train
P00083,Unused ports on network equipment are disabled,1,COMPLIANT,CE1_Firewalls,Cyber Essentials,inbound connections blocked by default,llm_paraphrase,S0014,Unused ports on the network equipment have been disabled.,True,train
P00084,All unused network ports on equipment are disabled,1,COMPLIANT,CE1_Firewalls,Cyber Essentials,inbound connections blocked by default,llm_paraphrase,S0014,Unused ports on the network equipment have been disabled.,True,train
P00085,There is no network firewall in place to protect the home's internet access.,0,NON_COMPLIANT,CE1_Firewalls,Cyber Essentials,no firewall at the network boundary,llm_paraphrase,S0015,There is no firewall protecting the home's network from the internet.,True,train
P00086,A network firewall is required to safeguard the home's online connectivity.,0,NON_COMPLIANT,CE1_Firewalls,Cyber Essentials,no firewall at the network boundary,llm_paraphrase,S0015,There is no firewall protecting the home's network from the internet.,True,train
P00087,Internet access is not properly secured due to the absence of a firewall.,0,NON_COMPLIANT,CE1_Firewalls,Cyber Essentials,no firewall at the network boundary,llm_paraphrase,S0015,There is no firewall protecting the home's network from the internet.,True,train
P00088,The home's network is not protected from external internet threats without a firewall.,0,NON_COMPLIANT,CE1_Firewalls,Cyber Essentials,no firewall at the network boundary,llm_paraphrase,S0015,There is no firewall protecting the home's network from the internet.,True,train
P00089,A firewall is essential to defend the home's online presence against cyber threats.,0,NON_COMPLIANT,CE1_Firewalls,Cyber Essentials,no firewall at the network boundary,llm_paraphrase,S0015,There is no firewall protecting the home's network from the internet.,True,train
P00090,"Proper network protection is not in place, as a firewall is not implemented to safeguard internet access.",0,NON_COMPLIANT,CE1_Firewalls,Cyber Essentials,no firewall at the network boundary,llm_paraphrase,S0015,There is no firewall protecting the home's network from the internet.,True,train
P00091,"The broadband router was installed in accordance with the organisation's security protocols, which includes firewall configuration.",0,NON_COMPLIANT,CE1_Firewalls,Cyber Essentials,no firewall at the network boundary,llm_paraphrase,S0016,The broadband router was installed without any firewall configuration.,True,train
P00092,"The broadband router installation did not meet the required security parameters, specifically lacking firewall configuration.",0,NON_COMPLIANT,CE1_Firewalls,Cyber Essentials,no firewall at the network boundary,llm_paraphrase,S0016,The broadband router was installed without any firewall configuration.,True,train
P00093,It has been confirmed that the broadband router was installed without the mandatory firewall configuration.,0,NON_COMPLIANT,CE1_Firewalls,Cyber Essentials,no firewall at the network boundary,llm_paraphrase,S0016,The broadband router was installed without any firewall configuration.,True,train
P00094,"The broadband router setup did not adhere to the specified security requirements, notably the absence of firewall configuration.",0,NON_COMPLIANT,CE1_Firewalls,Cyber Essentials,no firewall at the network boundary,llm_paraphrase,S0016,The broadband router was installed without any firewall configuration.,True,train
P00095,"A critical oversight was identified in the broadband router installation, namely the lack of firewall configuration.",0,NON_COMPLIANT,CE1_Firewalls,Cyber Essentials,no firewall at the network boundary,llm_paraphrase,S0016,The broadband router was installed without any firewall configuration.,True,train
P00096,The organisation's security protocol dictates that the broadband router must have firewall configuration; installation without this is unacceptable.,0,NON_COMPLIANT,CE1_Firewalls,Cyber Essentials,no firewall at the network boundary,llm_paraphrase,S0016,The broadband router was installed without any firewall configuration.,True,train
P00097,All staff are required to ensure software firewalls are enabled on all office computers at all times.,0,NON_COMPLIANT,CE1_Firewalls,Cyber Essentials,firewalls disabled or absent on devices,llm_paraphrase,S0017,Software firewalls have been turned off on several office computers.,True,train
P00098,The absence of software firewalls on office computers is strictly prohibited.,0,NON_COMPLIANT,CE1_Firewalls,Cyber Essentials,firewalls disabled or absent on devices,llm_paraphrase,S0017,Software firewalls have been turned off on several office computers.,True,train
P00099,Compliance with this policy dictates that software firewalls are always active on office computers.,0,NON_COMPLIANT,CE1_Firewalls,Cyber Essentials,firewalls disabled or absent on devices,llm_paraphrase,S0017,Software firewalls have been turned off on several office computers.,True,train
P00100,Failure to enable software firewalls on office computers will result in immediate disciplinary action.,0,NON_COMPLIANT,CE1_Firewalls,Cyber Essentials,firewalls disabled or absent on devices,llm_paraphrase,S0017,Software firewalls have been turned off on several office computers.,True,train
P00101,Regular audits will be conducted to verify software firewalls are enabled on all office computers.,0,NON_COMPLIANT,CE1_Firewalls,Cyber Essentials,firewalls disabled or absent on devices,llm_paraphrase,S0017,Software firewalls have been turned off on several office computers.,True,train
P00102,Non-compliance with this policy will be recorded in staff personnel records and used for future disciplinary action.,0,NON_COMPLIANT,CE1_Firewalls,Cyber Essentials,firewalls disabled or absent on devices,llm_paraphrase,S0017,Software firewalls have been turned off on several office computers.,True,train
P00109,"The router's default password remains unchanged, as per policy, and must be updated forthwith.",0,NON_COMPLIANT,CE1_Firewalls,Cyber Essentials,default router/firewall passwords still in use,llm_paraphrase,S0019,The router is still using the default password printed on the label.,True,train
P00110,"The router continues to utilise its default password, which is contrary to established protocol.",0,NON_COMPLIANT,CE1_Firewalls,Cyber Essentials,default router/firewall passwords still in use,llm_paraphrase,S0019,The router is still using the default password printed on the label.,True,train
P00111,"The router's default password has not been modified, in breach of our security protocols.",0,NON_COMPLIANT,CE1_Firewalls,Cyber Essentials,default router/firewall passwords still in use,llm_paraphrase,S0019,The router is still using the default password printed on the label.,True,train
P00112,"The default password on the router has not been modified, as required by our data protection procedures.",0,NON_COMPLIANT,CE1_Firewalls,Cyber Essentials,default router/firewall passwords still in use,llm_paraphrase,S0019,The router is still using the default password printed on the label.,True,train
P00113,"The router is still using its default password, in direct contravention of our IT security guidelines.",0,NON_COMPLIANT,CE1_Firewalls,Cyber Essentials,default router/firewall passwords still in use,llm_paraphrase,S0019,The router is still using the default password printed on the label.,True,train
P00114,"The router's default password has not been altered, contrary to our organisation's standard security practices.",0,NON_COMPLIANT,CE1_Firewalls,Cyber Essentials,default router/firewall passwords still in use,llm_paraphrase,S0019,The router is still using the default password printed on the label.,True,train
P00115,The manufacturer's password was not updated during firewall configuration.,0,NON_COMPLIANT,CE1_Firewalls,Cyber Essentials,default router/firewall passwords still in use,llm_paraphrase,S0020,Nobody changed the manufacturer's password when the firewall was set up.,True,train
P00116,Failure to update the manufacturer's password when setting up the firewall is a critical control breach.,0,NON_COMPLIANT,CE1_Firewalls,Cyber Essentials,default router/firewall passwords still in use,llm_paraphrase,S0020,Nobody changed the manufacturer's password when the firewall was set up.,True,train
P00117,The firewall's manufacturer password was not modified when the system was initially set up.,0,NON_COMPLIANT,CE1_Firewalls,Cyber Essentials,default router/firewall passwords still in use,llm_paraphrase,S0020,Nobody changed the manufacturer's password when the firewall was set up.,True,train
P00118,The failure to update the manufacturer's password during firewall installation is a significant security vulnerability.,0,NON_COMPLIANT,CE1_Firewalls,Cyber Essentials,default router/firewall passwords still in use,llm_paraphrase,S0020,Nobody changed the manufacturer's password when the firewall was set up.,True,train
P00119,The setting up of the firewall did not involve updating the manufacturer's password.,0,NON_COMPLIANT,CE1_Firewalls,Cyber Essentials,default router/firewall passwords still in use,llm_paraphrase,S0020,Nobody changed the manufacturer's password when the firewall was set up.,True,train
P00120,Not updating the manufacturer's password during firewall setup constitutes a critical compliance failure.,0,NON_COMPLIANT,CE1_Firewalls,Cyber Essentials,default router/firewall passwords still in use,llm_paraphrase,S0020,Nobody changed the manufacturer's password when the firewall was set up.,True,train
P00121,Internet incoming connections are not adequately restricted.,0,NON_COMPLIANT,CE1_Firewalls,Cyber Essentials,inbound connections open or unrestricted,llm_paraphrase,S0021,Incoming connections from the internet are not restricted.,True,train
P00122,Staff are not required to restrict incoming internet connections.,0,NON_COMPLIANT,CE1_Firewalls,Cyber Essentials,inbound connections open or unrestricted,llm_paraphrase,S0021,Incoming connections from the internet are not restricted.,True,train
P00123,Incoming internet connections are not subject to mandatory filtering.,0,NON_COMPLIANT,CE1_Firewalls,Cyber Essentials,inbound connections open or unrestricted,llm_paraphrase,S0021,Incoming connections from the internet are not restricted.,True,train
P00124,No filtering mechanism is in place to restrict incoming internet connections.,0,NON_COMPLIANT,CE1_Firewalls,Cyber Essentials,inbound connections open or unrestricted,llm_paraphrase,S0021,Incoming connections from the internet are not restricted.,True,train
P00125,Incoming internet connections are not restricted by default settings.,0,NON_COMPLIANT,CE1_Firewalls,Cyber Essentials,inbound connections open or unrestricted,llm_paraphrase,S0021,Incoming connections from the internet are not restricted.,True,train
P00126,Internet incoming connections are not subject to restrictive security protocols.,0,NON_COMPLIANT,CE1_Firewalls,Cyber Essentials,inbound connections open or unrestricted,llm_paraphrase,S0021,Incoming connections from the internet are not restricted.,True,train
P00127,The firewall's default configuration enables unrestricted inbound traffic.,0,NON_COMPLIANT,CE1_Firewalls,Cyber Essentials,inbound connections open or unrestricted,llm_paraphrase,S0022,The firewall allows all inbound traffic through by default.,True,train
P00128,"By default, the firewall allows all inbound traffic.",0,NON_COMPLIANT,CE1_Firewalls,Cyber Essentials,inbound connections open or unrestricted,llm_paraphrase,S0022,The firewall allows all inbound traffic through by default.,True,train
P00129,All inbound traffic is permitted through the firewall by default.,0,NON_COMPLIANT,CE1_Firewalls,Cyber Essentials,inbound connections open or unrestricted,llm_paraphrase,S0022,The firewall allows all inbound traffic through by default.,True,train
P00130,The firewall's default setting allows all inbound traffic to pass through.,0,NON_COMPLIANT,CE1_Firewalls,Cyber Essentials,inbound connections open or unrestricted,llm_paraphrase,S0022,The firewall allows all inbound traffic through by default.,True,train
P00131,Inbound traffic is permitted to pass through the firewall by default.,0,NON_COMPLIANT,CE1_Firewalls,Cyber Essentials,inbound connections open or unrestricted,llm_paraphrase,S0022,The firewall allows all inbound traffic through by default.,True,train
P00132,The firewall's default configuration fails to restrict inbound traffic.,0,NON_COMPLIANT,CE1_Firewalls,Cyber Essentials,inbound connections open or unrestricted,llm_paraphrase,S0022,The firewall allows all inbound traffic through by default.,True,train
P00133,Review of firewall settings has not been carried out since the system was implemented.,0,NON_COMPLIANT,CE1_Firewalls,Cyber Essentials,firewall never reviewed or configured,llm_paraphrase,S0023,The firewall settings have not been reviewed since the system was installed.,True,train
P00134,Firewall settings were not reviewed after the system was installed.,0,NON_COMPLIANT,CE1_Firewalls,Cyber Essentials,firewall never reviewed or configured,llm_paraphrase,S0023,The firewall settings have not been reviewed since the system was installed.,True,train
P00135,Fail to review firewall settings is a requirement and has not been met.,0,NON_COMPLIANT,CE1_Firewalls,Cyber Essentials,firewall never reviewed or configured,llm_paraphrase,S0023,The firewall settings have not been reviewed since the system was installed.,True,train
P00136,System firewall settings remain unreviewed since installation.,0,NON_COMPLIANT,CE1_Firewalls,Cyber Essentials,firewall never reviewed or configured,llm_paraphrase,S0023,The firewall settings have not been reviewed since the system was installed.,True,train
P00137,Non-compliance with security protocol is evident: firewall settings have not been reviewed since system activation.,0,NON_COMPLIANT,CE1_Firewalls,Cyber Essentials,firewall never reviewed or configured,llm_paraphrase,S0023,The firewall settings have not been reviewed since the system was installed.,True,train
P00144,The internet connection to the router's admin console is exposed and unsecured.,0,NON_COMPLIANT,CE1_Firewalls,Cyber Essentials,admin console exposed to internet without protection,llm_paraphrase,S0025,The router's admin console can be reached from the internet without protection.,True,train
P00145,The router's admin console is accessible online without any measures in place to protect it.,0,NON_COMPLIANT,CE1_Firewalls,Cyber Essentials,admin console exposed to internet without protection,llm_paraphrase,S0025,The router's admin console can be reached from the internet without protection.,True,train
P00146,Failure to secure the router's admin console online is a breach of policy.,0,NON_COMPLIANT,CE1_Firewalls,Cyber Essentials,admin console exposed to internet without protection,llm_paraphrase,S0025,The router's admin console can be reached from the internet without protection.,True,train
P00147,The router's admin console is not adequately protected when accessed remotely.,0,NON_COMPLIANT,CE1_Firewalls,Cyber Essentials,admin console exposed to internet without protection,llm_paraphrase,S0025,The router's admin console can be reached from the internet without protection.,True,train
P00148,The router's admin console is accessible via the internet without any security safeguards.,0,NON_COMPLIANT,CE1_Firewalls,Cyber Essentials,admin console exposed to internet without protection,llm_paraphrase,S0025,The router's admin console can be reached from the internet without protection.,True,train
P00149,Internet access to the router's admin console is not adequately secured.,0,NON_COMPLIANT,CE1_Firewalls,Cyber Essentials,admin console exposed to internet without protection,llm_paraphrase,S0025,The router's admin console can be reached from the internet without protection.,True,train
P00156,All ports on the router were left open during initial setup,0,NON_COMPLIANT,CE1_Firewalls,Cyber Essentials,inbound connections open or unrestricted,llm_paraphrase,S0027,All ports on the router were left open when the network was set up.,True,train
P00157,Ports on the router must be closed when the network is set up,0,NON_COMPLIANT,CE1_Firewalls,Cyber Essentials,inbound connections open or unrestricted,llm_paraphrase,S0027,All ports on the router were left open when the network was set up.,True,train
P00158,"During network setup, ports on the router should be closed",0,NON_COMPLIANT,CE1_Firewalls,Cyber Essentials,inbound connections open or unrestricted,llm_paraphrase,S0027,All ports on the router were left open when the network was set up.,True,train
P00159,It is mandatory to close all ports on the router during initial setup,0,NON_COMPLIANT,CE1_Firewalls,Cyber Essentials,inbound connections open or unrestricted,llm_paraphrase,S0027,All ports on the router were left open when the network was set up.,True,train
P00160,The network setup process requires all ports on the router to be closed,0,NON_COMPLIANT,CE1_Firewalls,Cyber Essentials,inbound connections open or unrestricted,llm_paraphrase,S0027,All ports on the router were left open when the network was set up.,True,train
P00161,Ports on the router must be closed at the time of network setup,0,NON_COMPLIANT,CE1_Firewalls,Cyber Essentials,inbound connections open or unrestricted,llm_paraphrase,S0027,All ports on the router were left open when the network was set up.,True,train
P00168,Default passwords are changed prior to device activation.,1,COMPLIANT,CE2_SecureConfig,Cyber Essentials,default passwords changed before deployment,llm_paraphrase,S0029,Default passwords are changed on every new device before staff use it.,True,train
P00169,Staff are change default passwords on every new device before using it.,1,COMPLIANT,CE2_SecureConfig,Cyber Essentials,default passwords changed before deployment,llm_paraphrase,S0029,Default passwords are changed on every new device before staff use it.,True,train
P00170,All new devices are subject to a password change procedure to prevent unauthorised access.,1,COMPLIANT,CE2_SecureConfig,Cyber Essentials,default passwords changed before deployment,llm_paraphrase,S0029,Default passwords are changed on every new device before staff use it.,True,train
P00171,Changing default passwords is a mandatory step for all new device users.,1,COMPLIANT,CE2_SecureConfig,Cyber Essentials,default passwords changed before deployment,llm_paraphrase,S0029,Default passwords are changed on every new device before staff use it.,True,train
P00172,New devices are configured with a unique password before staff access them.,1,COMPLIANT,CE2_SecureConfig,Cyber Essentials,default passwords changed before deployment,llm_paraphrase,S0029,Default passwords are changed on every new device before staff use it.,True,train
P00173,Changing default passwords is a precondition for device activation to maintain confidentiality.,1,COMPLIANT,CE2_SecureConfig,Cyber Essentials,default passwords changed before deployment,llm_paraphrase,S0029,Default passwords are changed on every new device before staff use it.,True,train
P00180,All software not required for care provision has been removed from our IT systems.,1,COMPLIANT,CE2_SecureConfig,Cyber Essentials,unnecessary software removed or disabled,llm_paraphrase,S0031,Software that is not needed for care delivery has been removed from our computers.,True,train
P00181,Software not necessary for care delivery has been deleted from our computers.,1,COMPLIANT,CE2_SecureConfig,Cyber Essentials,unnecessary software removed or disabled,llm_paraphrase,S0031,Software that is not needed for care delivery has been removed from our computers.,True,train
P00182,Care home IT systems are free from unnecessary software.,1,COMPLIANT,CE2_SecureConfig,Cyber Essentials,unnecessary software removed or disabled,llm_paraphrase,S0031,Software that is not needed for care delivery has been removed from our computers.,True,train
P00183,Software used only for administrative purposes has been removed from our computers.,1,COMPLIANT,CE2_SecureConfig,Cyber Essentials,unnecessary software removed or disabled,llm_paraphrase,S0031,Software that is not needed for care delivery has been removed from our computers.,True,train
P00184,All non-essential software has been deleted from our IT infrastructure.,1,COMPLIANT,CE2_SecureConfig,Cyber Essentials,unnecessary software removed or disabled,llm_paraphrase,S0031,Software that is not needed for care delivery has been removed from our computers.,True,train
P00185,Our IT systems are now free from all unnecessary software.,1,COMPLIANT,CE2_SecureConfig,Cyber Essentials,unnecessary software removed or disabled,llm_paraphrase,S0031,Software that is not needed for care delivery has been removed from our computers.,True,train
P00186,All staff applications are removed from their devices prior to departure,1,COMPLIANT,CE2_SecureConfig,Cyber Essentials,unnecessary software removed or disabled,llm_paraphrase,S0032,We uninstall any applications that are not required for staff to do their jobs.,True,train
P00187,Staff are uninstall all unnecessary applications,1,COMPLIANT,CE2_SecureConfig,Cyber Essentials,unnecessary software removed or disabled,llm_paraphrase,S0032,We uninstall any applications that are not required for staff to do their jobs.,True,train
P00188,All staff applications are subject to mandatory uninstallation at the end of each shift,1,COMPLIANT,CE2_SecureConfig,Cyber Essentials,unnecessary software removed or disabled,llm_paraphrase,S0032,We uninstall any applications that are not required for staff to do their jobs.,True,train
P00189,Uninstallation of non-staff applications is in place,1,COMPLIANT,CE2_SecureConfig,Cyber Essentials,unnecessary software removed or disabled,llm_paraphrase,S0032,We uninstall any applications that are not required for staff to do their jobs.,True,train
P00190,Applications not required for staff duties are uninstalled from staff devices,1,COMPLIANT,CE2_SecureConfig,Cyber Essentials,unnecessary software removed or disabled,llm_paraphrase,S0032,We uninstall any applications that are not required for staff to do their jobs.,True,train
P00191,All staff have a responsibility to uninstall unnecessary applications from their work devices,1,COMPLIANT,CE2_SecureConfig,Cyber Essentials,unnecessary software removed or disabled,llm_paraphrase,S0032,We uninstall any applications that are not required for staff to do their jobs.,True,train
P00198,Dormant accounts are scrutinised and closed during our quarterly review process.,1,COMPLIANT,CE2_SecureConfig,Cyber Essentials,unused user accounts disabled/removed,llm_paraphrase,S0034,Dormant accounts are identified and closed during our quarterly account review.,True,train
P00199,"During our quarterly account review, all dormant accounts are formally closed.",1,COMPLIANT,CE2_SecureConfig,Cyber Essentials,unused user accounts disabled/removed,llm_paraphrase,S0034,Dormant accounts are identified and closed during our quarterly account review.,True,train
P00200,The quarterly account review identifies and subsequently closes all dormant accounts.,1,COMPLIANT,CE2_SecureConfig,Cyber Essentials,unused user accounts disabled/removed,llm_paraphrase,S0034,Dormant accounts are identified and closed during our quarterly account review.,True,train
P00201,Dormant accounts are confirmed to be inactive and then closed as part of our regular review cycle.,1,COMPLIANT,CE2_SecureConfig,Cyber Essentials,unused user accounts disabled/removed,llm_paraphrase,S0034,Dormant accounts are identified and closed during our quarterly account review.,True,train
P00202,"As part of our quarterly account review, all dormant accounts are identified and formally closed.",1,COMPLIANT,CE2_SecureConfig,Cyber Essentials,unused user accounts disabled/removed,llm_paraphrase,S0034,Dormant accounts are identified and closed during our quarterly account review.,True,train
P00203,All dormant accounts are reviewed and then closed during our quarterly review process.,1,COMPLIANT,CE2_SecureConfig,Cyber Essentials,unused user accounts disabled/removed,llm_paraphrase,S0034,Dormant accounts are identified and closed during our quarterly account review.,True,train
P00204,Auto-run is disabled to prevent USB sticks from launching programs automatically.,1,COMPLIANT,CE2_SecureConfig,Cyber Essentials,auto-run/auto-play disabled,llm_paraphrase,S0035,Auto-run is disabled so USB sticks cannot launch programs automatically.,True,train
P00205,All USB devices are prohibited from auto-running to maintain system security.,1,COMPLIANT,CE2_SecureConfig,Cyber Essentials,auto-run/auto-play disabled,llm_paraphrase,S0035,Auto-run is disabled so USB sticks cannot launch programs automatically.,True,train
P00206,The auto-run function is disabled on USB sticks to prevent unauthorised programme launches.,1,COMPLIANT,CE2_SecureConfig,Cyber Essentials,auto-run/auto-play disabled,llm_paraphrase,S0035,Auto-run is disabled so USB sticks cannot launch programs automatically.,True,train
P00207,USB stick auto-run has been disabled to prevent programmes from launching without user consent.,1,COMPLIANT,CE2_SecureConfig,Cyber Essentials,auto-run/auto-play disabled,llm_paraphrase,S0035,Auto-run is disabled so USB sticks cannot launch programs automatically.,True,train
P00208,The auto-run feature is disabled on all USB devices to prevent accidental programme launches.,1,COMPLIANT,CE2_SecureConfig,Cyber Essentials,auto-run/auto-play disabled,llm_paraphrase,S0035,Auto-run is disabled so USB sticks cannot launch programs automatically.,True,train
P00209,All USB devices are prohibited from executing programmes automatically to maintain system integrity.,1,COMPLIANT,CE2_SecureConfig,Cyber Essentials,auto-run/auto-play disabled,llm_paraphrase,S0035,Auto-run is disabled so USB sticks cannot launch programs automatically.,True,train
P00210,Removable media does not initiate automatically when inserted into our computers.,1,COMPLIANT,CE2_SecureConfig,Cyber Essentials,auto-run/auto-play disabled,llm_paraphrase,S0036,Removable media does not run automatically when plugged into our machines.,True,train
P00211,Inserting removable media does not trigger automatic operation in our equipment.,1,COMPLIANT,CE2_SecureConfig,Cyber Essentials,auto-run/auto-play disabled,llm_paraphrase,S0036,Removable media does not run automatically when plugged into our machines.,True,train
P00212,Our machines are not configured to run removable media upon plugging in.,1,COMPLIANT,CE2_SecureConfig,Cyber Essentials,auto-run/auto-play disabled,llm_paraphrase,S0036,Removable media does not run automatically when plugged into our machines.,True,train
P00213,Removable media is not enabled to run automatically on our computing devices.,1,COMPLIANT,CE2_SecureConfig,Cyber Essentials,auto-run/auto-play disabled,llm_paraphrase,S0036,Removable media does not run automatically when plugged into our machines.,True,train
P00214,Our machines do not automatically execute removable media upon being inserted.,1,COMPLIANT,CE2_SecureConfig,Cyber Essentials,auto-run/auto-play disabled,llm_paraphrase,S0036,Removable media does not run automatically when plugged into our machines.,True,train
P00215,Removable media is not set to run automatically when inserted into our systems.,1,COMPLIANT,CE2_SecureConfig,Cyber Essentials,auto-run/auto-play disabled,llm_paraphrase,S0036,Removable media does not run automatically when plugged into our machines.,True,train
P00216,Devices are configured to our standard security settings prior to being issued to staff.,1,COMPLIANT,CE2_SecureConfig,Cyber Essentials,devices hardened from default settings,llm_paraphrase,S0037,Devices are configured to our security baseline before being issued to staff.,True,train
P00217,All staff devices are set to our approved security configuration before use.,1,COMPLIANT,CE2_SecureConfig,Cyber Essentials,devices hardened from default settings,llm_paraphrase,S0037,Devices are configured to our security baseline before being issued to staff.,True,train
P00218,"As part of our security protocol, devices are configured to our baseline settings before being released to employees.",1,COMPLIANT,CE2_SecureConfig,Cyber Essentials,devices hardened from default settings,llm_paraphrase,S0037,Devices are configured to our security baseline before being issued to staff.,True,train
P00219,All devices are configured to our defined security standards before being issued.,1,COMPLIANT,CE2_SecureConfig,Cyber Essentials,devices hardened from default settings,llm_paraphrase,S0037,Devices are configured to our security baseline before being issued to staff.,True,train
P00220,Devices issued to staff are configured to our approved security baseline.,1,COMPLIANT,CE2_SecureConfig,Cyber Essentials,devices hardened from default settings,llm_paraphrase,S0037,Devices are configured to our security baseline before being issued to staff.,True,train
P00221,All devices issued to staff are set to our standard security settings.,1,COMPLIANT,CE2_SecureConfig,Cyber Essentials,devices hardened from default settings,llm_paraphrase,S0037,Devices are configured to our security baseline before being issued to staff.,True,train
P00234,"An accurate asset register is maintained at all times, detailing every device and application in use.",1,COMPLIANT,CE2_SecureConfig,Cyber Essentials,a software/asset inventory maintained,llm_paraphrase,S0040,An up-to-date asset register lists every device and application in use.,True,train
P00235,The asset register is updated regularly to reflect all current devices and applications.,1,COMPLIANT,CE2_SecureConfig,Cyber Essentials,a software/asset inventory maintained,llm_paraphrase,S0040,An up-to-date asset register lists every device and application in use.,True,train
P00236,Every device and application in use is included in the up-to-date asset register.,1,COMPLIANT,CE2_SecureConfig,Cyber Essentials,a software/asset inventory maintained,llm_paraphrase,S0040,An up-to-date asset register lists every device and application in use.,True,train
P00237,The asset register is a live record of all devices and applications currently in use.,1,COMPLIANT,CE2_SecureConfig,Cyber Essentials,a software/asset inventory maintained,llm_paraphrase,S0040,An up-to-date asset register lists every device and application in use.,True,train
P00238,All devices and applications in use are included in the asset register and regularly reviewed.,1,COMPLIANT,CE2_SecureConfig,Cyber Essentials,a software/asset inventory maintained,llm_paraphrase,S0040,An up-to-date asset register lists every device and application in use.,True,train
P00239,The asset register is a comprehensive record of all devices and applications in operational use.,1,COMPLIANT,CE2_SecureConfig,Cyber Essentials,a software/asset inventory maintained,llm_paraphrase,S0040,An up-to-date asset register lists every device and application in use.,True,train
P00240,This is a security risk and devices must be changed to unique passwords immediately,0,NON_COMPLIANT,CE2_SecureConfig,Cyber Essentials,default/manufacturer passwords unchanged,llm_paraphrase,S0041,Devices are still using the default passwords they came with.,True,train
P00241,"All devices currently using default passwords must be rectified with new, unique passwords",0,NON_COMPLIANT,CE2_SecureConfig,Cyber Essentials,default/manufacturer passwords unchanged,llm_paraphrase,S0041,Devices are still using the default passwords they came with.,True,train
P00242,Devices are non-compliant until they are updated with alternative passwords,0,NON_COMPLIANT,CE2_SecureConfig,Cyber Essentials,default/manufacturer passwords unchanged,llm_paraphrase,S0041,Devices are still using the default passwords they came with.,True,train
P00243,Compliance requires devices to use alternative passwords; those using defaults are at risk,0,NON_COMPLIANT,CE2_SecureConfig,Cyber Essentials,default/manufacturer passwords unchanged,llm_paraphrase,S0041,Devices are still using the default passwords they came with.,True,train
P00244,Regulatory compliance dictates devices be updated with alternative passwords; defaults are unacceptable,0,NON_COMPLIANT,CE2_SecureConfig,Cyber Essentials,default/manufacturer passwords unchanged,llm_paraphrase,S0041,Devices are still using the default passwords they came with.,True,train
P00245,Devices must be updated to unique passwords to meet minimum compliance standards,0,NON_COMPLIANT,CE2_SecureConfig,Cyber Essentials,default/manufacturer passwords unchanged,llm_paraphrase,S0041,Devices are still using the default passwords they came with.,True,train
P00246,The care records tablet's factory password has not been updated as required.,0,NON_COMPLIANT,CE2_SecureConfig,Cyber Essentials,default/manufacturer passwords unchanged,llm_paraphrase,S0042,The care records tablet has never had its factory password changed.,True,train
P00247,No password update has been performed for the care records tablet.,0,NON_COMPLIANT,CE2_SecureConfig,Cyber Essentials,default/manufacturer passwords unchanged,llm_paraphrase,S0042,The care records tablet has never had its factory password changed.,True,train
P00248,It is mandatory to update the factory password for the care records tablet.,0,NON_COMPLIANT,CE2_SecureConfig,Cyber Essentials,default/manufacturer passwords unchanged,llm_paraphrase,S0042,The care records tablet has never had its factory password changed.,True,train
P00249,The care records tablet factory password is overdue for a change.,0,NON_COMPLIANT,CE2_SecureConfig,Cyber Essentials,default/manufacturer passwords unchanged,llm_paraphrase,S0042,The care records tablet has never had its factory password changed.,True,train
P00250,The care records tablet's factory password has not been refreshed.,0,NON_COMPLIANT,CE2_SecureConfig,Cyber Essentials,default/manufacturer passwords unchanged,llm_paraphrase,S0042,The care records tablet has never had its factory password changed.,True,train
P00251,The care records tablet's password is not in line with current security protocols.,0,NON_COMPLIANT,CE2_SecureConfig,Cyber Essentials,default/manufacturer passwords unchanged,llm_paraphrase,S0042,The care records tablet has never had its factory password changed.,True,train
P00252,Staff are required to seek prior authorisation before installing software on work computers.,0,NON_COMPLIANT,CE2_SecureConfig,Cyber Essentials,unnecessary or unknown software left installed,llm_paraphrase,S0043,Staff install software on work computers without asking anyone first.,True,train
P00253,The installation of software on work computers must be approved in advance by designated personnel.,0,NON_COMPLIANT,CE2_SecureConfig,Cyber Essentials,unnecessary or unknown software left installed,llm_paraphrase,S0043,Staff install software on work computers without asking anyone first.,True,train
P00254,Software installation on work computers is strictly controlled and approval from management is mandatory.,0,NON_COMPLIANT,CE2_SecureConfig,Cyber Essentials,unnecessary or unknown software left installed,llm_paraphrase,S0043,Staff install software on work computers without asking anyone first.,True,train
P00255,Prior consent is strictly necessary before staff install software on work computers.,0,NON_COMPLIANT,CE2_SecureConfig,Cyber Essentials,unnecessary or unknown software left installed,llm_paraphrase,S0043,Staff install software on work computers without asking anyone first.,True,train
P00256,All software installations on work computers must be formally sanctioned in advance.,0,NON_COMPLIANT,CE2_SecureConfig,Cyber Essentials,unnecessary or unknown software left installed,llm_paraphrase,S0043,Staff install software on work computers without asking anyone first.,True,train
P00257,Installation of software on work computers is subject to mandatory prior authorisation by senior management.,0,NON_COMPLIANT,CE2_SecureConfig,Cyber Essentials,unnecessary or unknown software left installed,llm_paraphrase,S0043,Staff install software on work computers without asking anyone first.,True,train
P00258,Computers are required to only have official applications installed,0,NON_COMPLIANT,CE2_SecureConfig,Cyber Essentials,unnecessary or unknown software left installed,llm_paraphrase,S0044,Several computers have games and personal applications installed on them.,True,train
P00259,Games and personal applications are not permitted on company computers,0,NON_COMPLIANT,CE2_SecureConfig,Cyber Essentials,unnecessary or unknown software left installed,llm_paraphrase,S0044,Several computers have games and personal applications installed on them.,True,train
P00260,All staff are expected to ensure only official applications are installed on their devices,0,NON_COMPLIANT,CE2_SecureConfig,Cyber Essentials,unnecessary or unknown software left installed,llm_paraphrase,S0044,Several computers have games and personal applications installed on them.,True,train
P00261,The installation of games and personal applications on company computers is strictly prohibited,0,NON_COMPLIANT,CE2_SecureConfig,Cyber Essentials,unnecessary or unknown software left installed,llm_paraphrase,S0044,Several computers have games and personal applications installed on them.,True,train
P00262,"Non-official applications, including games, must not be installed on work computers",0,NON_COMPLIANT,CE2_SecureConfig,Cyber Essentials,unnecessary or unknown software left installed,llm_paraphrase,S0044,Several computers have games and personal applications installed on them.,True,train
P00263,Staff are responsible for adhering to the policy of only installing official applications on company devices,0,NON_COMPLIANT,CE2_SecureConfig,Cyber Essentials,unnecessary or unknown software left installed,llm_paraphrase,S0044,Several computers have games and personal applications installed on them.,True,train
P00264,"Inaccurate staff records remain active on the system, as staff accounts for those who left over 3 months ago are not removed.",0,NON_COMPLIANT,CE2_SecureConfig,Cyber Essentials,dormant or unused accounts left active,llm_paraphrase,S0045,Accounts for staff who left months ago are still active on the system.,True,train
P00265,"In accordance with our IT policy, staff accounts for those who have left the organisation for over 3 months are not deleted from the system.",0,NON_COMPLIANT,CE2_SecureConfig,Cyber Essentials,dormant or unused accounts left active,llm_paraphrase,S0045,Accounts for staff who left months ago are still active on the system.,True,train
P00266,The system's records indicate that staff accounts for individuals who have been absent for over 3 months are still active.,0,NON_COMPLIANT,CE2_SecureConfig,Cyber Essentials,dormant or unused accounts left active,llm_paraphrase,S0045,Accounts for staff who left months ago are still active on the system.,True,train
P00267,It is a compliance requirement that staff accounts for those who have left the premises for more than 3 months be deleted from the system.,0,NON_COMPLIANT,CE2_SecureConfig,Cyber Essentials,dormant or unused accounts left active,llm_paraphrase,S0045,Accounts for staff who left months ago are still active on the system.,True,train
P00268,"The IT system currently contains active staff records for individuals who have been absent for over 3 months, contrary to our policy.",0,NON_COMPLIANT,CE2_SecureConfig,Cyber Essentials,dormant or unused accounts left active,llm_paraphrase,S0045,Accounts for staff who left months ago are still active on the system.,True,train
P00269,"Despite being no longer employed, staff accounts for those who left the organisation over 3 months ago remain active on the system.",0,NON_COMPLIANT,CE2_SecureConfig,Cyber Essentials,dormant or unused accounts left active,llm_paraphrase,S0045,Accounts for staff who left months ago are still active on the system.,True,train
P00282,Auto-run has not been disabled on office computers,0,NON_COMPLIANT,CE2_SecureConfig,Cyber Essentials,auto-run left enabled on removable media,llm_paraphrase,S0048,Auto-run has not been turned off on the office computers.,True,train
P00283,Office computers are not running without being manually enabled,0,NON_COMPLIANT,CE2_SecureConfig,Cyber Essentials,auto-run left enabled on removable media,llm_paraphrase,S0048,Auto-run has not been turned off on the office computers.,True,train
P00284,It is essential that auto-run is not activated on office computers,0,NON_COMPLIANT,CE2_SecureConfig,Cyber Essentials,auto-run left enabled on removable media,llm_paraphrase,S0048,Auto-run has not been turned off on the office computers.,True,train
P00285,All office computers are currently running auto-run unchecked,0,NON_COMPLIANT,CE2_SecureConfig,Cyber Essentials,auto-run left enabled on removable media,llm_paraphrase,S0048,Auto-run has not been turned off on the office computers.,True,train
P00286,Auto-run has not been disabled on office computer systems,0,NON_COMPLIANT,CE2_SecureConfig,Cyber Essentials,auto-run left enabled on removable media,llm_paraphrase,S0048,Auto-run has not been turned off on the office computers.,True,train
P00287,Office computers are currently running auto-run without external intervention,0,NON_COMPLIANT,CE2_SecureConfig,Cyber Essentials,auto-run left enabled on removable media,llm_paraphrase,S0048,Auto-run has not been turned off on the office computers.,True,train
P00288,"Staff must use computers in their original configuration, with no security settings applied.",0,NON_COMPLIANT,CE2_SecureConfig,Cyber Essentials,devices left on out-of-the-box settings,llm_paraphrase,S0049,"Computers are used exactly as they arrived, with no security settings applied.",True,train
P00289,"The requirement is that computers are used with no security settings applied, as initially set up.",0,NON_COMPLIANT,CE2_SecureConfig,Cyber Essentials,devices left on out-of-the-box settings,llm_paraphrase,S0049,"Computers are used exactly as they arrived, with no security settings applied.",True,train
P00290,All computers are used with their original security settings unchanged.,0,NON_COMPLIANT,CE2_SecureConfig,Cyber Essentials,devices left on out-of-the-box settings,llm_paraphrase,S0049,"Computers are used exactly as they arrived, with no security settings applied.",True,train
P00291,Computers are installed and used with no additional security settings applied.,0,NON_COMPLIANT,CE2_SecureConfig,Cyber Essentials,devices left on out-of-the-box settings,llm_paraphrase,S0049,"Computers are used exactly as they arrived, with no security settings applied.",True,train
P00292,"Employees must maintain their original computer configuration, with no changes to security settings.",0,NON_COMPLIANT,CE2_SecureConfig,Cyber Essentials,devices left on out-of-the-box settings,llm_paraphrase,S0049,"Computers are used exactly as they arrived, with no security settings applied.",True,train
P00304,The provider's failure to report device usage is a significant non-compliance issue.,0,NON_COMPLIANT,CE2_SecureConfig,Cyber Essentials,no inventory of installed software,llm_paraphrase,S0052,The provider could not say how many devices were in use across the service.,True,train
P00305,Not all devices were accounted for across the service.,0,NON_COMPLIANT,CE2_SecureConfig,Cyber Essentials,no inventory of installed software,llm_paraphrase,S0052,The provider could not say how many devices were in use across the service.,True,train
P00306,Device usage reporting is incomplete and unacceptable.,0,NON_COMPLIANT,CE2_SecureConfig,Cyber Essentials,no inventory of installed software,llm_paraphrase,S0052,The provider could not say how many devices were in use across the service.,True,train
P00307,Devices not accounted for across the service is a compliance breach.,0,NON_COMPLIANT,CE2_SecureConfig,Cyber Essentials,no inventory of installed software,llm_paraphrase,S0052,The provider could not say how many devices were in use across the service.,True,train
P00308,The provider's device usage reporting is woefully inadequate.,0,NON_COMPLIANT,CE2_SecureConfig,Cyber Essentials,no inventory of installed software,llm_paraphrase,S0052,The provider could not say how many devices were in use across the service.,True,train
P00309,Device usage is not accurately recorded across the service.,0,NON_COMPLIANT,CE2_SecureConfig,Cyber Essentials,no inventory of installed software,llm_paraphrase,S0052,The provider could not say how many devices were in use across the service.,True,train
P00310,Critical security updates are installed within fourteen days of release.,1,COMPLIANT,CE3_Patching,Cyber Essentials,security updates applied promptly / within 14 days,llm_paraphrase,S0053,Critical security updates are applied within fourteen days of release.,True,train
P00311,All staff are apply security updates within fourteen days of release.,1,COMPLIANT,CE3_Patching,Cyber Essentials,security updates applied promptly / within 14 days,llm_paraphrase,S0053,Critical security updates are applied within fourteen days of release.,True,train
P00312,The security update installation deadline is fourteen days from release.,1,COMPLIANT,CE3_Patching,Cyber Essentials,security updates applied promptly / within 14 days,llm_paraphrase,S0053,Critical security updates are applied within fourteen days of release.,True,train
P00313,Security updates are implemented within fourteen days of release.,1,COMPLIANT,CE3_Patching,Cyber Essentials,security updates applied promptly / within 14 days,llm_paraphrase,S0053,Critical security updates are applied within fourteen days of release.,True,train
P00314,Regular security updates are applied within fourteen days of release.,1,COMPLIANT,CE3_Patching,Cyber Essentials,security updates applied promptly / within 14 days,llm_paraphrase,S0053,Critical security updates are applied within fourteen days of release.,True,train
P00315,Failure to apply security updates within fourteen days of release will be considered non-compliant.,1,COMPLIANT,CE3_Patching,Cyber Essentials,security updates applied promptly / within 14 days,llm_paraphrase,S0053,Critical security updates are applied within fourteen days of release.,True,train
P00322,Automatic updates are enabled on all systems to ensure compliance with regulatory requirements.,1,COMPLIANT,CE3_Patching,Cyber Essentials,automatic updates enabled,llm_paraphrase,S0055,Automatic updates are switched on across all our computers and tablets.,True,train
P00323,All computers and tablets have automatic updates enabled.,1,COMPLIANT,CE3_Patching,Cyber Essentials,automatic updates enabled,llm_paraphrase,S0055,Automatic updates are switched on across all our computers and tablets.,True,train
P00324,"To maintain regulatory compliance, automatic updates are activated across all devices.",1,COMPLIANT,CE3_Patching,Cyber Essentials,automatic updates enabled,llm_paraphrase,S0055,Automatic updates are switched on across all our computers and tablets.,True,train
P00325,Compliance with regulatory standards necessitates automatic updates on all computer and tablet systems.,1,COMPLIANT,CE3_Patching,Cyber Essentials,automatic updates enabled,llm_paraphrase,S0055,Automatic updates are switched on across all our computers and tablets.,True,train
P00326,Automatic updates are in place across all our computer and tablet systems.,1,COMPLIANT,CE3_Patching,Cyber Essentials,automatic updates enabled,llm_paraphrase,S0055,Automatic updates are switched on across all our computers and tablets.,True,train
P00327,Regulatory compliance dictates that automatic updates are enabled on all our computers and tablets.,1,COMPLIANT,CE3_Patching,Cyber Essentials,automatic updates enabled,llm_paraphrase,S0055,Automatic updates are switched on across all our computers and tablets.,True,train
P00334,All software we use is maintained to receive ongoing security updates.,1,COMPLIANT,CE3_Patching,Cyber Essentials,only supported/maintained software in use,llm_paraphrase,S0057,All software we use is still supported and receives security updates.,True,train
P00335,All software in use continue to receive security updates.,1,COMPLIANT,CE3_Patching,Cyber Essentials,only supported/maintained software in use,llm_paraphrase,S0057,All software we use is still supported and receives security updates.,True,train
P00336,Support for all used software is required until security updates are no longer available.,1,COMPLIANT,CE3_Patching,Cyber Essentials,only supported/maintained software in use,llm_paraphrase,S0057,All software we use is still supported and receives security updates.,True,train
P00337,We ensure all software is supported to receive regular security updates.,1,COMPLIANT,CE3_Patching,Cyber Essentials,only supported/maintained software in use,llm_paraphrase,S0057,All software we use is still supported and receives security updates.,True,train
P00338,All software we use continue to be supported.,1,COMPLIANT,CE3_Patching,Cyber Essentials,only supported/maintained software in use,llm_paraphrase,S0057,All software we use is still supported and receives security updates.,True,train
P00339,Supported software continue to receive security updates.,1,COMPLIANT,CE3_Patching,Cyber Essentials,only supported/maintained software in use,llm_paraphrase,S0057,All software we use is still supported and receives security updates.,True,train
P00340,Our applications are checked to ensure they remain within the vendor's support period,1,COMPLIANT,CE3_Patching,Cyber Essentials,only supported/maintained software in use,llm_paraphrase,S0058,We check that our applications remain within the vendor's support period.,True,train
P00341,All applications are verified to be within the vendor's support timeframe,1,COMPLIANT,CE3_Patching,Cyber Essentials,only supported/maintained software in use,llm_paraphrase,S0058,We check that our applications remain within the vendor's support period.,True,train
P00342,Our systems are checked to ensure applications remain within the vendor's support period,1,COMPLIANT,CE3_Patching,Cyber Essentials,only supported/maintained software in use,llm_paraphrase,S0058,We check that our applications remain within the vendor's support period.,True,train
P00343,All applications are verified to be within the vendor's support period and remain compliant,1,COMPLIANT,CE3_Patching,Cyber Essentials,only supported/maintained software in use,llm_paraphrase,S0058,We check that our applications remain within the vendor's support period.,True,train
P00344,We verify that all applications fall within the vendor's support period,1,COMPLIANT,CE3_Patching,Cyber Essentials,only supported/maintained software in use,llm_paraphrase,S0058,We check that our applications remain within the vendor's support period.,True,train
P00345,All applications are checked to ensure they are still within the vendor's support period,1,COMPLIANT,CE3_Patching,Cyber Essentials,only supported/maintained software in use,llm_paraphrase,S0058,We check that our applications remain within the vendor's support period.,True,train
P00346,Our operating systems are regularly updated with the latest security patches and software enhancements to ensure continuous compliance.,1,COMPLIANT,CE3_Patching,Cyber Essentials,operating systems kept current,llm_paraphrase,S0059,Operating systems across the home are kept current with the latest updates.,True,train
P00347,All staff ensure the home's operating systems are updated.,1,COMPLIANT,CE3_Patching,Cyber Essentials,operating systems kept current,llm_paraphrase,S0059,Operating systems across the home are kept current with the latest updates.,True,train
P00348,The IT team ensures that all operating systems are current with the latest updates to maintain regulatory compliance.,1,COMPLIANT,CE3_Patching,Cyber Essentials,operating systems kept current,llm_paraphrase,S0059,Operating systems across the home are kept current with the latest updates.,True,train
P00349,.,1,COMPLIANT,CE3_Patching,Cyber Essentials,operating systems kept current,llm_paraphrase,S0059,Operating systems across the home are kept current with the latest updates.,True,train
P00350,"Operating system updates are a critical component of our compliance strategy, and all staff are adhere to our update schedule.",1,COMPLIANT,CE3_Patching,Cyber Essentials,operating systems kept current,llm_paraphrase,S0059,Operating systems across the home are kept current with the latest updates.,True,train
P00351,Our IT policy requires that all operating systems are kept up-to-date with the latest updates to ensure ongoing compliance with regulatory requirements.,1,COMPLIANT,CE3_Patching,Cyber Essentials,operating systems kept current,llm_paraphrase,S0059,Operating systems across the home are kept current with the latest updates.,True,train
P00352,Our IT provider is responsible for monitoring patch status and reporting on it on a monthly basis.,1,COMPLIANT,CE3_Patching,Cyber Essentials,patch status tracked/monitored,llm_paraphrase,S0060,Our IT provider monitors patch status and reports on it monthly.,True,train
P00353,Monthly patch status reporting is in place for our IT provider.,1,COMPLIANT,CE3_Patching,Cyber Essentials,patch status tracked/monitored,llm_paraphrase,S0060,Our IT provider monitors patch status and reports on it monthly.,True,train
P00354,The IT provider's monitoring of patch status and reporting obligations are conducted on a monthly cycle.,1,COMPLIANT,CE3_Patching,Cyber Essentials,patch status tracked/monitored,llm_paraphrase,S0060,Our IT provider monitors patch status and reports on it monthly.,True,train
P00355,Our IT provider reviews patch status monthly and submits a report.,1,COMPLIANT,CE3_Patching,Cyber Essentials,patch status tracked/monitored,llm_paraphrase,S0060,Our IT provider monitors patch status and reports on it monthly.,True,train
P00356,Our IT provider perform monthly patch status reviews and provide a report as a condition of our contract.,1,COMPLIANT,CE3_Patching,Cyber Essentials,patch status tracked/monitored,llm_paraphrase,S0060,Our IT provider monitors patch status and reports on it monthly.,True,train
P00357,Monthly patch status reporting is a contractual requirement for our IT provider.,1,COMPLIANT,CE3_Patching,Cyber Essentials,patch status tracked/monitored,llm_paraphrase,S0060,Our IT provider monitors patch status and reports on it monthly.,True,train
P00364,Equipment that is no longer supported is removed from service,1,COMPLIANT,CE3_Patching,Cyber Essentials,unsupported items removed or replaced,llm_paraphrase,S0062,Equipment that can no longer be updated is replaced rather than kept in use.,True,train
P00365,Outdated equipment is replaced with newer models,1,COMPLIANT,CE3_Patching,Cyber Essentials,unsupported items removed or replaced,llm_paraphrase,S0062,Equipment that can no longer be updated is replaced rather than kept in use.,True,train
P00366,Non-supported equipment is phased out,1,COMPLIANT,CE3_Patching,Cyber Essentials,unsupported items removed or replaced,llm_paraphrase,S0062,Equipment that can no longer be updated is replaced rather than kept in use.,True,train
P00367,Equipment beyond its support life is withdrawn,1,COMPLIANT,CE3_Patching,Cyber Essentials,unsupported items removed or replaced,llm_paraphrase,S0062,Equipment that can no longer be updated is replaced rather than kept in use.,True,train
P00368,Unsupported equipment is not retained,1,COMPLIANT,CE3_Patching,Cyber Essentials,unsupported items removed or replaced,llm_paraphrase,S0062,Equipment that can no longer be updated is replaced rather than kept in use.,True,train
P00369,Older equipment that can no longer be updated is replaced,1,COMPLIANT,CE3_Patching,Cyber Essentials,unsupported items removed or replaced,llm_paraphrase,S0062,Equipment that can no longer be updated is replaced rather than kept in use.,True,train
P00382,Automatic updates have been disabled due to staff concerns over disruptions.,0,NON_COMPLIANT,CE3_Patching,Cyber Essentials,automatic updates disabled,llm_paraphrase,S0065,Automatic updates have been turned off because staff found them disruptive.,True,train
P00383,Staff have opted out of automatic updates to prevent service interruptions.,0,NON_COMPLIANT,CE3_Patching,Cyber Essentials,automatic updates disabled,llm_paraphrase,S0065,Automatic updates have been turned off because staff found them disruptive.,True,train
P00384,"Due to staff objections, automatic updates have been disabled.",0,NON_COMPLIANT,CE3_Patching,Cyber Essentials,automatic updates disabled,llm_paraphrase,S0065,Automatic updates have been turned off because staff found them disruptive.,True,train
P00385,"Staff have expressed concerns that automatic updates cause disruptions, so they have been disabled.",0,NON_COMPLIANT,CE3_Patching,Cyber Essentials,automatic updates disabled,llm_paraphrase,S0065,Automatic updates have been turned off because staff found them disruptive.,True,train
P00386,Automatic updates have been disabled in line with staff preferences for minimal service disruption.,0,NON_COMPLIANT,CE3_Patching,Cyber Essentials,automatic updates disabled,llm_paraphrase,S0065,Automatic updates have been turned off because staff found them disruptive.,True,train
P00387,"Staff have reported disruptions from automatic updates, so these have been switched off.",0,NON_COMPLIANT,CE3_Patching,Cyber Essentials,automatic updates disabled,llm_paraphrase,S0065,Automatic updates have been turned off because staff found them disruptive.,True,train
P00388,Updates are not enabled on the medication system computer.,0,NON_COMPLIANT,CE3_Patching,Cyber Essentials,automatic updates disabled,llm_paraphrase,S0066,Updates are disabled on the medication system computer.,True,train
P00389,The medication system computer does not allow updates to be applied.,0,NON_COMPLIANT,CE3_Patching,Cyber Essentials,automatic updates disabled,llm_paraphrase,S0066,Updates are disabled on the medication system computer.,True,train
P00390,No updates are permitted on the medication system computer.,0,NON_COMPLIANT,CE3_Patching,Cyber Essentials,automatic updates disabled,llm_paraphrase,S0066,Updates are disabled on the medication system computer.,True,train
P00391,Medication system computer configuration excludes update capabilities.,0,NON_COMPLIANT,CE3_Patching,Cyber Essentials,automatic updates disabled,llm_paraphrase,S0066,Updates are disabled on the medication system computer.,True,train
P00392,Updates are not permitted on the medication system computer.,0,NON_COMPLIANT,CE3_Patching,Cyber Essentials,automatic updates disabled,llm_paraphrase,S0066,Updates are disabled on the medication system computer.,True,train
P00393,The medication system computer's configuration precludes updates.,0,NON_COMPLIANT,CE3_Patching,Cyber Essentials,automatic updates disabled,llm_paraphrase,S0066,Updates are disabled on the medication system computer.,True,train
P00394,Certain systems are presently using outdated software supplied by the supplier.,0,NON_COMPLIANT,CE3_Patching,Cyber Essentials,unsupported/end-of-life software in use,llm_paraphrase,S0067,Several computers are running software the vendor no longer supports.,True,train
P00395,It is imperative that all computers are upgraded to current software supplied by the vendor.,0,NON_COMPLIANT,CE3_Patching,Cyber Essentials,unsupported/end-of-life software in use,llm_paraphrase,S0067,Several computers are running software the vendor no longer supports.,True,train
P00396,Our IT systems must immediately be updated to utilise supported software supplied by the vendor.,0,NON_COMPLIANT,CE3_Patching,Cyber Essentials,unsupported/end-of-life software in use,llm_paraphrase,S0067,Several computers are running software the vendor no longer supports.,True,train
P00397,Outdated software supplied by the vendor is currently being used on several computers.,0,NON_COMPLIANT,CE3_Patching,Cyber Essentials,unsupported/end-of-life software in use,llm_paraphrase,S0067,Several computers are running software the vendor no longer supports.,True,train
P00398,"All computers are required to use software supplied by the vendor, not previously supplied by them.",0,NON_COMPLIANT,CE3_Patching,Cyber Essentials,unsupported/end-of-life software in use,llm_paraphrase,S0067,Several computers are running software the vendor no longer supports.,True,train
P00399,The use of unsupported software supplied by the vendor is currently present on several systems.,0,NON_COMPLIANT,CE3_Patching,Cyber Essentials,unsupported/end-of-life software in use,llm_paraphrase,S0067,Several computers are running software the vendor no longer supports.,True,train
P00400,The PC's operating system remains unsupported due to the end of maintenance,0,NON_COMPLIANT,CE3_Patching,Cyber Essentials,unsupported/end-of-life software in use,llm_paraphrase,S0068,The office PC still runs an operating system that stopped receiving updates.,True,train
P00401,Failure to update the PC's OS is not compliant with our IT policy,0,NON_COMPLIANT,CE3_Patching,Cyber Essentials,unsupported/end-of-life software in use,llm_paraphrase,S0068,The office PC still runs an operating system that stopped receiving updates.,True,train
P00402,Non-compliant operating system on office PC is unacceptable,0,NON_COMPLIANT,CE3_Patching,Cyber Essentials,unsupported/end-of-life software in use,llm_paraphrase,S0068,The office PC still runs an operating system that stopped receiving updates.,True,train
P00403,"The office PC's OS is not updated, contravening our IT policy guidelines",0,NON_COMPLIANT,CE3_Patching,Cyber Essentials,unsupported/end-of-life software in use,llm_paraphrase,S0068,The office PC still runs an operating system that stopped receiving updates.,True,train
P00404,"Our IT policy requires regular OS updates, but this PC has fallen behind",0,NON_COMPLIANT,CE3_Patching,Cyber Essentials,unsupported/end-of-life software in use,llm_paraphrase,S0068,The office PC still runs an operating system that stopped receiving updates.,True,train
P00405,"The office PC's OS no longer receives updates, breaching our IT policy and putting the system at risk",0,NON_COMPLIANT,CE3_Patching,Cyber Essentials,unsupported/end-of-life software in use,llm_paraphrase,S0068,The office PC still runs an operating system that stopped receiving updates.,True,train
P00406,Certain computer systems utilise outdated operating systems beyond their official end-of-life dates.,0,NON_COMPLIANT,CE3_Patching,Cyber Essentials,outdated operating systems running,llm_paraphrase,S0069,Some machines are running outdated operating systems that are past end-of-life.,True,train
P00407,The operation of some machines is dependent on outdated operating systems that have reached their end-of-life.,0,NON_COMPLIANT,CE3_Patching,Cyber Essentials,outdated operating systems running,llm_paraphrase,S0069,Some machines are running outdated operating systems that are past end-of-life.,True,train
P00408,It has been identified that some machines are running operating systems that are no longer supported due to their age.,0,NON_COMPLIANT,CE3_Patching,Cyber Essentials,outdated operating systems running,llm_paraphrase,S0069,Some machines are running outdated operating systems that are past end-of-life.,True,train
P00409,"Machines with outdated operating systems are in use, which contravenes the organisation's end-of-life policy.",0,NON_COMPLIANT,CE3_Patching,Cyber Essentials,outdated operating systems running,llm_paraphrase,S0069,Some machines are running outdated operating systems that are past end-of-life.,True,train
P00410,There are instances where computer systems are operating with outdated operating systems that are no longer receiving security updates.,0,NON_COMPLIANT,CE3_Patching,Cyber Essentials,outdated operating systems running,llm_paraphrase,S0069,Some machines are running outdated operating systems that are past end-of-life.,True,train
P00411,The continued use of some machines by outdated operating systems constitutes a breach of our organisation's end-of-life policy.,0,NON_COMPLIANT,CE3_Patching,Cyber Essentials,outdated operating systems running,llm_paraphrase,S0069,Some machines are running outdated operating systems that are past end-of-life.,True,train
P00412,Machines that continue to operate with outdated operating systems are considered to be non-compliant with our end-of-life guidelines.,0,NON_COMPLIANT,CE3_Patching,Cyber Essentials,outdated operating systems running,llm_paraphrase,S0069,Some machines are running outdated operating systems that are past end-of-life.,True,train
P00413,The operation of certain machines is non-compliant with our end-of-life policy due to the use of outdated operating systems.,0,NON_COMPLIANT,CE3_Patching,Cyber Essentials,outdated operating systems running,llm_paraphrase,S0069,Some machines are running outdated operating systems that are past end-of-life.,True,train
P00414,"Older operating systems are still being used on some machines, which poses a risk to the security of the system and our organisation.",0,NON_COMPLIANT,CE3_Patching,Cyber Essentials,outdated operating systems running,llm_paraphrase,S0069,Some machines are running outdated operating systems that are past end-of-life.,True,train
P00415,No method exists for verifying device updates have been applied.,0,NON_COMPLIANT,CE3_Patching,Cyber Essentials,no process for tracking patches,llm_paraphrase,S0070,There is no way of knowing whether devices have received their updates.,True,train
P00416,Device updates are not checked for compliance.,0,NON_COMPLIANT,CE3_Patching,Cyber Essentials,no process for tracking patches,llm_paraphrase,S0070,There is no way of knowing whether devices have received their updates.,True,train
P00417,The process of updating devices is not tracked or verified.,0,NON_COMPLIANT,CE3_Patching,Cyber Essentials,no process for tracking patches,llm_paraphrase,S0070,There is no way of knowing whether devices have received their updates.,True,train
P00418,Device updates are not routinely confirmed as received.,0,NON_COMPLIANT,CE3_Patching,Cyber Essentials,no process for tracking patches,llm_paraphrase,S0070,There is no way of knowing whether devices have received their updates.,True,train
P00419,There is no system in place to confirm device update receipt.,0,NON_COMPLIANT,CE3_Patching,Cyber Essentials,no process for tracking patches,llm_paraphrase,S0070,There is no way of knowing whether devices have received their updates.,True,train
P00420,Device updates are not verified as having been successfully installed.,0,NON_COMPLIANT,CE3_Patching,Cyber Essentials,no process for tracking patches,llm_paraphrase,S0070,There is no way of knowing whether devices have received their updates.,True,train
P00427,Unsupported equipment is still being used daily without a replacement plan in place.,0,NON_COMPLIANT,CE3_Patching,Cyber Essentials,unsupported items knowingly retained without action,llm_paraphrase,S0072,Unsupported equipment is still in daily use with no plan to replace it.,True,train
P00428,Daily use of unsupported equipment is still permitted without a scheduled replacement.,0,NON_COMPLIANT,CE3_Patching,Cyber Essentials,unsupported items knowingly retained without action,llm_paraphrase,S0072,Unsupported equipment is still in daily use with no plan to replace it.,True,train
P00429,"Unsupported equipment is currently being used daily, despite the need for a replacement plan.",0,NON_COMPLIANT,CE3_Patching,Cyber Essentials,unsupported items knowingly retained without action,llm_paraphrase,S0072,Unsupported equipment is still in daily use with no plan to replace it.,True,train
P00430,Daily use of unapproved equipment is still allowed without a replacement plan.,0,NON_COMPLIANT,CE3_Patching,Cyber Essentials,unsupported items knowingly retained without action,llm_paraphrase,S0072,Unsupported equipment is still in daily use with no plan to replace it.,True,train
P00431,"Unsupported equipment continues to be used daily, with no scheduled replacement implemented.",0,NON_COMPLIANT,CE3_Patching,Cyber Essentials,unsupported items knowingly retained without action,llm_paraphrase,S0072,Unsupported equipment is still in daily use with no plan to replace it.,True,train
P00432,Daily use of non-approved equipment is still permitted without a replacement plan in effect.,0,NON_COMPLIANT,CE3_Patching,Cyber Essentials,unsupported items knowingly retained without action,llm_paraphrase,S0072,Unsupported equipment is still in daily use with no plan to replace it.,True,train
P00433,Multi-factor authentication is in place for all remote system access.,1,COMPLIANT,CE4_AccessControl,Cyber Essentials,MFA enabled on remote/cloud/internet-facing access,llm_paraphrase,S0073,Multi-factor authentication is enabled for all remote access to our systems.,True,train
P00434,Remote access to our systems is only permitted via multi-factor authentication.,1,COMPLIANT,CE4_AccessControl,Cyber Essentials,MFA enabled on remote/cloud/internet-facing access,llm_paraphrase,S0073,Multi-factor authentication is enabled for all remote access to our systems.,True,train
P00435,All staff accessing our systems remotely use multi-factor authentication.,1,COMPLIANT,CE4_AccessControl,Cyber Essentials,MFA enabled on remote/cloud/internet-facing access,llm_paraphrase,S0073,Multi-factor authentication is enabled for all remote access to our systems.,True,train
P00436,Multi-factor authentication is required for all remote system access to our systems.,1,COMPLIANT,CE4_AccessControl,Cyber Essentials,MFA enabled on remote/cloud/internet-facing access,llm_paraphrase,S0073,Multi-factor authentication is enabled for all remote access to our systems.,True,train
P00437,Staff accessing our systems remotely use multi-factor authentication.,1,COMPLIANT,CE4_AccessControl,Cyber Essentials,MFA enabled on remote/cloud/internet-facing access,llm_paraphrase,S0073,Multi-factor authentication is enabled for all remote access to our systems.,True,train
P00438,Multi-factor authentication is obligatory for all remote access to our systems.,1,COMPLIANT,CE4_AccessControl,Cyber Essentials,MFA enabled on remote/cloud/internet-facing access,llm_paraphrase,S0073,Multi-factor authentication is enabled for all remote access to our systems.,True,train
P00439,"Staff use a second factor to sign in to our cloud care records,",1,COMPLIANT,CE4_AccessControl,Cyber Essentials,MFA enabled on remote/cloud/internet-facing access,llm_paraphrase,S0074,Staff must use a second factor to sign in to our cloud care records.,True,train
P00440,"By policy, staff authenticate with a secondary factor when accessing our cloud-based records system.",1,COMPLIANT,CE4_AccessControl,Cyber Essentials,MFA enabled on remote/cloud/internet-facing access,llm_paraphrase,S0074,Staff must use a second factor to sign in to our cloud care records.,True,train
P00441,All staff implement two-factor authentication for cloud access to our care records.,1,COMPLIANT,CE4_AccessControl,Cyber Essentials,MFA enabled on remote/cloud/internet-facing access,llm_paraphrase,S0074,Staff must use a second factor to sign in to our cloud care records.,True,train
P00442,It is in place for staff to use a second authentication method to sign in to our cloud care records system.,1,COMPLIANT,CE4_AccessControl,Cyber Essentials,MFA enabled on remote/cloud/internet-facing access,llm_paraphrase,S0074,Staff must use a second factor to sign in to our cloud care records.,True,train
P00443,The use of a second factor is in place for staff access to our cloud records; all staff use it.,1,COMPLIANT,CE4_AccessControl,Cyber Essentials,MFA enabled on remote/cloud/internet-facing access,llm_paraphrase,S0074,Staff must use a second factor to sign in to our cloud care records.,True,train
P00444,Our policy specifies that staff use a secondary authentication method to sign in to the cloud-based care records system.,1,COMPLIANT,CE4_AccessControl,Cyber Essentials,MFA enabled on remote/cloud/internet-facing access,llm_paraphrase,S0074,Staff must use a second factor to sign in to our cloud care records.,True,train
P00445,Staff are required by policy to use a second authentication factor to access our cloud care records.,1,COMPLIANT,CE4_AccessControl,Cyber Essentials,MFA enabled on remote/cloud/internet-facing access,llm_paraphrase,S0074,Staff must use a second factor to sign in to our cloud care records.,True,train
P00446,Multi-factor authentication is implemented for all staff email accounts.,1,COMPLIANT,CE4_AccessControl,Cyber Essentials,MFA enabled on remote/cloud/internet-facing access,llm_paraphrase,S0075,Our email accounts are protected by multi-factor authentication.,True,train
P00447,All staff email accounts are secured with multi-factor authentication.,1,COMPLIANT,CE4_AccessControl,Cyber Essentials,MFA enabled on remote/cloud/internet-facing access,llm_paraphrase,S0075,Our email accounts are protected by multi-factor authentication.,True,train
P00448,Multi-factor authentication is a mandatory requirement for all staff email usage.,1,COMPLIANT,CE4_AccessControl,Cyber Essentials,MFA enabled on remote/cloud/internet-facing access,llm_paraphrase,S0075,Our email accounts are protected by multi-factor authentication.,True,train
P00449,Staff email accounts have multi-factor authentication enabled at all times.,1,COMPLIANT,CE4_AccessControl,Cyber Essentials,MFA enabled on remote/cloud/internet-facing access,llm_paraphrase,S0075,Our email accounts are protected by multi-factor authentication.,True,train
P00450,Multi-factor authentication is a mandatory feature for all staff email accounts.,1,COMPLIANT,CE4_AccessControl,Cyber Essentials,MFA enabled on remote/cloud/internet-facing access,llm_paraphrase,S0075,Our email accounts are protected by multi-factor authentication.,True,train
P00451,Staff are permitted to access only the systems and records necessary for their designated role.,1,COMPLIANT,CE4_AccessControl,Cyber Essentials,least-privilege access,llm_paraphrase,S0076,Staff only have access to the systems and records their role requires.,True,train
P00452,All staff access is restricted to systems and records relevant to their assigned responsibilities.,1,COMPLIANT,CE4_AccessControl,Cyber Essentials,least-privilege access,llm_paraphrase,S0076,Staff only have access to the systems and records their role requires.,True,train
P00453,Only personnel in their defined role may access the systems and records required by their position.,1,COMPLIANT,CE4_AccessControl,Cyber Essentials,least-privilege access,llm_paraphrase,S0076,Staff only have access to the systems and records their role requires.,True,train
P00454,Staff are only granted access to systems and records that align with their specific duties.,1,COMPLIANT,CE4_AccessControl,Cyber Essentials,least-privilege access,llm_paraphrase,S0076,Staff only have access to the systems and records their role requires.,True,train
P00455,Access to all systems and records is controlled and limited to personnel in their assigned roles.,1,COMPLIANT,CE4_AccessControl,Cyber Essentials,least-privilege access,llm_paraphrase,S0076,Staff only have access to the systems and records their role requires.,True,train
P00456,Staff are permitted to access only those systems and records that are relevant to their specific job functions.,1,COMPLIANT,CE4_AccessControl,Cyber Essentials,least-privilege access,llm_paraphrase,S0076,Staff only have access to the systems and records their role requires.,True,train
P00457,Access rights are granted with least-privilege access and reviewed at regular intervals.,1,COMPLIANT,CE4_AccessControl,Cyber Essentials,least-privilege access,llm_paraphrase,S0077,Access rights are granted on a least-privilege basis and reviewed regularly.,True,train
P00458,Least-privilege access is granted to users and regularly reviewed for update.,1,COMPLIANT,CE4_AccessControl,Cyber Essentials,least-privilege access,llm_paraphrase,S0077,Access rights are granted on a least-privilege basis and reviewed regularly.,True,train
P00459,All access rights are granted with least-privilege access and are reviewed on a regular basis.,1,COMPLIANT,CE4_AccessControl,Cyber Essentials,least-privilege access,llm_paraphrase,S0077,Access rights are granted on a least-privilege basis and reviewed regularly.,True,train
P00460,"The grant of access is subject to least-privilege access, with regular review being a mandatory requirement.",1,COMPLIANT,CE4_AccessControl,Cyber Essentials,least-privilege access,llm_paraphrase,S0077,Access rights are granted on a least-privilege basis and reviewed regularly.,True,train
P00461,All users' access rights are granted with least-privilege access and are subject to regular review.,1,COMPLIANT,CE4_AccessControl,Cyber Essentials,least-privilege access,llm_paraphrase,S0077,Access rights are granted on a least-privilege basis and reviewed regularly.,True,train
P00462,Least-privilege access is in place for all users and their access rights are regularly reviewed.,1,COMPLIANT,CE4_AccessControl,Cyber Essentials,least-privilege access,llm_paraphrase,S0077,Access rights are granted on a least-privilege basis and reviewed regularly.,True,train
P00463,"Care assistants have access to care plans, but are denied access to payroll information.",1,COMPLIANT,CE4_AccessControl,Cyber Essentials,least-privilege access,llm_paraphrase,S0078,Care assistants can view care plans but cannot access payroll information.,True,train
P00464,Payroll information is restricted from care assistants' view.,1,COMPLIANT,CE4_AccessControl,Cyber Essentials,least-privilege access,llm_paraphrase,S0078,Care assistants can view care plans but cannot access payroll information.,True,train
P00465,"Care assistants can view care plans, but do not have access to payroll details.",1,COMPLIANT,CE4_AccessControl,Cyber Essentials,least-privilege access,llm_paraphrase,S0078,Care assistants can view care plans but cannot access payroll information.,True,train
P00466,"Viewing care plans is permitted, but payroll information is off-limits.",1,COMPLIANT,CE4_AccessControl,Cyber Essentials,least-privilege access,llm_paraphrase,S0078,Care assistants can view care plans but cannot access payroll information.,True,train
P00467,"Care assistants can access care plans, but payroll info remains inaccessible.",1,COMPLIANT,CE4_AccessControl,Cyber Essentials,least-privilege access,llm_paraphrase,S0078,Care assistants can view care plans but cannot access payroll information.,True,train
P00468,"Care plans are visible, but payroll data is not accessible to staff.",1,COMPLIANT,CE4_AccessControl,Cyber Essentials,least-privilege access,llm_paraphrase,S0078,Care assistants can view care plans but cannot access payroll information.,True,train
P00469,Administrator accounts are kept separate from daily work accounts,1,COMPLIANT,CE4_AccessControl,Cyber Essentials,"separate admin accounts, not used for daily work",llm_paraphrase,S0079,Administrator accounts are separate from the accounts used for daily work.,True,train
P00470,Separate administrator accounts are required for day-to-day financial management,1,COMPLIANT,CE4_AccessControl,Cyber Essentials,"separate admin accounts, not used for daily work",llm_paraphrase,S0079,Administrator accounts are separate from the accounts used for daily work.,True,train
P00471,Daily work accounts and administrator accounts are kept separate,1,COMPLIANT,CE4_AccessControl,Cyber Essentials,"separate admin accounts, not used for daily work",llm_paraphrase,S0079,Administrator accounts are separate from the accounts used for daily work.,True,train
P00472,The administrator's accounting system is distinct from the daily work accounting system,1,COMPLIANT,CE4_AccessControl,Cyber Essentials,"separate admin accounts, not used for daily work",llm_paraphrase,S0079,Administrator accounts are separate from the accounts used for daily work.,True,train
P00473,Daily work and administrator accounts are segregated for financial purposes,1,COMPLIANT,CE4_AccessControl,Cyber Essentials,"separate admin accounts, not used for daily work",llm_paraphrase,S0079,Administrator accounts are separate from the accounts used for daily work.,True,train
P00474,Administrator accounts are maintained independently of daily work accounting,1,COMPLIANT,CE4_AccessControl,Cyber Essentials,"separate admin accounts, not used for daily work",llm_paraphrase,S0079,Administrator accounts are separate from the accounts used for daily work.,True,train
P00475,"The manager adheres to a dual account policy, using a standard account for emails and a separate one for administrative tasks.",1,COMPLIANT,CE4_AccessControl,Cyber Essentials,"separate admin accounts, not used for daily work",llm_paraphrase,S0080,The manager uses a standard account for email and a separate one for admin tasks.,True,train
P00476,The manager uses two distinct accounts: one for email communication and another for admin tasks.,1,COMPLIANT,CE4_AccessControl,Cyber Essentials,"separate admin accounts, not used for daily work",llm_paraphrase,S0080,The manager uses a standard account for email and a separate one for admin tasks.,True,train
P00477,The manager maintain separate accounts for email and administrative purposes.,1,COMPLIANT,CE4_AccessControl,Cyber Essentials,"separate admin accounts, not used for daily work",llm_paraphrase,S0080,The manager uses a standard account for email and a separate one for admin tasks.,True,train
P00478,All managerial emails and admin tasks are conducted using two distinct accounts.,1,COMPLIANT,CE4_AccessControl,Cyber Essentials,"separate admin accounts, not used for daily work",llm_paraphrase,S0080,The manager uses a standard account for email and a separate one for admin tasks.,True,train
P00479,The standard procedure requires the manager to use a single account for emails and a separate one for administrative tasks.,1,COMPLIANT,CE4_AccessControl,Cyber Essentials,"separate admin accounts, not used for daily work",llm_paraphrase,S0080,The manager uses a standard account for email and a separate one for admin tasks.,True,train
P00480,"A dual account policy is in place, requiring the manager to use two distinct accounts for email and admin tasks.",1,COMPLIANT,CE4_AccessControl,Cyber Essentials,"separate admin accounts, not used for daily work",llm_paraphrase,S0080,The manager uses a standard account for email and a separate one for admin tasks.,True,train
P00481,Accounts are disabled on a member of staff's last working day to prevent data breaches.,1,COMPLIANT,CE4_AccessControl,Cyber Essentials,leavers' accounts disabled promptly,llm_paraphrase,S0081,Accounts are disabled on a member of staff's last working day.,True,train
P00482,Staff members cease access to accounts at the end of their employment.,1,COMPLIANT,CE4_AccessControl,Cyber Essentials,leavers' accounts disabled promptly,llm_paraphrase,S0081,Accounts are disabled on a member of staff's last working day.,True,train
P00483,All staff accounts are deactivated on their final working day.,1,COMPLIANT,CE4_AccessControl,Cyber Essentials,leavers' accounts disabled promptly,llm_paraphrase,S0081,Accounts are disabled on a member of staff's last working day.,True,train
P00484,"On a staff member's last working day, all accounts are disabled.",1,COMPLIANT,CE4_AccessControl,Cyber Essentials,leavers' accounts disabled promptly,llm_paraphrase,S0081,Accounts are disabled on a member of staff's last working day.,True,train
P00485,Staff accounts are deactivated at the completion of a member of staff's employment period.,1,COMPLIANT,CE4_AccessControl,Cyber Essentials,leavers' accounts disabled promptly,llm_paraphrase,S0081,Accounts are disabled on a member of staff's last working day.,True,train
P00486,Accounts are suspended on a staff member's final working day.,1,COMPLIANT,CE4_AccessControl,Cyber Essentials,leavers' accounts disabled promptly,llm_paraphrase,S0081,Accounts are disabled on a member of staff's last working day.,True,train
P00511,Accounts are secured with a lockdown mechanism following multiple consecutive unsuccessful log-in attempts.,1,COMPLIANT,CE4_AccessControl,Cyber Essentials,a strong password policy enforced,llm_paraphrase,S0086,Accounts lock after repeated failed sign-in attempts.,True,train
P00512,"Upon repeated failed log-in attempts, accounts are automatically locked.",1,COMPLIANT,CE4_AccessControl,Cyber Essentials,a strong password policy enforced,llm_paraphrase,S0086,Accounts lock after repeated failed sign-in attempts.,True,train
P00513,Critical: accounts are locked after three consecutive failed sign-in attempts.,1,COMPLIANT,CE4_AccessControl,Cyber Essentials,a strong password policy enforced,llm_paraphrase,S0086,Accounts lock after repeated failed sign-in attempts.,True,train
P00514,A locking mechanism is triggered after a series of unsuccessful log-in attempts.,1,COMPLIANT,CE4_AccessControl,Cyber Essentials,a strong password policy enforced,llm_paraphrase,S0086,Accounts lock after repeated failed sign-in attempts.,True,train
P00515,Locked accounts are secured after repeated failed log-in attempts.,1,COMPLIANT,CE4_AccessControl,Cyber Essentials,a strong password policy enforced,llm_paraphrase,S0086,Accounts lock after repeated failed sign-in attempts.,True,train
P00516,"Following multiple consecutive log-in failures, account access is restricted via an automated lockdown mechanism.",1,COMPLIANT,CE4_AccessControl,Cyber Essentials,a strong password policy enforced,llm_paraphrase,S0086,Accounts lock after repeated failed sign-in attempts.,True,train
P00517,Remote access to the care system does not necessitate the use of multi-factor authentication.,0,NON_COMPLIANT,CE4_AccessControl,Cyber Essentials,no MFA on remote/cloud access,llm_paraphrase,S0087,Remote access to the care system does not require multi-factor authentication.,True,train
P00518,The care system does not require multi-factor authentication for remote access.,0,NON_COMPLIANT,CE4_AccessControl,Cyber Essentials,no MFA on remote/cloud access,llm_paraphrase,S0087,Remote access to the care system does not require multi-factor authentication.,True,train
P00519,Remote access to the care system does not demand multi-factor authentication.,0,NON_COMPLIANT,CE4_AccessControl,Cyber Essentials,no MFA on remote/cloud access,llm_paraphrase,S0087,Remote access to the care system does not require multi-factor authentication.,True,train
P00520,It is not required for remote access to the care system to use multi-factor authentication.,0,NON_COMPLIANT,CE4_AccessControl,Cyber Essentials,no MFA on remote/cloud access,llm_paraphrase,S0087,Remote access to the care system does not require multi-factor authentication.,True,train
P00521,No multi-factor authentication is necessary for remote access to the care system.,0,NON_COMPLIANT,CE4_AccessControl,Cyber Essentials,no MFA on remote/cloud access,llm_paraphrase,S0087,Remote access to the care system does not require multi-factor authentication.,True,train
P00522,Staff are required to use a password to access email from home,0,NON_COMPLIANT,CE4_AccessControl,Cyber Essentials,no MFA on remote/cloud access,llm_paraphrase,S0088,Staff can sign in to email from home using only a password.,True,train
P00523,Password is the only acceptable authentication method for remote email access,0,NON_COMPLIANT,CE4_AccessControl,Cyber Essentials,no MFA on remote/cloud access,llm_paraphrase,S0088,Staff can sign in to email from home using only a password.,True,train
P00524,Home users must use a password for email access,0,NON_COMPLIANT,CE4_AccessControl,Cyber Essentials,no MFA on remote/cloud access,llm_paraphrase,S0088,Staff can sign in to email from home using only a password.,True,train
P00525,Remote email access is restricted to password authentication only,0,NON_COMPLIANT,CE4_AccessControl,Cyber Essentials,no MFA on remote/cloud access,llm_paraphrase,S0088,Staff can sign in to email from home using only a password.,True,train
P00526,Staff are expected to use passwords for home email access,0,NON_COMPLIANT,CE4_AccessControl,Cyber Essentials,no MFA on remote/cloud access,llm_paraphrase,S0088,Staff can sign in to email from home using only a password.,True,train
P00527,Password authentication is the sole method for accessing email from home,0,NON_COMPLIANT,CE4_AccessControl,Cyber Essentials,no MFA on remote/cloud access,llm_paraphrase,S0088,Staff can sign in to email from home using only a password.,True,train
P00528,"All staff members have access to every resident's full record, irrespective of their role or position.",0,NON_COMPLIANT,CE4_AccessControl,Cyber Essentials,staff have excessive or blanket access,llm_paraphrase,S0089,All staff can see every resident's full record regardless of their role.,True,train
P00529,"Staff are entitled to view every resident's comprehensive record, regardless of their job title or duties.",0,NON_COMPLIANT,CE4_AccessControl,Cyber Essentials,staff have excessive or blanket access,llm_paraphrase,S0089,All staff can see every resident's full record regardless of their role.,True,train
P00530,"Access to every resident's full record is guaranteed for all staff, regardless of their role or responsibilities.",0,NON_COMPLIANT,CE4_AccessControl,Cyber Essentials,staff have excessive or blanket access,llm_paraphrase,S0089,All staff can see every resident's full record regardless of their role.,True,train
P00531,"Resident records are accessible to all staff, unaffected by job title or role.",0,NON_COMPLIANT,CE4_AccessControl,Cyber Essentials,staff have excessive or blanket access,llm_paraphrase,S0089,All staff can see every resident's full record regardless of their role.,True,train
P00532,"Every resident's full record is available to all staff, irrespective of any role or position they may hold.",0,NON_COMPLIANT,CE4_AccessControl,Cyber Essentials,staff have excessive or blanket access,llm_paraphrase,S0089,All staff can see every resident's full record regardless of their role.,True,train
P00533,"All staff have unrestricted access to every resident's full record, irrespective of their current or future role.",0,NON_COMPLIANT,CE4_AccessControl,Cyber Essentials,staff have excessive or blanket access,llm_paraphrase,S0089,All staff can see every resident's full record regardless of their role.,True,train
P00534,Kitchen staff have equal system access to senior care staff as per organisational protocol.,0,NON_COMPLIANT,CE4_AccessControl,Cyber Essentials,staff have excessive or blanket access,llm_paraphrase,S0090,Kitchen staff have the same system access as senior care staff.,True,train
P00535,All kitchen staff have the same level of system access as senior care staff are entitled to.,0,NON_COMPLIANT,CE4_AccessControl,Cyber Essentials,staff have excessive or blanket access,llm_paraphrase,S0090,Kitchen staff have the same system access as senior care staff.,True,train
P00536,System access for kitchen and senior care staff staff are in line with our policies and procedures.,0,NON_COMPLIANT,CE4_AccessControl,Cyber Essentials,staff have excessive or blanket access,llm_paraphrase,S0090,Kitchen staff have the same system access as senior care staff.,True,train
P00537,"Kitchen staff's system access is equivalent to that of senior care staff, as stipulated in our IT guidelines.",0,NON_COMPLIANT,CE4_AccessControl,Cyber Essentials,staff have excessive or blanket access,llm_paraphrase,S0090,Kitchen staff have the same system access as senior care staff.,True,train
P00538,"The kitchen staff's system access is identical to that of senior care staff, as detailed in our staff handbook.",0,NON_COMPLIANT,CE4_AccessControl,Cyber Essentials,staff have excessive or blanket access,llm_paraphrase,S0090,Kitchen staff have the same system access as senior care staff.,True,train
P00539,"Kitchen staff system access mirrors that of senior care staff, in accordance with our standard operating procedures.",0,NON_COMPLIANT,CE4_AccessControl,Cyber Essentials,staff have excessive or blanket access,llm_paraphrase,S0090,Kitchen staff have the same system access as senior care staff.,True,train
P00546,The manager must use a designated staff email account and internet access portal for work-related activities.,0,NON_COMPLIANT,CE4_AccessControl,Cyber Essentials,admin accounts used for everyday tasks,llm_paraphrase,S0092,The manager uses the admin login for email and browsing the internet.,True,train
P00547,It is essential that the manager adheres to the staff internet usage policy.,0,NON_COMPLIANT,CE4_AccessControl,Cyber Essentials,admin accounts used for everyday tasks,llm_paraphrase,S0092,The manager uses the admin login for email and browsing the internet.,True,train
P00548,The manager is expected to use the designated staff login for work purposes only.,0,NON_COMPLIANT,CE4_AccessControl,Cyber Essentials,admin accounts used for everyday tasks,llm_paraphrase,S0092,The manager uses the admin login for email and browsing the internet.,True,train
P00549,"Proper use of the designated staff login is mandatory for all staff members, including the manager.",0,NON_COMPLIANT,CE4_AccessControl,Cyber Essentials,admin accounts used for everyday tasks,llm_paraphrase,S0092,The manager uses the admin login for email and browsing the internet.,True,train
P00550,The manager is required to use the admin login solely for work-related activities.,0,NON_COMPLIANT,CE4_AccessControl,Cyber Essentials,admin accounts used for everyday tasks,llm_paraphrase,S0092,The manager uses the admin login for email and browsing the internet.,True,train
P00551,"All staff, including the manager, must use the designated staff login for work purposes.",0,NON_COMPLIANT,CE4_AccessControl,Cyber Essentials,admin accounts used for everyday tasks,llm_paraphrase,S0092,The manager uses the admin login for email and browsing the internet.,True,train
P00552,"Staff should retain their logins after leaving the premises, ensuring continuity of care records.",0,NON_COMPLIANT,CE4_AccessControl,Cyber Essentials,former staff accounts still active,llm_paraphrase,S0093,Staff who left the home still have working logins to the care system.,True,train
P00553,It is mandatory for staff to maintain their logins throughout the duration of employment.,0,NON_COMPLIANT,CE4_AccessControl,Cyber Essentials,former staff accounts still active,llm_paraphrase,S0093,Staff who left the home still have working logins to the care system.,True,train
P00554,Leaving staff must retain their access credentials to the care system.,0,NON_COMPLIANT,CE4_AccessControl,Cyber Essentials,former staff accounts still active,llm_paraphrase,S0093,Staff who left the home still have working logins to the care system.,True,train
P00555,Employees who depart the premises must retain their login details for record-keeping purposes.,0,NON_COMPLIANT,CE4_AccessControl,Cyber Essentials,former staff accounts still active,llm_paraphrase,S0093,Staff who left the home still have working logins to the care system.,True,train
P00556,All staff leaving the home are required to maintain their access to the care system.,0,NON_COMPLIANT,CE4_AccessControl,Cyber Essentials,former staff accounts still active,llm_paraphrase,S0093,Staff who left the home still have working logins to the care system.,True,train
P00557,It is a mandatory requirement for departing staff to retain their logins.,0,NON_COMPLIANT,CE4_AccessControl,Cyber Essentials,former staff accounts still active,llm_paraphrase,S0093,Staff who left the home still have working logins to the care system.,True,train
P00558,Accounts are only removed when they are no longer required.,0,NON_COMPLIANT,CE4_AccessControl,Cyber Essentials,former staff accounts still active,llm_paraphrase,S0094,Accounts are only removed when someone notices they are no longer needed.,True,train
P00559,Removing accounts without a valid reason is unacceptable.,0,NON_COMPLIANT,CE4_AccessControl,Cyber Essentials,former staff accounts still active,llm_paraphrase,S0094,Accounts are only removed when someone notices they are no longer needed.,True,train
P00560,Accounts are not deleted until they are redundant and no longer in use.,0,NON_COMPLIANT,CE4_AccessControl,Cyber Essentials,former staff accounts still active,llm_paraphrase,S0094,Accounts are only removed when someone notices they are no longer needed.,True,train
P00561,Failure to review and update accounts regularly is a compliance issue.,0,NON_COMPLIANT,CE4_AccessControl,Cyber Essentials,former staff accounts still active,llm_paraphrase,S0094,Accounts are only removed when someone notices they are no longer needed.,True,train
P00562,Accounts are not deleted unless they have become redundant.,0,NON_COMPLIANT,CE4_AccessControl,Cyber Essentials,former staff accounts still active,llm_paraphrase,S0094,Accounts are only removed when someone notices they are no longer needed.,True,train
P00563,Account removal is subject to regular review to ensure only unnecessary ones are eliminated.,0,NON_COMPLIANT,CE4_AccessControl,Cyber Essentials,former staff accounts still active,llm_paraphrase,S0094,Accounts are only removed when someone notices they are no longer needed.,True,train
P00564,Staff must use a single login for the care records system to maintain data integrity.,0,NON_COMPLIANT,CE4_AccessControl,Cyber Essentials,shared/generic accounts or shared passwords,llm_paraphrase,S0095,Staff share a single login for the care records system.,True,train
P00565,All staff are required to use the same login for the care records system.,0,NON_COMPLIANT,CE4_AccessControl,Cyber Essentials,shared/generic accounts or shared passwords,llm_paraphrase,S0095,Staff share a single login for the care records system.,True,train
P00566,It is a policy requirement that staff use a single login for the care records system.,0,NON_COMPLIANT,CE4_AccessControl,Cyber Essentials,shared/generic accounts or shared passwords,llm_paraphrase,S0095,Staff share a single login for the care records system.,True,train
P00567,The use of a single login for the care records system is mandatory for all staff members.,0,NON_COMPLIANT,CE4_AccessControl,Cyber Essentials,shared/generic accounts or shared passwords,llm_paraphrase,S0095,Staff share a single login for the care records system.,True,train
P00568,"In accordance with our IT policy, all staff must use the same login for the care records system.",0,NON_COMPLIANT,CE4_AccessControl,Cyber Essentials,shared/generic accounts or shared passwords,llm_paraphrase,S0095,Staff share a single login for the care records system.,True,train
P00569,Staff are expected to adhere to the single login policy for the care records system to ensure data accuracy.,0,NON_COMPLIANT,CE4_AccessControl,Cyber Essentials,shared/generic accounts or shared passwords,llm_paraphrase,S0095,Staff share a single login for the care records system.,True,train
P00576,Staff are required to use a shared generic account to record care notes,0,NON_COMPLIANT,CE4_AccessControl,Cyber Essentials,shared/generic accounts or shared passwords,llm_paraphrase,S0097,Night staff use a shared generic account to record care notes.,True,train
P00577,All night staff must record care notes on a shared generic account,0,NON_COMPLIANT,CE4_AccessControl,Cyber Essentials,shared/generic accounts or shared passwords,llm_paraphrase,S0097,Night staff use a shared generic account to record care notes.,True,train
P00578,The night staff's standard procedure is to use a shared generic account for recording care notes,0,NON_COMPLIANT,CE4_AccessControl,Cyber Essentials,shared/generic accounts or shared passwords,llm_paraphrase,S0097,Night staff use a shared generic account to record care notes.,True,train
P00579,"Recording care notes, night staff must use a shared generic account",0,NON_COMPLIANT,CE4_AccessControl,Cyber Essentials,shared/generic accounts or shared passwords,llm_paraphrase,S0097,Night staff use a shared generic account to record care notes.,True,train
P00580,The night staff use a shared generic account to document care activities,0,NON_COMPLIANT,CE4_AccessControl,Cyber Essentials,shared/generic accounts or shared passwords,llm_paraphrase,S0097,Night staff use a shared generic account to record care notes.,True,train
P00581,It is mandatory for night staff to record care notes using the shared generic account,0,NON_COMPLIANT,CE4_AccessControl,Cyber Essentials,shared/generic accounts or shared passwords,llm_paraphrase,S0097,Night staff use a shared generic account to record care notes.,True,train
P00594,Inadequate account security: login attempts not properly locked out after multiple failures.,0,NON_COMPLIANT,CE4_AccessControl,Cyber Essentials,no password policy / weak or default passwords,llm_paraphrase,S0100,Accounts do not lock out after repeated failed login attempts.,True,train
P00595,All staff must ensure login attempts are correctly locked out after repeated failures.,0,NON_COMPLIANT,CE4_AccessControl,Cyber Essentials,no password policy / weak or default passwords,llm_paraphrase,S0100,Accounts do not lock out after repeated failed login attempts.,True,train
P00596,Staff must implement an effective login lockout mechanism after each failed login attempt.,0,NON_COMPLIANT,CE4_AccessControl,Cyber Essentials,no password policy / weak or default passwords,llm_paraphrase,S0100,Accounts do not lock out after repeated failed login attempts.,True,train
P00597,The system must prevent new login attempts after a failed login has occurred multiple times.,0,NON_COMPLIANT,CE4_AccessControl,Cyber Essentials,no password policy / weak or default passwords,llm_paraphrase,S0100,Accounts do not lock out after repeated failed login attempts.,True,train
P00598,Failure to lock out after repeated login failures breaches security protocols.,0,NON_COMPLIANT,CE4_AccessControl,Cyber Essentials,no password policy / weak or default passwords,llm_paraphrase,S0100,Accounts do not lock out after repeated failed login attempts.,True,train
P00599,Account login attempts must be successfully locked out after multiple failed attempts have occurred.,0,NON_COMPLIANT,CE4_AccessControl,Cyber Essentials,no password policy / weak or default passwords,llm_paraphrase,S0100,Accounts do not lock out after repeated failed login attempts.,True,train
P00606,Microsoft Defender is currently active on all our Windows devices.,1,COMPLIANT,CE5_Malware,Cyber Essentials,anti-malware installed and active on all devices,llm_paraphrase,S0102,Microsoft Defender is active on all our Windows devices.,True,train
P00607,Our Windows devices are equipped with Microsoft Defender as a required security measure.,1,COMPLIANT,CE5_Malware,Cyber Essentials,anti-malware installed and active on all devices,llm_paraphrase,S0102,Microsoft Defender is active on all our Windows devices.,True,train
P00608,All Windows devices in our care homes are configured with Microsoft Defender.,1,COMPLIANT,CE5_Malware,Cyber Essentials,anti-malware installed and active on all devices,llm_paraphrase,S0102,Microsoft Defender is active on all our Windows devices.,True,train
P00609,"As part of our security protocols, Microsoft Defender is enabled on every Windows device.",1,COMPLIANT,CE5_Malware,Cyber Essentials,anti-malware installed and active on all devices,llm_paraphrase,S0102,Microsoft Defender is active on all our Windows devices.,True,train
P00610,The activation of Microsoft Defender is a mandatory requirement for all Windows devices in our care homes.,1,COMPLIANT,CE5_Malware,Cyber Essentials,anti-malware installed and active on all devices,llm_paraphrase,S0102,Microsoft Defender is active on all our Windows devices.,True,train
P00611,Microsoft Defender is implemented on all Windows devices across our care home IT infrastructure.,1,COMPLIANT,CE5_Malware,Cyber Essentials,anti-malware installed and active on all devices,llm_paraphrase,S0102,Microsoft Defender is active on all our Windows devices.,True,train
P00612,"All laptops, including those used remotely, have malware protection activated at all times.",1,COMPLIANT,CE5_Malware,Cyber Essentials,anti-malware installed and active on all devices,llm_paraphrase,S0103,"Every laptop, including those used off-site, has malware protection enabled.",True,train
P00613,"Malware protection is in place on all laptops, including those used off-site.",1,COMPLIANT,CE5_Malware,Cyber Essentials,anti-malware installed and active on all devices,llm_paraphrase,S0103,"Every laptop, including those used off-site, has malware protection enabled.",True,train
P00614,"All laptops, including those used off-site, are equipped with enabled malware protection.",1,COMPLIANT,CE5_Malware,Cyber Essentials,anti-malware installed and active on all devices,llm_paraphrase,S0103,"Every laptop, including those used off-site, has malware protection enabled.",True,train
P00615,Laptops used off-site have malware protection active.,1,COMPLIANT,CE5_Malware,Cyber Essentials,anti-malware installed and active on all devices,llm_paraphrase,S0103,"Every laptop, including those used off-site, has malware protection enabled.",True,train
P00616,"Enabling malware protection on all laptops, including those used remotely, is a statutory requirement.",1,COMPLIANT,CE5_Malware,Cyber Essentials,anti-malware installed and active on all devices,llm_paraphrase,S0103,"Every laptop, including those used off-site, has malware protection enabled.",True,train
P00617,"All laptops, including those used off-site, have malware protection fully enabled.",1,COMPLIANT,CE5_Malware,Cyber Essentials,anti-malware installed and active on all devices,llm_paraphrase,S0103,"Every laptop, including those used off-site, has malware protection enabled.",True,train
P00618,Malware definitions is updated daily across all protected devices,1,COMPLIANT,CE5_Malware,Cyber Essentials,malware definitions kept up to date,llm_paraphrase,S0104,Malware definitions are updated daily on all protected devices.,True,train
P00619,All protected devices require daily malware definition updates for security,1,COMPLIANT,CE5_Malware,Cyber Essentials,malware definitions kept up to date,llm_paraphrase,S0104,Malware definitions are updated daily on all protected devices.,True,train
P00620,Daily malware definition updates are in place on all protected devices,1,COMPLIANT,CE5_Malware,Cyber Essentials,malware definitions kept up to date,llm_paraphrase,S0104,Malware definitions are updated daily on all protected devices.,True,train
P00621,Protected devices receive daily malware definition updates,1,COMPLIANT,CE5_Malware,Cyber Essentials,malware definitions kept up to date,llm_paraphrase,S0104,Malware definitions are updated daily on all protected devices.,True,train
P00623,Daily malware definition updates are a security requirement for all protected devices,1,COMPLIANT,CE5_Malware,Cyber Essentials,malware definitions kept up to date,llm_paraphrase,S0104,Malware definitions are updated daily on all protected devices.,True,train
P00624,The anti-virus software is set to update automatically on a daily basis.,1,COMPLIANT,CE5_Malware,Cyber Essentials,malware definitions kept up to date,llm_paraphrase,S0105,Our anti-virus software updates itself automatically each day.,True,train
P00625,All scheduled updates run automatically without manual intervention.,1,COMPLIANT,CE5_Malware,Cyber Essentials,malware definitions kept up to date,llm_paraphrase,S0105,Our anti-virus software updates itself automatically each day.,True,train
P00626,Our anti-virus software updates itself daily.,1,COMPLIANT,CE5_Malware,Cyber Essentials,malware definitions kept up to date,llm_paraphrase,S0105,Our anti-virus software updates itself automatically each day.,True,train
P00627,Daily automatic updates are the minimum requirement for our anti-virus software.,1,COMPLIANT,CE5_Malware,Cyber Essentials,malware definitions kept up to date,llm_paraphrase,S0105,Our anti-virus software updates itself automatically each day.,True,train
P00628,The system's anti-virus software is configured to update automatically each day.,1,COMPLIANT,CE5_Malware,Cyber Essentials,malware definitions kept up to date,llm_paraphrase,S0105,Our anti-virus software updates itself automatically each day.,True,train
P00629,Automatic daily updates are the standard for our anti-virus software.,1,COMPLIANT,CE5_Malware,Cyber Essentials,malware definitions kept up to date,llm_paraphrase,S0105,Our anti-virus software updates itself automatically each day.,True,train
P00641,Web filtering is the only method employed to prevent staff from accessing known malicious websites.,1,COMPLIANT,CE5_Malware,Cyber Essentials,web filtering blocking malicious sites,llm_paraphrase,S0108,Web filtering prevents staff from reaching known malicious websites.,True,train
P00642,We exclusively use web filtering as our method for blocking staff access to malicious websites.,1,COMPLIANT,CE5_Malware,Cyber Essentials,web filtering blocking malicious sites,llm_paraphrase,S0108,Web filtering prevents staff from reaching known malicious websites.,True,train
P00643,"In accordance with our policy, web filtering is the sole means of blocking staff from visiting known malicious websites.",1,COMPLIANT,CE5_Malware,Cyber Essentials,web filtering blocking malicious sites,llm_paraphrase,S0108,Web filtering prevents staff from reaching known malicious websites.,True,train
P00644,"Staff are only permitted to access the internet via our web filtering system, which prevents access to malicious websites.",1,COMPLIANT,CE5_Malware,Cyber Essentials,web filtering blocking malicious sites,llm_paraphrase,S0108,Web filtering prevents staff from reaching known malicious websites.,True,train
P00645,Our web filtering system is our only defence against staff accessing known malicious websites.,1,COMPLIANT,CE5_Malware,Cyber Essentials,web filtering blocking malicious sites,llm_paraphrase,S0108,Web filtering prevents staff from reaching known malicious websites.,True,train
P00646,"All staff are use our web filtering system, thereby ensuring protection against malicious websites.",1,COMPLIANT,CE5_Malware,Cyber Essentials,web filtering blocking malicious sites,llm_paraphrase,S0108,Web filtering prevents staff from reaching known malicious websites.,True,train
P00647,All computer applications are pre-approved by designated staff.,1,COMPLIANT,CE5_Malware,Cyber Essentials,application allow-listing in place,llm_paraphrase,S0109,Only approved applications are permitted to run on our computers.,True,train
P00648,Only licensed software is permitted to be installed on our systems.,1,COMPLIANT,CE5_Malware,Cyber Essentials,application allow-listing in place,llm_paraphrase,S0109,Only approved applications are permitted to run on our computers.,True,train
P00649,Pre-approval from authorised personnel is required for all software installations.,1,COMPLIANT,CE5_Malware,Cyber Essentials,application allow-listing in place,llm_paraphrase,S0109,Only approved applications are permitted to run on our computers.,True,train
P00650,All software applications are pre-vetted by our IT department.,1,COMPLIANT,CE5_Malware,Cyber Essentials,application allow-listing in place,llm_paraphrase,S0109,Only approved applications are permitted to run on our computers.,True,train
P00651,Only pre-approved software can be installed on our computer systems.,1,COMPLIANT,CE5_Malware,Cyber Essentials,application allow-listing in place,llm_paraphrase,S0109,Only approved applications are permitted to run on our computers.,True,train
P00652,Real-time scanning is in place on all file systems.,1,COMPLIANT,CE5_Malware,Cyber Essentials,real-time scanning enabled,llm_paraphrase,S0110,Real-time scanning is enabled so files are checked as they are opened.,True,train
P00653,All file systems undergo real-time scanning on file open events to verify data integrity.,1,COMPLIANT,CE5_Malware,Cyber Essentials,real-time scanning enabled,llm_paraphrase,S0110,Real-time scanning is enabled so files are checked as they are opened.,True,train
P00654,Real-time scanning is compulsory for all file systems to guarantee file checks upon opening.,1,COMPLIANT,CE5_Malware,Cyber Essentials,real-time scanning enabled,llm_paraphrase,S0110,Real-time scanning is enabled so files are checked as they are opened.,True,train
P00655,File systems are configured to perform real-time scanning on file open events.,1,COMPLIANT,CE5_Malware,Cyber Essentials,real-time scanning enabled,llm_paraphrase,S0110,Real-time scanning is enabled so files are checked as they are opened.,True,train
P00656,Real-time scanning of file systems is in place on all systems to confirm file checks upon opening.,1,COMPLIANT,CE5_Malware,Cyber Essentials,real-time scanning enabled,llm_paraphrase,S0110,Real-time scanning is enabled so files are checked as they are opened.,True,train
P00657,Real-time scanning of all file systems is in place.,1,COMPLIANT,CE5_Malware,Cyber Essentials,real-time scanning enabled,llm_paraphrase,S0110,Real-time scanning is enabled so files are checked as they are opened.,True,train
P00658,Our IT provider reviews all detections from the anti-malware software.,1,COMPLIANT,CE5_Malware,Cyber Essentials,anti-malware installed and active on all devices,llm_paraphrase,S0111,Detections from the anti-malware software are reviewed by our IT provider.,True,train
P00659,Detections from the anti-malware software are reviewed by our external IT provider on a regular basis.,1,COMPLIANT,CE5_Malware,Cyber Essentials,anti-malware installed and active on all devices,llm_paraphrase,S0111,Detections from the anti-malware software are reviewed by our IT provider.,True,train
P00660,The IT provider responsible for our anti-malware software monitors all system alerts and notifications.,1,COMPLIANT,CE5_Malware,Cyber Essentials,anti-malware installed and active on all devices,llm_paraphrase,S0111,Detections from the anti-malware software are reviewed by our IT provider.,True,train
P00661,Our IT provider is responsible for reviewing all anti-malware software detections and incidents.,1,COMPLIANT,CE5_Malware,Cyber Essentials,anti-malware installed and active on all devices,llm_paraphrase,S0111,Detections from the anti-malware software are reviewed by our IT provider.,True,train
P00662,Anti-malware software detections are reviewed and investigated by our designated IT provider.,1,COMPLIANT,CE5_Malware,Cyber Essentials,anti-malware installed and active on all devices,llm_paraphrase,S0111,Detections from the anti-malware software are reviewed by our IT provider.,True,train
P00663,Our IT provider undertakes regular review of all anti-malware software alerts and incidents to ensure compliance.,1,COMPLIANT,CE5_Malware,Cyber Essentials,anti-malware installed and active on all devices,llm_paraphrase,S0111,Detections from the anti-malware software are reviewed by our IT provider.,True,train
P00670,No security measures are in place to protect care records from malware on our system.,0,NON_COMPLIANT,CE5_Malware,Cyber Essentials,no antivirus/anti-malware on devices,llm_paraphrase,S0113,There is no malware protection on the machine used for care records.,True,train
P00671,"The care record system lacks malware protection, compromising patient data.",0,NON_COMPLIANT,CE5_Malware,Cyber Essentials,no antivirus/anti-malware on devices,llm_paraphrase,S0113,There is no malware protection on the machine used for care records.,True,train
P00672,Our care record system does not have adequate malware protection installed.,0,NON_COMPLIANT,CE5_Malware,Cyber Essentials,no antivirus/anti-malware on devices,llm_paraphrase,S0113,There is no malware protection on the machine used for care records.,True,train
P00673,There is no installed malware protection on our care record system.,0,NON_COMPLIANT,CE5_Malware,Cyber Essentials,no antivirus/anti-malware on devices,llm_paraphrase,S0113,There is no malware protection on the machine used for care records.,True,train
P00674,The system used for care records has not been provided with adequate malware protection.,0,NON_COMPLIANT,CE5_Malware,Cyber Essentials,no antivirus/anti-malware on devices,llm_paraphrase,S0113,There is no malware protection on the machine used for care records.,True,train
P00675,Malware protection is missing on the care records system used by our organisation.,0,NON_COMPLIANT,CE5_Malware,Cyber Essentials,no antivirus/anti-malware on devices,llm_paraphrase,S0113,There is no malware protection on the machine used for care records.,True,train
P00676,"Staff are permitted to use their own laptops, which have no anti-virus protection.",0,NON_COMPLIANT,CE5_Malware,Cyber Essentials,no antivirus/anti-malware on devices,llm_paraphrase,S0114,"Staff use their own laptops, which have no anti-virus protection.",True,train
P00677,"Laptops belonging to staff are allowed, but must not contain anti-virus software.",0,NON_COMPLIANT,CE5_Malware,Cyber Essentials,no antivirus/anti-malware on devices,llm_paraphrase,S0114,"Staff use their own laptops, which have no anti-virus protection.",True,train
P00678,"Staff laptops, which are their own, are permitted but without anti-virus protection.",0,NON_COMPLIANT,CE5_Malware,Cyber Essentials,no antivirus/anti-malware on devices,llm_paraphrase,S0114,"Staff use their own laptops, which have no anti-virus protection.",True,train
P00679,"Some staff are allowed to use their own laptops, which have no anti-virus installed.",0,NON_COMPLIANT,CE5_Malware,Cyber Essentials,no antivirus/anti-malware on devices,llm_paraphrase,S0114,"Staff use their own laptops, which have no anti-virus protection.",True,train
P00680,It is acceptable for staff to bring in their own laptops without anti-virus software.,0,NON_COMPLIANT,CE5_Malware,Cyber Essentials,no antivirus/anti-malware on devices,llm_paraphrase,S0114,"Staff use their own laptops, which have no anti-virus protection.",True,train
P00681,"Personal laptops of staff are permitted, despite lacking anti-virus protection.",0,NON_COMPLIANT,CE5_Malware,Cyber Essentials,no antivirus/anti-malware on devices,llm_paraphrase,S0114,"Staff use their own laptops, which have no anti-virus protection.",True,train
P00682,The anti-virus software on most devices is currently out of date by several months.,0,NON_COMPLIANT,CE5_Malware,Cyber Essentials,definitions out of date / not maintained,llm_paraphrase,S0115,The anti-virus definitions on most devices are several months out of date.,True,train
P00683,We are aware that most devices are running outdated anti-virus definitions.,0,NON_COMPLIANT,CE5_Malware,Cyber Essentials,definitions out of date / not maintained,llm_paraphrase,S0115,The anti-virus definitions on most devices are several months out of date.,True,train
P00684,"Anti-virus definitions on most devices are substantially out of date, requiring immediate attention.",0,NON_COMPLIANT,CE5_Malware,Cyber Essentials,definitions out of date / not maintained,llm_paraphrase,S0115,The anti-virus definitions on most devices are several months out of date.,True,train
P00685,Failure to update anti-virus definitions on most devices is not acceptable.,0,NON_COMPLIANT,CE5_Malware,Cyber Essentials,definitions out of date / not maintained,llm_paraphrase,S0115,The anti-virus definitions on most devices are several months out of date.,True,train
P00686,It has been confirmed that most devices have not been updated with the latest anti-virus definitions for several months.,0,NON_COMPLIANT,CE5_Malware,Cyber Essentials,definitions out of date / not maintained,llm_paraphrase,S0115,The anti-virus definitions on most devices are several months out of date.,True,train
P00687,Outdated anti-virus definitions on most devices are a serious breach of our security protocols.,0,NON_COMPLIANT,CE5_Malware,Cyber Essentials,definitions out of date / not maintained,llm_paraphrase,S0115,The anti-virus definitions on most devices are several months out of date.,True,train
P00688,Malware protection has not been updated since the last annual system check.,0,NON_COMPLIANT,CE5_Malware,Cyber Essentials,definitions out of date / not maintained,llm_paraphrase,S0116,Malware protection is installed but has not updated since last year.,True,train
P00689,It is mandatory that malware protection is updated quarterly.,0,NON_COMPLIANT,CE5_Malware,Cyber Essentials,definitions out of date / not maintained,llm_paraphrase,S0116,Malware protection is installed but has not updated since last year.,True,train
P00690,The current malware protection system has not been updated since the last quarter of last year.,0,NON_COMPLIANT,CE5_Malware,Cyber Essentials,definitions out of date / not maintained,llm_paraphrase,S0116,Malware protection is installed but has not updated since last year.,True,train
P00691,We have a requirement to update malware protection on a quarterly basis.,0,NON_COMPLIANT,CE5_Malware,Cyber Essentials,definitions out of date / not maintained,llm_paraphrase,S0116,Malware protection is installed but has not updated since last year.,True,train
P00692,Malware protection is installed but not updated since the last annual maintenance cycle.,0,NON_COMPLIANT,CE5_Malware,Cyber Essentials,definitions out of date / not maintained,llm_paraphrase,S0116,Malware protection is installed but has not updated since last year.,True,train
P00693,Our malware protection system is not up-to-date as per our quarterly update schedule.,0,NON_COMPLIANT,CE5_Malware,Cyber Essentials,definitions out of date / not maintained,llm_paraphrase,S0116,Malware protection is installed but has not updated since last year.,True,train
P00700,Malicious attachments bypass email filters due to inadequate setup.,0,NON_COMPLIANT,CE5_Malware,Cyber Essentials,no email filtering for malware/phishing,llm_paraphrase,S0118,Malicious attachments reach staff inboxes because nothing filters them.,True,train
P00701,Employees are exposed to potentially malicious attachments due to insufficient email security measures.,0,NON_COMPLIANT,CE5_Malware,Cyber Essentials,no email filtering for malware/phishing,llm_paraphrase,S0118,Malicious attachments reach staff inboxes because nothing filters them.,True,train
P00702,Staff inboxes are compromised by unfiltered attachments despite the presence of email security controls.,0,NON_COMPLIANT,CE5_Malware,Cyber Essentials,no email filtering for malware/phishing,llm_paraphrase,S0118,Malicious attachments reach staff inboxes because nothing filters them.,True,train
P00703,The email system fails to adequately filter malicious attachments from staff inboxes.,0,NON_COMPLIANT,CE5_Malware,Cyber Essentials,no email filtering for malware/phishing,llm_paraphrase,S0118,Malicious attachments reach staff inboxes because nothing filters them.,True,train
P00704,Malicious attachments are not adequately blocked by the care home's email system.,0,NON_COMPLIANT,CE5_Malware,Cyber Essentials,no email filtering for malware/phishing,llm_paraphrase,S0118,Malicious attachments reach staff inboxes because nothing filters them.,True,train
P00705,Email filters are ineffective in preventing malicious attachments from reaching staff inboxes.,0,NON_COMPLIANT,CE5_Malware,Cyber Essentials,no email filtering for malware/phishing,llm_paraphrase,S0118,Malicious attachments reach staff inboxes because nothing filters them.,True,train
P00706,Staff have unrestricted access to the internet without any filtering applied.,0,NON_COMPLIANT,CE5_Malware,Cyber Essentials,"unrestricted web access, no filtering",llm_paraphrase,S0119,Staff can browse any website they like with no filtering in place.,True,train
P00707,Staff can browse any website without restriction or filtering in place.,0,NON_COMPLIANT,CE5_Malware,Cyber Essentials,"unrestricted web access, no filtering",llm_paraphrase,S0119,Staff can browse any website they like with no filtering in place.,True,train
P00708,All staff are permitted to access the internet with no filtering of content.,0,NON_COMPLIANT,CE5_Malware,Cyber Essentials,"unrestricted web access, no filtering",llm_paraphrase,S0119,Staff can browse any website they like with no filtering in place.,True,train
P00709,There is no internet filtering in place for staff to browse any website.,0,NON_COMPLIANT,CE5_Malware,Cyber Essentials,"unrestricted web access, no filtering",llm_paraphrase,S0119,Staff can browse any website they like with no filtering in place.,True,train
P00710,Unrestricted internet access is permitted for all staff without filtering.,0,NON_COMPLIANT,CE5_Malware,Cyber Essentials,"unrestricted web access, no filtering",llm_paraphrase,S0119,Staff can browse any website they like with no filtering in place.,True,train
P00711,Staff have no restrictions on internet browsing due to lack of filtering.,0,NON_COMPLIANT,CE5_Malware,Cyber Essentials,"unrestricted web access, no filtering",llm_paraphrase,S0119,Staff can browse any website they like with no filtering in place.,True,train
P00718,Anti-virus software is not functioning on the office PC due to being disabled.,0,NON_COMPLIANT,CE5_Malware,Cyber Essentials,anti-malware installed but disabled/unmaintained,llm_paraphrase,S0121,Anti-virus is installed on the office PC but has been disabled.,True,train
P00719,Office PC is not protected by anti-virus software following it being disabled.,0,NON_COMPLIANT,CE5_Malware,Cyber Essentials,anti-malware installed but disabled/unmaintained,llm_paraphrase,S0121,Anti-virus is installed on the office PC but has been disabled.,True,train
P00720,The anti-virus software installed on the office PC is currently not operational.,0,NON_COMPLIANT,CE5_Malware,Cyber Essentials,anti-malware installed but disabled/unmaintained,llm_paraphrase,S0121,Anti-virus is installed on the office PC but has been disabled.,True,train
P00721,It is not acceptable that anti-virus software is disabled on the office PC.,0,NON_COMPLIANT,CE5_Malware,Cyber Essentials,anti-malware installed but disabled/unmaintained,llm_paraphrase,S0121,Anti-virus is installed on the office PC but has been disabled.,True,train
P00722,"Anti-virus software on the office PC is currently disabled, contravening security protocols.",0,NON_COMPLIANT,CE5_Malware,Cyber Essentials,anti-malware installed but disabled/unmaintained,llm_paraphrase,S0121,Anti-virus is installed on the office PC but has been disabled.,True,train
P00723,The office PC's anti-virus software is not active as a result of being disabled.,0,NON_COMPLIANT,CE5_Malware,Cyber Essentials,anti-malware installed but disabled/unmaintained,llm_paraphrase,S0121,Anti-virus is installed on the office PC but has been disabled.,True,train
P00724,Alerts from anti-virus software are not reviewed as part of our monitoring procedures.,0,NON_COMPLIANT,CE5_Malware,Cyber Essentials,anti-malware installed but disabled/unmaintained,llm_paraphrase,S0122,Alerts from the anti-virus software are logged but never looked at.,True,train
P00725,The anti-virus software's alert logs are not scrutinised in our daily checks.,0,NON_COMPLIANT,CE5_Malware,Cyber Essentials,anti-malware installed but disabled/unmaintained,llm_paraphrase,S0122,Alerts from the anti-virus software are logged but never looked at.,True,train
P00726,We have a policy of not examining the alerts generated by our anti-virus software.,0,NON_COMPLIANT,CE5_Malware,Cyber Essentials,anti-malware installed but disabled/unmaintained,llm_paraphrase,S0122,Alerts from the anti-virus software are logged but never looked at.,True,train
P00727,Our monitoring protocols do not include reviewing the alerts from the anti-virus software.,0,NON_COMPLIANT,CE5_Malware,Cyber Essentials,anti-malware installed but disabled/unmaintained,llm_paraphrase,S0122,Alerts from the anti-virus software are logged but never looked at.,True,train
P00728,The anti-virus software's alert logs are not subject to our regular review process.,0,NON_COMPLIANT,CE5_Malware,Cyber Essentials,anti-malware installed but disabled/unmaintained,llm_paraphrase,S0122,Alerts from the anti-virus software are logged but never looked at.,True,train
P00729,We do not include the review of anti-virus software alerts in our daily operational checks.,0,NON_COMPLIANT,CE5_Malware,Cyber Essentials,anti-malware installed but disabled/unmaintained,llm_paraphrase,S0122,Alerts from the anti-virus software are logged but never looked at.,True,train
P00742,Clear responsibility for confidential resident information is formally assigned.,1,COMPLIANT,DSPT1_ConfidentialData,DSPT,clear accountability for confidential data,llm_paraphrase,S0125,Responsibility for confidential resident information is clearly assigned.,True,train
P00743,Proper handling of resident information requires clear designation of accountable personnel.,1,COMPLIANT,DSPT1_ConfidentialData,DSPT,clear accountability for confidential data,llm_paraphrase,S0125,Responsibility for confidential resident information is clearly assigned.,True,train
P00744,All personnel are aware of their designated responsibility for confidential resident information.,1,COMPLIANT,DSPT1_ConfidentialData,DSPT,clear accountability for confidential data,llm_paraphrase,S0125,Responsibility for confidential resident information is clearly assigned.,True,train
P00745,Resident information confidentiality is effectively managed through clear assignment of responsible personnel.,1,COMPLIANT,DSPT1_ConfidentialData,DSPT,clear accountability for confidential data,llm_paraphrase,S0125,Responsibility for confidential resident information is clearly assigned.,True,train
P00746,Proper handling of confidential resident information demands clear definition of accountabilities.,1,COMPLIANT,DSPT1_ConfidentialData,DSPT,clear accountability for confidential data,llm_paraphrase,S0125,Responsibility for confidential resident information is clearly assigned.,True,train
P00747,Clear responsibility for resident confidentiality information is a fundamental requirement of our policies.,1,COMPLIANT,DSPT1_ConfidentialData,DSPT,clear accountability for confidential data,llm_paraphrase,S0125,Responsibility for confidential resident information is clearly assigned.,True,train
P00748,The registered manager is accountable for data protection.,1,COMPLIANT,DSPT1_ConfidentialData,DSPT,clear accountability for confidential data,llm_paraphrase,S0126,The registered manager holds overall accountability for data protection.,True,train
P00749,Data protection is the registered manager's overall responsibility.,1,COMPLIANT,DSPT1_ConfidentialData,DSPT,clear accountability for confidential data,llm_paraphrase,S0126,The registered manager holds overall accountability for data protection.,True,train
P00750,The registered manager has primary responsibility for data protection.,1,COMPLIANT,DSPT1_ConfidentialData,DSPT,clear accountability for confidential data,llm_paraphrase,S0126,The registered manager holds overall accountability for data protection.,True,train
P00751,Data protection is within the remit of the registered manager.,1,COMPLIANT,DSPT1_ConfidentialData,DSPT,clear accountability for confidential data,llm_paraphrase,S0126,The registered manager holds overall accountability for data protection.,True,train
P00752,The registered manager is solely accountable for data protection.,1,COMPLIANT,DSPT1_ConfidentialData,DSPT,clear accountability for confidential data,llm_paraphrase,S0126,The registered manager holds overall accountability for data protection.,True,train
P00753,The registered manager bears overall responsibility for data protection.,1,COMPLIANT,DSPT1_ConfidentialData,DSPT,clear accountability for confidential data,llm_paraphrase,S0126,The registered manager holds overall accountability for data protection.,True,train
P00760,Care records are subject to strict confidentiality and handled in accordance with data protection regulations.,1,COMPLIANT,DSPT1_ConfidentialData,DSPT,responsible handling of personal confidential data,llm_paraphrase,S0128,Care records are treated as confidential and handled accordingly.,True,train
P00761,All care records are treated as confidential and managed with due care.,1,COMPLIANT,DSPT1_ConfidentialData,DSPT,responsible handling of personal confidential data,llm_paraphrase,S0128,Care records are treated as confidential and handled accordingly.,True,train
P00762,"Proper handling of care records is crucial, and all documents are handled in a confidential manner.",1,COMPLIANT,DSPT1_ConfidentialData,DSPT,responsible handling of personal confidential data,llm_paraphrase,S0128,Care records are treated as confidential and handled accordingly.,True,train
P00763,"Care records are managed with the utmost care, maintaining strict confidentiality at all times.",1,COMPLIANT,DSPT1_ConfidentialData,DSPT,responsible handling of personal confidential data,llm_paraphrase,S0128,Care records are treated as confidential and handled accordingly.,True,train
P00764,"All care records are confidential and are handled, recorded, and stored securely.",1,COMPLIANT,DSPT1_ConfidentialData,DSPT,responsible handling of personal confidential data,llm_paraphrase,S0128,Care records are treated as confidential and handled accordingly.,True,train
P00765,Properly maintained care records are handled as confidential and in compliance with data protection laws.,1,COMPLIANT,DSPT1_ConfidentialData,DSPT,responsible handling of personal confidential data,llm_paraphrase,S0128,Care records are treated as confidential and handled accordingly.,True,train
P00778,Accountability for data protection is currently unclear within the home's governance structure.,0,NON_COMPLIANT,DSPT1_ConfidentialData,DSPT,no clarity on who is accountable,llm_paraphrase,S0131,It is unclear who is accountable for data protection at the home.,True,train
P00779,"Data protection accountability is lacking, requiring immediate attention to ensure compliance.",0,NON_COMPLIANT,DSPT1_ConfidentialData,DSPT,no clarity on who is accountable,llm_paraphrase,S0131,It is unclear who is accountable for data protection at the home.,True,train
P00780,The home's data protection compliance is compromised due to unassigned accountability.,0,NON_COMPLIANT,DSPT1_ConfidentialData,DSPT,no clarity on who is accountable,llm_paraphrase,S0131,It is unclear who is accountable for data protection at the home.,True,train
P00781,Unclear accountability for data protection is a critical compliance issue at the home.,0,NON_COMPLIANT,DSPT1_ConfidentialData,DSPT,no clarity on who is accountable,llm_paraphrase,S0131,It is unclear who is accountable for data protection at the home.,True,train
P00782,A review of data protection accountability is necessary to ensure the home's compliance with regulatory requirements.,0,NON_COMPLIANT,DSPT1_ConfidentialData,DSPT,no clarity on who is accountable,llm_paraphrase,S0131,It is unclear who is accountable for data protection at the home.,True,train
P00783,The home's failure to establish data protection accountability raises significant compliance concerns.,0,NON_COMPLIANT,DSPT1_ConfidentialData,DSPT,no clarity on who is accountable,llm_paraphrase,S0131,It is unclear who is accountable for data protection at the home.,True,train
P00784,No one has been assigned a role for handling confidential information.,0,NON_COMPLIANT,DSPT1_ConfidentialData,DSPT,no clarity on who is accountable,llm_paraphrase,S0132,Nobody has been given responsibility for confidential information.,True,train
P00785,Confidential information has not been allocated to a designated individual.,0,NON_COMPLIANT,DSPT1_ConfidentialData,DSPT,no clarity on who is accountable,llm_paraphrase,S0132,Nobody has been given responsibility for confidential information.,True,train
P00786,There is no designated person for handling confidential information.,0,NON_COMPLIANT,DSPT1_ConfidentialData,DSPT,no clarity on who is accountable,llm_paraphrase,S0132,Nobody has been given responsibility for confidential information.,True,train
P00787,No staff member has been designated to handle confidential information.,0,NON_COMPLIANT,DSPT1_ConfidentialData,DSPT,no clarity on who is accountable,llm_paraphrase,S0132,Nobody has been given responsibility for confidential information.,True,train
P00788,Confidential information has not been assigned to anyone to manage.,0,NON_COMPLIANT,DSPT1_ConfidentialData,DSPT,no clarity on who is accountable,llm_paraphrase,S0132,Nobody has been given responsibility for confidential information.,True,train
P00789,No one is responsible for the confidential information.,0,NON_COMPLIANT,DSPT1_ConfidentialData,DSPT,no clarity on who is accountable,llm_paraphrase,S0132,Nobody has been given responsibility for confidential information.,True,train
P00796,Personal confidential handover notes were left in the staff room overnight,0,NON_COMPLIANT,DSPT1_ConfidentialData,DSPT,careless or undefined handling of confidential data,llm_paraphrase,S0134,Confidential handover notes were left in the staff room overnight.,True,train
P00797,Staff were not to leave confidential handover notes in the staff room overnight,0,NON_COMPLIANT,DSPT1_ConfidentialData,DSPT,careless or undefined handling of confidential data,llm_paraphrase,S0134,Confidential handover notes were left in the staff room overnight.,True,train
P00798,Confidential handover notes were not properly secured and left in the staff room overnight,0,NON_COMPLIANT,DSPT1_ConfidentialData,DSPT,careless or undefined handling of confidential data,llm_paraphrase,S0134,Confidential handover notes were left in the staff room overnight.,True,train
P00799,Leaving confidential handover notes in the staff room overnight is unacceptable,0,NON_COMPLIANT,DSPT1_ConfidentialData,DSPT,careless or undefined handling of confidential data,llm_paraphrase,S0134,Confidential handover notes were left in the staff room overnight.,True,train
P00800,All staff are required to remove confidential handover notes from the staff room overnight,0,NON_COMPLIANT,DSPT1_ConfidentialData,DSPT,careless or undefined handling of confidential data,llm_paraphrase,S0134,Confidential handover notes were left in the staff room overnight.,True,train
P00801,Confidential handover notes should be removed from the staff room immediately after use,0,NON_COMPLIANT,DSPT1_ConfidentialData,DSPT,careless or undefined handling of confidential data,llm_paraphrase,S0134,Confidential handover notes were left in the staff room overnight.,True,train
P00802,Confidentiality obligations are explicitly documented in every staff member's employment contract.,1,COMPLIANT,DSPT2_StaffResponsibilities,DSPT,confidentiality/data terms included in staff contracts,llm_paraphrase,S0135,Confidentiality obligations are written into every member of staff's contract.,True,train
P00803,All staff members' contracts clearly outline their confidentiality obligations.,1,COMPLIANT,DSPT2_StaffResponsibilities,DSPT,confidentiality/data terms included in staff contracts,llm_paraphrase,S0135,Confidentiality obligations are written into every member of staff's contract.,True,train
P00804,Every member of staff have a contract that includes confidentiality obligations.,1,COMPLIANT,DSPT2_StaffResponsibilities,DSPT,confidentiality/data terms included in staff contracts,llm_paraphrase,S0135,Confidentiality obligations are written into every member of staff's contract.,True,train
P00805,Confidentiality is a mandatory term in every staff member's contract.,1,COMPLIANT,DSPT2_StaffResponsibilities,DSPT,confidentiality/data terms included in staff contracts,llm_paraphrase,S0135,Confidentiality obligations are written into every member of staff's contract.,True,train
P00806,Staff contracts include confidentiality obligations.,1,COMPLIANT,DSPT2_StaffResponsibilities,DSPT,confidentiality/data terms included in staff contracts,llm_paraphrase,S0135,Confidentiality obligations are written into every member of staff's contract.,True,train
P00807,"All staff contracts are stipulated to contain confidentiality obligations, as per statutory requirements.",1,COMPLIANT,DSPT2_StaffResponsibilities,DSPT,confidentiality/data terms included in staff contracts,llm_paraphrase,S0135,Confidentiality obligations are written into every member of staff's contract.,True,train
P00814,Staff sign a confidentiality agreement when they join the service as an initial condition of employment.,1,COMPLIANT,DSPT2_StaffResponsibilities,DSPT,confidentiality/data terms included in staff contracts,llm_paraphrase,S0137,Staff sign a confidentiality agreement when they join the service.,True,train
P00815,All new employees sign a confidentiality agreement at induction.,1,COMPLIANT,DSPT2_StaffResponsibilities,DSPT,confidentiality/data terms included in staff contracts,llm_paraphrase,S0137,Staff sign a confidentiality agreement when they join the service.,True,train
P00816,New staff members are sign a confidentiality agreement as part of the onboarding process.,1,COMPLIANT,DSPT2_StaffResponsibilities,DSPT,confidentiality/data terms included in staff contracts,llm_paraphrase,S0137,Staff sign a confidentiality agreement when they join the service.,True,train
P00817,Confidentiality agreements are in place for new staff members on commencement of employment.,1,COMPLIANT,DSPT2_StaffResponsibilities,DSPT,confidentiality/data terms included in staff contracts,llm_paraphrase,S0137,Staff sign a confidentiality agreement when they join the service.,True,train
P00818,Staff who join the service are automatically required to sign a confidentiality agreement.,1,COMPLIANT,DSPT2_StaffResponsibilities,DSPT,confidentiality/data terms included in staff contracts,llm_paraphrase,S0137,Staff sign a confidentiality agreement when they join the service.,True,train
P00819,All existing and new staff members sign a confidentiality agreement as a mandatory condition of employment.,1,COMPLIANT,DSPT2_StaffResponsibilities,DSPT,confidentiality/data terms included in staff contracts,llm_paraphrase,S0137,Staff sign a confidentiality agreement when they join the service.,True,train
P00820,Disciplinary action will be taken against staff who breach our data policy.,1,COMPLIANT,DSPT2_StaffResponsibilities,DSPT,breaches handled through a defined process,llm_paraphrase,S0138,Breaches of our data policy are dealt with through the disciplinary process.,True,train
P00821,Staff who breach our data policy will be subject to disciplinary procedures.,1,COMPLIANT,DSPT2_StaffResponsibilities,DSPT,breaches handled through a defined process,llm_paraphrase,S0138,Breaches of our data policy are dealt with through the disciplinary process.,True,train
P00822,The disciplinary process will be invoked against any staff member who fails to comply with our data policy.,1,COMPLIANT,DSPT2_StaffResponsibilities,DSPT,breaches handled through a defined process,llm_paraphrase,S0138,Breaches of our data policy are dealt with through the disciplinary process.,True,train
P00823,Non-compliance with our data policy will trigger disciplinary action against the relevant staff member.,1,COMPLIANT,DSPT2_StaffResponsibilities,DSPT,breaches handled through a defined process,llm_paraphrase,S0138,Breaches of our data policy are dealt with through the disciplinary process.,True,train
P00824,The disciplinary process is triggered when staff fail to adhere to our data policy.,1,COMPLIANT,DSPT2_StaffResponsibilities,DSPT,breaches handled through a defined process,llm_paraphrase,S0138,Breaches of our data policy are dealt with through the disciplinary process.,True,train
P00825,Any breach of our data policy will result in disciplinary action against the responsible staff member.,1,COMPLIANT,DSPT2_StaffResponsibilities,DSPT,breaches handled through a defined process,llm_paraphrase,S0138,Breaches of our data policy are dealt with through the disciplinary process.,True,train
P00832,Staff contracts do not specify data protection or confidentiality requirements.,0,NON_COMPLIANT,DSPT2_StaffResponsibilities,DSPT,no data responsibilities in contracts,llm_paraphrase,S0140,Staff contracts say nothing about data protection or confidentiality.,True,train
P00833,Data protection and confidentiality obligations are not addressed in staff contracts.,0,NON_COMPLIANT,DSPT2_StaffResponsibilities,DSPT,no data responsibilities in contracts,llm_paraphrase,S0140,Staff contracts say nothing about data protection or confidentiality.,True,train
P00834,There is a lack of provision for data protection and confidentiality in staff contracts.,0,NON_COMPLIANT,DSPT2_StaffResponsibilities,DSPT,no data responsibilities in contracts,llm_paraphrase,S0140,Staff contracts say nothing about data protection or confidentiality.,True,train
P00835,Staff contracts fail to include data protection and confidentiality provisions.,0,NON_COMPLIANT,DSPT2_StaffResponsibilities,DSPT,no data responsibilities in contracts,llm_paraphrase,S0140,Staff contracts say nothing about data protection or confidentiality.,True,train
P00836,Compliance with data protection and confidentiality is not assured by staff contracts.,0,NON_COMPLIANT,DSPT2_StaffResponsibilities,DSPT,no data responsibilities in contracts,llm_paraphrase,S0140,Staff contracts say nothing about data protection or confidentiality.,True,train
P00837,Staff contracts do not meet the necessary data protection and confidentiality standards.,0,NON_COMPLIANT,DSPT2_StaffResponsibilities,DSPT,no data responsibilities in contracts,llm_paraphrase,S0140,Staff contracts say nothing about data protection or confidentiality.,True,train
P00844,"Data breaches have occurred due to lack of compliance action, resulting in non-compliance with policy requirements.",0,NON_COMPLIANT,DSPT2_StaffResponsibilities,DSPT,breaches ignored or not acted upon,llm_paraphrase,S0142,Data policy breaches have occurred but no action was taken.,True,train
P00845,"No action was taken following a data breach, compromising our compliance with data protection regulations.",0,NON_COMPLIANT,DSPT2_StaffResponsibilities,DSPT,breaches ignored or not acted upon,llm_paraphrase,S0142,Data policy breaches have occurred but no action was taken.,True,train
P00846,"We have failed to take corrective action following a data breach, thus breaching our data policy and regulatory obligations.",0,NON_COMPLIANT,DSPT2_StaffResponsibilities,DSPT,breaches ignored or not acted upon,llm_paraphrase,S0142,Data policy breaches have occurred but no action was taken.,True,train
P00847,"Despite a data breach, no formal actions were taken to rectify the situation, thereby violating our data policy and compliance protocols.",0,NON_COMPLIANT,DSPT2_StaffResponsibilities,DSPT,breaches ignored or not acted upon,llm_paraphrase,S0142,Data policy breaches have occurred but no action was taken.,True,train
P00848,"A data breach has occurred, yet no enforcement of data policy was exercised, leading to non-compliance with policy stipulations.",0,NON_COMPLIANT,DSPT2_StaffResponsibilities,DSPT,breaches ignored or not acted upon,llm_paraphrase,S0142,Data policy breaches have occurred but no action was taken.,True,train
P00849,"Failure to take corrective action following a data breach has resulted in non-compliance with our data policy, contravening our regulatory responsibilities.",0,NON_COMPLIANT,DSPT2_StaffResponsibilities,DSPT,breaches ignored or not acted upon,llm_paraphrase,S0142,Data policy breaches have occurred but no action was taken.,True,train
P00862,The team completes an annual information governance training session to maintain compliance.,1,COMPLIANT,DSPT3_Training,DSPT,staff completed annual data security/IG training,llm_paraphrase,S0145,Information governance training is refreshed annually for the whole team.,True,train
P00863,All team members undergo refreshed information governance training every 12 months.,1,COMPLIANT,DSPT3_Training,DSPT,staff completed annual data security/IG training,llm_paraphrase,S0145,Information governance training is refreshed annually for the whole team.,True,train
P00864,Annual information governance training is in place for the entire team.,1,COMPLIANT,DSPT3_Training,DSPT,staff completed annual data security/IG training,llm_paraphrase,S0145,Information governance training is refreshed annually for the whole team.,True,train
P00865,Information governance training is refreshed and delivered to the whole team on a yearly basis.,1,COMPLIANT,DSPT3_Training,DSPT,staff completed annual data security/IG training,llm_paraphrase,S0145,Information governance training is refreshed annually for the whole team.,True,train
P00866,"The team's information governance training is refreshed annually, ensuring ongoing compliance.",1,COMPLIANT,DSPT3_Training,DSPT,staff completed annual data security/IG training,llm_paraphrase,S0145,Information governance training is refreshed annually for the whole team.,True,train
P00867,A yearly information governance training programme is implemented for the entire team.,1,COMPLIANT,DSPT3_Training,DSPT,staff completed annual data security/IG training,llm_paraphrase,S0145,Information governance training is refreshed annually for the whole team.,True,train
P00868,All staff have completed the data security module this year.,1,COMPLIANT,DSPT3_Training,DSPT,staff completed annual data security/IG training,llm_paraphrase,S0146,Every member of staff completed their data security module this year.,True,train
P00869,Staff are complete the data security module annually.,1,COMPLIANT,DSPT3_Training,DSPT,staff completed annual data security/IG training,llm_paraphrase,S0146,Every member of staff completed their data security module this year.,True,train
P00870,The data security module is completed by all staff before the end of the year.,1,COMPLIANT,DSPT3_Training,DSPT,staff completed annual data security/IG training,llm_paraphrase,S0146,Every member of staff completed their data security module this year.,True,train
P00871,It is in place.,1,COMPLIANT,DSPT3_Training,DSPT,staff completed annual data security/IG training,llm_paraphrase,S0146,Every member of staff completed their data security module this year.,True,train
P00872,All staff have completed the data security module by the close of the year.,1,COMPLIANT,DSPT3_Training,DSPT,staff completed annual data security/IG training,llm_paraphrase,S0146,Every member of staff completed their data security module this year.,True,train
P00873,The data security module is a compulsory element of staff training this year.,1,COMPLIANT,DSPT3_Training,DSPT,staff completed annual data security/IG training,llm_paraphrase,S0146,Every member of staff completed their data security module this year.,True,train
P00874,New starters are complete data security training as part of their induction process.,1,COMPLIANT,DSPT3_Training,DSPT,training completed at induction,llm_paraphrase,S0147,New starters receive data security training during their induction.,True,train
P00875,All new staff are obliged to undergo data security training during their induction.,1,COMPLIANT,DSPT3_Training,DSPT,training completed at induction,llm_paraphrase,S0147,New starters receive data security training during their induction.,True,train
P00876,Data security training is in place for all new starters during the induction period.,1,COMPLIANT,DSPT3_Training,DSPT,training completed at induction,llm_paraphrase,S0147,New starters receive data security training during their induction.,True,train
P00877,New staff are complete data security training during their induction.,1,COMPLIANT,DSPT3_Training,DSPT,training completed at induction,llm_paraphrase,S0147,New starters receive data security training during their induction.,True,train
P00878,It is a condition of employment for new starters to receive data security training during the induction.,1,COMPLIANT,DSPT3_Training,DSPT,training completed at induction,llm_paraphrase,S0147,New starters receive data security training during their induction.,True,train
P00879,Data security training is compulsory for new starters at the commencement of their induction.,1,COMPLIANT,DSPT3_Training,DSPT,training completed at induction,llm_paraphrase,S0147,New starters receive data security training during their induction.,True,train
P00880,Information governance training is included in the induction process during the first week.,1,COMPLIANT,DSPT3_Training,DSPT,training completed at induction,llm_paraphrase,S0148,Information governance is covered in the first week of induction.,True,train
P00881,The information governance training is scheduled for the first week of induction.,1,COMPLIANT,DSPT3_Training,DSPT,training completed at induction,llm_paraphrase,S0148,Information governance is covered in the first week of induction.,True,train
P00882,"During the induction process, which starts with the first week, staff receive information governance training.",1,COMPLIANT,DSPT3_Training,DSPT,training completed at induction,llm_paraphrase,S0148,Information governance is covered in the first week of induction.,True,train
P00883,Information governance training is conducted during the first week of induction as part of the staff induction process.,1,COMPLIANT,DSPT3_Training,DSPT,training completed at induction,llm_paraphrase,S0148,Information governance is covered in the first week of induction.,True,train
P00884,New employees are complete information governance training within the first week of induction.,1,COMPLIANT,DSPT3_Training,DSPT,training completed at induction,llm_paraphrase,S0148,Information governance is covered in the first week of induction.,True,train
P00885,The first week of induction includes a mandatory information governance training session for all new staff members.,1,COMPLIANT,DSPT3_Training,DSPT,training completed at induction,llm_paraphrase,S0148,Information governance is covered in the first week of induction.,True,train
P00892,All staff members are fully trained on data security protocols.,1,COMPLIANT,DSPT3_Training,DSPT,high completion rates recorded,llm_paraphrase,S0150,Our training matrix shows all staff are up to date on data security.,True,train
P00893,Our training records confirm all staff are current with data security procedures.,1,COMPLIANT,DSPT3_Training,DSPT,high completion rates recorded,llm_paraphrase,S0150,Our training matrix shows all staff are up to date on data security.,True,train
P00894,All staff have completed data security training to ensure compliance.,1,COMPLIANT,DSPT3_Training,DSPT,high completion rates recorded,llm_paraphrase,S0150,Our training matrix shows all staff are up to date on data security.,True,train
P00895,Staff are undergo regular data security training.,1,COMPLIANT,DSPT3_Training,DSPT,high completion rates recorded,llm_paraphrase,S0150,Our training matrix shows all staff are up to date on data security.,True,train
P00896,Our data security training programme ensures all staff are informed and trained.,1,COMPLIANT,DSPT3_Training,DSPT,high completion rates recorded,llm_paraphrase,S0150,Our training matrix shows all staff are up to date on data security.,True,train
P00897,All staff have completed data security training to be considered compliant with our policy.,1,COMPLIANT,DSPT3_Training,DSPT,high completion rates recorded,llm_paraphrase,S0150,Our training matrix shows all staff are up to date on data security.,True,train
P00904,The completion of the mandatory data security assessment is monitored for all staff members.,1,COMPLIANT,DSPT3_Training,DSPT,mandatory test passed,llm_paraphrase,S0152,Completion of the mandatory data security assessment is tracked for every member of staff.,True,train
P00905,Mandatory data security assessments are tracked for every member of staff.,1,COMPLIANT,DSPT3_Training,DSPT,mandatory test passed,llm_paraphrase,S0152,Completion of the mandatory data security assessment is tracked for every member of staff.,True,train
P00906,Data security assessments for all staff are systematically recorded.,1,COMPLIANT,DSPT3_Training,DSPT,mandatory test passed,llm_paraphrase,S0152,Completion of the mandatory data security assessment is tracked for every member of staff.,True,train
P00907,The mandatory data security assessment completion is tracked and recorded for all staff members.,1,COMPLIANT,DSPT3_Training,DSPT,mandatory test passed,llm_paraphrase,S0152,Completion of the mandatory data security assessment is tracked for every member of staff.,True,train
P00908,"For every member of staff, the completion of the mandatory data security assessment is recorded.",1,COMPLIANT,DSPT3_Training,DSPT,mandatory test passed,llm_paraphrase,S0152,Completion of the mandatory data security assessment is tracked for every member of staff.,True,train
P00909,All staff members' completion of mandatory data security assessments is tracked and documented.,1,COMPLIANT,DSPT3_Training,DSPT,mandatory test passed,llm_paraphrase,S0152,Completion of the mandatory data security assessment is tracked for every member of staff.,True,train
P00910,Staff complete phishing awareness training to identify and report suspicious emails,1,COMPLIANT,DSPT3_Training,DSPT,phishing/awareness training delivered,llm_paraphrase,S0153,Staff receive phishing awareness training so they can spot suspicious emails.,True,train
P00911,All staff undergo regular phishing awareness training to recognise and respond to suspicious emails,1,COMPLIANT,DSPT3_Training,DSPT,phishing/awareness training delivered,llm_paraphrase,S0153,Staff receive phishing awareness training so they can spot suspicious emails.,True,train
P00912,Phishing awareness training is in place for all staff to correctly identify and report suspicious emails,1,COMPLIANT,DSPT3_Training,DSPT,phishing/awareness training delivered,llm_paraphrase,S0153,Staff receive phishing awareness training so they can spot suspicious emails.,True,train
P00913,Staff are complete phishing awareness training to effectively spot and report suspicious emails,1,COMPLIANT,DSPT3_Training,DSPT,phishing/awareness training delivered,llm_paraphrase,S0153,Staff receive phishing awareness training so they can spot suspicious emails.,True,train
P00914,"Phishing awareness training is compulsory for all staff, enabling them to accurately identify and respond to suspicious emails",1,COMPLIANT,DSPT3_Training,DSPT,phishing/awareness training delivered,llm_paraphrase,S0153,Staff receive phishing awareness training so they can spot suspicious emails.,True,train
P00915,Staff successfully complete phishing awareness training to accurately identify and report suspicious emails,1,COMPLIANT,DSPT3_Training,DSPT,phishing/awareness training delivered,llm_paraphrase,S0153,Staff receive phishing awareness training so they can spot suspicious emails.,True,train
P00916,We conduct regular awareness training sessions to educate staff on recognising cyber threats.,1,COMPLIANT,DSPT3_Training,DSPT,phishing/awareness training delivered,llm_paraphrase,S0154,We run regular awareness sessions on recognising cyber threats.,True,train
P00917,Our staff undergo regular training on identifying cyber threats.,1,COMPLIANT,DSPT3_Training,DSPT,phishing/awareness training delivered,llm_paraphrase,S0154,We run regular awareness sessions on recognising cyber threats.,True,train
P00918,Cyber threat recognition training is in place for all staff.,1,COMPLIANT,DSPT3_Training,DSPT,phishing/awareness training delivered,llm_paraphrase,S0154,We run regular awareness sessions on recognising cyber threats.,True,train
P00919,Staff are complete regular awareness training on recognising cyber threats.,1,COMPLIANT,DSPT3_Training,DSPT,phishing/awareness training delivered,llm_paraphrase,S0154,We run regular awareness sessions on recognising cyber threats.,True,train
P00920,The management team organises regular awareness sessions to educate staff on cyber threat recognition.,1,COMPLIANT,DSPT3_Training,DSPT,phishing/awareness training delivered,llm_paraphrase,S0154,We run regular awareness sessions on recognising cyber threats.,True,train
P00921,Staff complete regular training on identifying cyber threats as part of their professional development.,1,COMPLIANT,DSPT3_Training,DSPT,phishing/awareness training delivered,llm_paraphrase,S0154,We run regular awareness sessions on recognising cyber threats.,True,train
P00928,No annual data security training is required for staff,0,NON_COMPLIANT,DSPT3_Training,DSPT,staff have not completed training,llm_paraphrase,S0156,There is no annual data security training for the team.,True,train
P00929,Staff do not need to undergo annual data security training,0,NON_COMPLIANT,DSPT3_Training,DSPT,staff have not completed training,llm_paraphrase,S0156,There is no annual data security training for the team.,True,train
P00930,Annual data security training is not mandatory for team members,0,NON_COMPLIANT,DSPT3_Training,DSPT,staff have not completed training,llm_paraphrase,S0156,There is no annual data security training for the team.,True,train
P00931,Data security training is not a statutory requirement for staff,0,NON_COMPLIANT,DSPT3_Training,DSPT,staff have not completed training,llm_paraphrase,S0156,There is no annual data security training for the team.,True,train
P00932,Staff are exempt from annual data security training,0,NON_COMPLIANT,DSPT3_Training,DSPT,staff have not completed training,llm_paraphrase,S0156,There is no annual data security training for the team.,True,train
P00933,Annual data security training is not obligatory for care home staff,0,NON_COMPLIANT,DSPT3_Training,DSPT,staff have not completed training,llm_paraphrase,S0156,There is no annual data security training for the team.,True,train
P00934,New staff are not adequately trained on information governance protocols upon commencement of employment.,0,NON_COMPLIANT,DSPT3_Training,DSPT,no induction training on data security,llm_paraphrase,S0157,New staff start work without any training on information governance.,True,train
P00935,All new staff are required to complete information governance training before commencing work.,0,NON_COMPLIANT,DSPT3_Training,DSPT,no induction training on data security,llm_paraphrase,S0157,New staff start work without any training on information governance.,True,train
P00936,Failure to provide adequate training on information governance is unacceptable for new staff on first day of employment.,0,NON_COMPLIANT,DSPT3_Training,DSPT,no induction training on data security,llm_paraphrase,S0157,New staff start work without any training on information governance.,True,train
P00937,New staff are not deemed adequately trained on information governance until they have completed the required training session.,0,NON_COMPLIANT,DSPT3_Training,DSPT,no induction training on data security,llm_paraphrase,S0157,New staff start work without any training on information governance.,True,train
P00938,The initial training of new staff must include a comprehensive overview of information governance procedures.,0,NON_COMPLIANT,DSPT3_Training,DSPT,no induction training on data security,llm_paraphrase,S0157,New staff start work without any training on information governance.,True,train
P00939,Staff new to the organisation must complete an approved information governance training module before commencing work.,0,NON_COMPLIANT,DSPT3_Training,DSPT,no induction training on data security,llm_paraphrase,S0157,New staff start work without any training on information governance.,True,train
P00940,Induction does not include any mention of handling confidential data,0,NON_COMPLIANT,DSPT3_Training,DSPT,no induction training on data security,llm_paraphrase,S0158,Induction does not include anything about handling confidential data.,True,train
P00941,Staff are not required to discuss data confidentiality during induction,0,NON_COMPLIANT,DSPT3_Training,DSPT,no induction training on data security,llm_paraphrase,S0158,Induction does not include anything about handling confidential data.,True,train
P00942,Confidential data handling is not covered in the induction process,0,NON_COMPLIANT,DSPT3_Training,DSPT,no induction training on data security,llm_paraphrase,S0158,Induction does not include anything about handling confidential data.,True,train
P00943,Confidential data information is not part of the induction training,0,NON_COMPLIANT,DSPT3_Training,DSPT,no induction training on data security,llm_paraphrase,S0158,Induction does not include anything about handling confidential data.,True,train
P00944,Induction does not cover data confidentiality procedures,0,NON_COMPLIANT,DSPT3_Training,DSPT,no induction training on data security,llm_paraphrase,S0158,Induction does not include anything about handling confidential data.,True,train
P00945,Staff induction does not include discussion of confidential data handling,0,NON_COMPLIANT,DSPT3_Training,DSPT,no induction training on data security,llm_paraphrase,S0158,Induction does not include anything about handling confidential data.,True,train
P00946,Only thirty per cent of staff are required to have completed the data security module.,0,NON_COMPLIANT,DSPT3_Training,DSPT,low or unrecorded completion rates,llm_paraphrase,S0159,Only thirty per cent of staff have completed the data security module.,True,train
P00947,It is essential that at least thirty per cent of staff have completed the data security module as per policy.,0,NON_COMPLIANT,DSPT3_Training,DSPT,low or unrecorded completion rates,llm_paraphrase,S0159,Only thirty per cent of staff have completed the data security module.,True,train
P00948,"Staff are expected to complete the data security module, with a minimum of thirty per cent of staff meeting this requirement.",0,NON_COMPLIANT,DSPT3_Training,DSPT,low or unrecorded completion rates,llm_paraphrase,S0159,Only thirty per cent of staff have completed the data security module.,True,train
P00949,"The data security module must be completed by thirty per cent of staff, as stated in our IT policy.",0,NON_COMPLIANT,DSPT3_Training,DSPT,low or unrecorded completion rates,llm_paraphrase,S0159,Only thirty per cent of staff have completed the data security module.,True,train
P00950,Thirty per cent of staff must have undergone data security module training as stipulated in our staff handbook.,0,NON_COMPLIANT,DSPT3_Training,DSPT,low or unrecorded completion rates,llm_paraphrase,S0159,Only thirty per cent of staff have completed the data security module.,True,train
P00951,Our data security module policy requires at least thirty per cent of staff to have completed training.,0,NON_COMPLIANT,DSPT3_Training,DSPT,low or unrecorded completion rates,llm_paraphrase,S0159,Only thirty per cent of staff have completed the data security module.,True,train
P00958,The registered manager is the sole recipient of information governance training.,0,NON_COMPLIANT,DSPT3_Training,DSPT,low or unrecorded completion rates,llm_paraphrase,S0161,Only the registered manager has received information governance training.,True,train
P00959,"All staff must complete information governance training, but the registered manager is exempt from this requirement.",0,NON_COMPLIANT,DSPT3_Training,DSPT,low or unrecorded completion rates,llm_paraphrase,S0161,Only the registered manager has received information governance training.,True,train
P00960,The registered manager has been identified as the only staff member with completed information governance training.,0,NON_COMPLIANT,DSPT3_Training,DSPT,low or unrecorded completion rates,llm_paraphrase,S0161,Only the registered manager has received information governance training.,True,train
P00961,"Information governance training is mandatory for all staff, except for the registered manager.",0,NON_COMPLIANT,DSPT3_Training,DSPT,low or unrecorded completion rates,llm_paraphrase,S0161,Only the registered manager has received information governance training.,True,train
P00962,The registered manager's status as a fully trained staff member is the only exception to mandatory information governance training.,0,NON_COMPLIANT,DSPT3_Training,DSPT,low or unrecorded completion rates,llm_paraphrase,S0161,Only the registered manager has received information governance training.,True,train
P00963,Only the registered manager holds a valid information governance training certificate.,0,NON_COMPLIANT,DSPT3_Training,DSPT,low or unrecorded completion rates,llm_paraphrase,S0161,Only the registered manager has received information governance training.,True,train
P00970,"Data security training is not mandatory, but only a minority of staff have attended the required training",0,NON_COMPLIANT,DSPT3_Training,DSPT,training not tested or not mandatory,llm_paraphrase,S0163,Data security training is optional and few staff have taken it.,True,train
P00971,Compliance with data security is not guaranteed due to insufficient staff participation,0,NON_COMPLIANT,DSPT3_Training,DSPT,training not tested or not mandatory,llm_paraphrase,S0163,Data security training is optional and few staff have taken it.,True,train
P00972,"Staff have not been required to take data security training, resulting in inadequate compliance",0,NON_COMPLIANT,DSPT3_Training,DSPT,training not tested or not mandatory,llm_paraphrase,S0163,Data security training is optional and few staff have taken it.,True,train
P00973,"Our data security training is non-compulsory, but only a small proportion of staff have completed it",0,NON_COMPLIANT,DSPT3_Training,DSPT,training not tested or not mandatory,llm_paraphrase,S0163,Data security training is optional and few staff have taken it.,True,train
P00974,"The staff data security training is voluntary, but only a minority have taken it up",0,NON_COMPLIANT,DSPT3_Training,DSPT,training not tested or not mandatory,llm_paraphrase,S0163,Data security training is optional and few staff have taken it.,True,train
P00975,Compliance with data security regulations is not ensured due to low staff participation in mandatory training,0,NON_COMPLIANT,DSPT3_Training,DSPT,training not tested or not mandatory,llm_paraphrase,S0163,Data security training is optional and few staff have taken it.,True,train
P00976,Staff have not received training on identifying phishing emails,0,NON_COMPLIANT,DSPT3_Training,DSPT,no awareness training provided,llm_paraphrase,S0164,Staff have had no training on recognising phishing emails.,True,train
P00977,Phishing email recognition training is not provided to staff,0,NON_COMPLIANT,DSPT3_Training,DSPT,no awareness training provided,llm_paraphrase,S0164,Staff have had no training on recognising phishing emails.,True,train
P00978,Staff are not equipped with knowledge to detect phishing emails,0,NON_COMPLIANT,DSPT3_Training,DSPT,no awareness training provided,llm_paraphrase,S0164,Staff have had no training on recognising phishing emails.,True,train
P00979,No training has been delivered on phishing email recognition,0,NON_COMPLIANT,DSPT3_Training,DSPT,no awareness training provided,llm_paraphrase,S0164,Staff have had no training on recognising phishing emails.,True,train
P00980,Phishing email recognition skills are not included in staff training,0,NON_COMPLIANT,DSPT3_Training,DSPT,no awareness training provided,llm_paraphrase,S0164,Staff have had no training on recognising phishing emails.,True,train
P00981,Staff do not possess the necessary knowledge to identify phishing emails,0,NON_COMPLIANT,DSPT3_Training,DSPT,no awareness training provided,llm_paraphrase,S0164,Staff have had no training on recognising phishing emails.,True,train
P00982,Lack of cyber awareness training is a critical omission and must be addressed immediately,0,NON_COMPLIANT,DSPT3_Training,DSPT,no awareness training provided,llm_paraphrase,S0165,There is no cyber awareness training of any kind at the service.,True,train
P00983,The absence of any cyber awareness training programme is a compliance breach,0,NON_COMPLIANT,DSPT3_Training,DSPT,no awareness training provided,llm_paraphrase,S0165,There is no cyber awareness training of any kind at the service.,True,train
P00984,"Cyber awareness training is mandatory, and its absence constitutes a serious failure",0,NON_COMPLIANT,DSPT3_Training,DSPT,no awareness training provided,llm_paraphrase,S0165,There is no cyber awareness training of any kind at the service.,True,train
P00985,"No cyber awareness training has been implemented, and this must be rectified urgently",0,NON_COMPLIANT,DSPT3_Training,DSPT,no awareness training provided,llm_paraphrase,S0165,There is no cyber awareness training of any kind at the service.,True,train
P00986,The service is non-compliant with relevant regulations due to the absence of cyber awareness training,0,NON_COMPLIANT,DSPT3_Training,DSPT,no awareness training provided,llm_paraphrase,S0165,There is no cyber awareness training of any kind at the service.,True,train
P00987,"The provision of cyber awareness training is compulsory, and its absence is a material breach of our standards",0,NON_COMPLIANT,DSPT3_Training,DSPT,no awareness training provided,llm_paraphrase,S0165,There is no cyber awareness training of any kind at the service.,True,train
P00988,Access to care records is restricted to personnel who have a legitimate need for the information.,1,COMPLIANT,DSPT4_DataAccess,DSPT,access restricted to staff who need it,llm_paraphrase,S0166,Access to care records is restricted to staff who need it for their role.,True,train
P00989,All access to care records is strictly limited to staff members who require it for their job functions.,1,COMPLIANT,DSPT4_DataAccess,DSPT,access restricted to staff who need it,llm_paraphrase,S0166,Access to care records is restricted to staff who need it for their role.,True,train
P00990,Care records are only accessible to personnel who have a legitimate reason to view the information.,1,COMPLIANT,DSPT4_DataAccess,DSPT,access restricted to staff who need it,llm_paraphrase,S0166,Access to care records is restricted to staff who need it for their role.,True,train
P00991,The right to access care records is granted to staff who have a genuine review the data.,1,COMPLIANT,DSPT4_DataAccess,DSPT,access restricted to staff who need it,llm_paraphrase,S0166,Access to care records is restricted to staff who need it for their role.,True,train
P00992,All access to care records is strictly regulated and limited to staff members who need the information.,1,COMPLIANT,DSPT4_DataAccess,DSPT,access restricted to staff who need it,llm_paraphrase,S0166,Access to care records is restricted to staff who need it for their role.,True,train
P00993,The right to access care records is only afforded to staff personnel who have a legitimate purpose for viewing the information.,1,COMPLIANT,DSPT4_DataAccess,DSPT,access restricted to staff who need it,llm_paraphrase,S0166,Access to care records is restricted to staff who need it for their role.,True,train
P01000,Data access is terminated once it's no longer required for the role.,1,COMPLIANT,DSPT4_DataAccess,DSPT,access removed when role changes/ends,llm_paraphrase,S0168,Access to personal data is removed as soon as it is no longer needed for the role.,True,train
P01001,Access to personal data is removed as soon as it is no longer necessary for performance.,1,COMPLIANT,DSPT4_DataAccess,DSPT,access removed when role changes/ends,llm_paraphrase,S0168,Access to personal data is removed as soon as it is no longer needed for the role.,True,train
P01002,Personal data access is withdrawn once it's no longer needed for operational purposes.,1,COMPLIANT,DSPT4_DataAccess,DSPT,access removed when role changes/ends,llm_paraphrase,S0168,Access to personal data is removed as soon as it is no longer needed for the role.,True,train
P01003,Data access is ended as soon as it's no longer required for the role.,1,COMPLIANT,DSPT4_DataAccess,DSPT,access removed when role changes/ends,llm_paraphrase,S0168,Access to personal data is removed as soon as it is no longer needed for the role.,True,train
P01004,Data access is terminated upon completion of role responsibilities.,1,COMPLIANT,DSPT4_DataAccess,DSPT,access removed when role changes/ends,llm_paraphrase,S0168,Access to personal data is removed as soon as it is no longer needed for the role.,True,train
P01005,Access to personal data is suspended as soon as it's no longer required for the role.,1,COMPLIANT,DSPT4_DataAccess,DSPT,access removed when role changes/ends,llm_paraphrase,S0168,Access to personal data is removed as soon as it is no longer needed for the role.,True,train
P01006,"When staff change roles, their access rights are updated to ensure compliance.",1,COMPLIANT,DSPT4_DataAccess,DSPT,access removed when role changes/ends,llm_paraphrase,S0169,"When staff change roles, their access rights are updated to match.",True,train
P01007,Staff role changes require updated access rights for continuity and security purposes.,1,COMPLIANT,DSPT4_DataAccess,DSPT,access removed when role changes/ends,llm_paraphrase,S0169,"When staff change roles, their access rights are updated to match.",True,train
P01008,All staff changes require an update to access rights to maintain compliance and security protocols.,1,COMPLIANT,DSPT4_DataAccess,DSPT,access removed when role changes/ends,llm_paraphrase,S0169,"When staff change roles, their access rights are updated to match.",True,train
P01009,It is policy that staff role changes result in updated access rights.,1,COMPLIANT,DSPT4_DataAccess,DSPT,access removed when role changes/ends,llm_paraphrase,S0169,"When staff change roles, their access rights are updated to match.",True,train
P01010,Staff access rights are updated following a role change.,1,COMPLIANT,DSPT4_DataAccess,DSPT,access removed when role changes/ends,llm_paraphrase,S0169,"When staff change roles, their access rights are updated to match.",True,train
P01011,Staff changes require automated updates to access rights to ensure ongoing compliance.,1,COMPLIANT,DSPT4_DataAccess,DSPT,access removed when role changes/ends,llm_paraphrase,S0169,"When staff change roles, their access rights are updated to match.",True,train
P01012,"All resident record accesses are tracked through a single, identifiable point of origin.",1,COMPLIANT,DSPT4_DataAccess,DSPT,access attributable to individuals,llm_paraphrase,S0170,Every access to a resident's record can be traced back to an individual.,True,train
P01013,Resident records can only be accessed via an officially designated entry point.,1,COMPLIANT,DSPT4_DataAccess,DSPT,access attributable to individuals,llm_paraphrase,S0170,Every access to a resident's record can be traced back to an individual.,True,train
P01014,Each resident record access is uniquely tracked and recordable.,1,COMPLIANT,DSPT4_DataAccess,DSPT,access attributable to individuals,llm_paraphrase,S0170,Every access to a resident's record can be traced back to an individual.,True,train
P01015,Every interaction with a resident record is logged and traceable.,1,COMPLIANT,DSPT4_DataAccess,DSPT,access attributable to individuals,llm_paraphrase,S0170,Every access to a resident's record can be traced back to an individual.,True,train
P01016,"Resident record accesses are tracked and logged through a standard, assigned entry point.",1,COMPLIANT,DSPT4_DataAccess,DSPT,access attributable to individuals,llm_paraphrase,S0170,Every access to a resident's record can be traced back to an individual.,True,train
P01017,All resident record accesses are electronically recorded and trackable.,1,COMPLIANT,DSPT4_DataAccess,DSPT,access attributable to individuals,llm_paraphrase,S0170,Every access to a resident's record can be traced back to an individual.,True,train
P01030,Access permissions are set according to job role and reviewed in accordance with corporate policies.,1,COMPLIANT,DSPT4_DataAccess,DSPT,role-based access enforced,llm_paraphrase,S0173,Access permissions are set according to job role and reviewed regularly.,True,train
P01031,The use of job role-based access permissions is a mandatory requirement.,1,COMPLIANT,DSPT4_DataAccess,DSPT,role-based access enforced,llm_paraphrase,S0173,Access permissions are set according to job role and reviewed regularly.,True,train
P01032,All staff implement job role-specific access controls and review them at regular intervals.,1,COMPLIANT,DSPT4_DataAccess,DSPT,role-based access enforced,llm_paraphrase,S0173,Access permissions are set according to job role and reviewed regularly.,True,train
P01033,Staff establish secure access permissions in line with their job role and perform regular reviews.,1,COMPLIANT,DSPT4_DataAccess,DSPT,role-based access enforced,llm_paraphrase,S0173,Access permissions are set according to job role and reviewed regularly.,True,train
P01034,The use of job role-based access permissions is a regulatory requirement and are reviewed by staff on a regular basis.,1,COMPLIANT,DSPT4_DataAccess,DSPT,role-based access enforced,llm_paraphrase,S0173,Access permissions are set according to job role and reviewed regularly.,True,train
P01035,Job role-based access permissions are a statutory obligation and are checked and updated by all staff regularly.,1,COMPLIANT,DSPT4_DataAccess,DSPT,role-based access enforced,llm_paraphrase,S0173,Access permissions are set according to job role and reviewed regularly.,True,train
P01036,Unauthorised access to resident records by staff outside their designated role is strictly forbidden and requires immediate reporting to management.,0,NON_COMPLIANT,DSPT4_DataAccess,DSPT,data accessible to staff who don't need it,llm_paraphrase,S0174,Staff can access resident records that have nothing to do with their role.,True,train
P01037,Access to resident records by staff not within their designated role is strictly prohibited and subject to investigation.,0,NON_COMPLIANT,DSPT4_DataAccess,DSPT,data accessible to staff who don't need it,llm_paraphrase,S0174,Staff can access resident records that have nothing to do with their role.,True,train
P01038,"Residents' records are only accessible to staff with a legitimate reason for doing so, which must be verified by line management.",0,NON_COMPLIANT,DSPT4_DataAccess,DSPT,data accessible to staff who don't need it,llm_paraphrase,S0174,Staff can access resident records that have nothing to do with their role.,True,train
P01039,Staff with no direct role in the care of a resident are not permitted to access their records.,0,NON_COMPLIANT,DSPT4_DataAccess,DSPT,data accessible to staff who don't need it,llm_paraphrase,S0174,Staff can access resident records that have nothing to do with their role.,True,train
P01040,Line management approval is required for staff to access resident records outside their designated role.,0,NON_COMPLIANT,DSPT4_DataAccess,DSPT,data accessible to staff who don't need it,llm_paraphrase,S0174,Staff can access resident records that have nothing to do with their role.,True,train
P01041,Staff accessing resident records outside their designated role must report to management for disciplinary action and further guidance.,0,NON_COMPLIANT,DSPT4_DataAccess,DSPT,data accessible to staff who don't need it,llm_paraphrase,S0174,Staff can access resident records that have nothing to do with their role.,True,train
P01054,Staff breaching access control procedures by retaining payroll data after transferring to a care role.,0,NON_COMPLIANT,DSPT4_DataAccess,DSPT,access retained after it is no longer needed,llm_paraphrase,S0177,A member of staff retained access to payroll data after moving to a care role.,True,train
P01055,The staff member failed to restrict access to payroll data upon taking up a care position.,0,NON_COMPLIANT,DSPT4_DataAccess,DSPT,access retained after it is no longer needed,llm_paraphrase,S0177,A member of staff retained access to payroll data after moving to a care role.,True,train
P01056,Inadequate access controls allowed a member of staff to retain payroll data after assuming a care role.,0,NON_COMPLIANT,DSPT4_DataAccess,DSPT,access retained after it is no longer needed,llm_paraphrase,S0177,A member of staff retained access to payroll data after moving to a care role.,True,train
P01057,"A care home staff member accessed payroll data after moving into the role, breaching access control.",0,NON_COMPLIANT,DSPT4_DataAccess,DSPT,access retained after it is no longer needed,llm_paraphrase,S0177,A member of staff retained access to payroll data after moving to a care role.,True,train
P01058,The staff member who joined a care role retained access to payroll data without adequate controls being in place.,0,NON_COMPLIANT,DSPT4_DataAccess,DSPT,access retained after it is no longer needed,llm_paraphrase,S0177,A member of staff retained access to payroll data after moving to a care role.,True,train
P01059,Staff failed to adhere to access control procedures by retaining payroll data following a staff transfer to a care role.,0,NON_COMPLIANT,DSPT4_DataAccess,DSPT,access retained after it is no longer needed,llm_paraphrase,S0177,A member of staff retained access to payroll data after moving to a care role.,True,train
P01060,"Due to shared logins, the system cannot accurately identify who accessed a record.",0,NON_COMPLIANT,DSPT4_DataAccess,DSPT,access not attributable (shared logins),llm_paraphrase,S0178,"Because logins are shared, it is not possible to tell who viewed a record.",True,train
P01061,"Shared logins compromise record access tracking, making it impossible to determine viewer identity.",0,NON_COMPLIANT,DSPT4_DataAccess,DSPT,access not attributable (shared logins),llm_paraphrase,S0178,"Because logins are shared, it is not possible to tell who viewed a record.",True,train
P01062,"The shared login arrangement disables the ability to log viewer activity, leaving anonymity unaccounted for.",0,NON_COMPLIANT,DSPT4_DataAccess,DSPT,access not attributable (shared logins),llm_paraphrase,S0178,"Because logins are shared, it is not possible to tell who viewed a record.",True,train
P01063,"Our system's shared login feature precludes the tracking of record accesses, rendering individual viewer identity unverifiable.",0,NON_COMPLIANT,DSPT4_DataAccess,DSPT,access not attributable (shared logins),llm_paraphrase,S0178,"Because logins are shared, it is not possible to tell who viewed a record.",True,train
P01064,"Because logins are shared among residents, we cannot ascertain who viewed a record.",0,NON_COMPLIANT,DSPT4_DataAccess,DSPT,access not attributable (shared logins),llm_paraphrase,S0178,"Because logins are shared, it is not possible to tell who viewed a record.",True,train
P01065,Shared logins within our system render record access visibility unaccountable.,0,NON_COMPLIANT,DSPT4_DataAccess,DSPT,access not attributable (shared logins),llm_paraphrase,S0178,"Because logins are shared, it is not possible to tell who viewed a record.",True,train
P01072,No role-based access controls are currently in place for the care records system.,0,NON_COMPLIANT,DSPT4_DataAccess,DSPT,no role-based restrictions,llm_paraphrase,S0180,There are no role-based restrictions on the care records system.,True,train
P01073,The care records system does not have role-based restrictions in place.,0,NON_COMPLIANT,DSPT4_DataAccess,DSPT,no role-based restrictions,llm_paraphrase,S0180,There are no role-based restrictions on the care records system.,True,train
P01074,Role-based access restrictions are not currently implemented for the care records system.,0,NON_COMPLIANT,DSPT4_DataAccess,DSPT,no role-based restrictions,llm_paraphrase,S0180,There are no role-based restrictions on the care records system.,True,train
P01075,There are no role-based access controls implemented for the care records system.,0,NON_COMPLIANT,DSPT4_DataAccess,DSPT,no role-based restrictions,llm_paraphrase,S0180,There are no role-based restrictions on the care records system.,True,train
P01076,The care records system does not have any role-based restrictions in place.,0,NON_COMPLIANT,DSPT4_DataAccess,DSPT,no role-based restrictions,llm_paraphrase,S0180,There are no role-based restrictions on the care records system.,True,train
P01077,No role-based access controls are currently restricting access to the care records system.,0,NON_COMPLIANT,DSPT4_DataAccess,DSPT,no role-based restrictions,llm_paraphrase,S0180,There are no role-based restrictions on the care records system.,True,train
P01078,Lack of a data access management system has been identified as a critical vulnerability in our care home's IT setup.,0,NON_COMPLIANT,DSPT4_DataAccess,DSPT,no role-based restrictions,llm_paraphrase,S0181,The provider had no system for managing who could access sensitive data.,True,train
P01079,Our system does not currently have controls in place to ensure sensitive data is only accessible to authorised personnel.,0,NON_COMPLIANT,DSPT4_DataAccess,DSPT,no role-based restrictions,llm_paraphrase,S0181,The provider had no system for managing who could access sensitive data.,True,train
P01080,Sensitive data access has not been adequately protected due to the absence of a formal data management system.,0,NON_COMPLIANT,DSPT4_DataAccess,DSPT,no role-based restrictions,llm_paraphrase,S0181,The provider had no system for managing who could access sensitive data.,True,train
P01081,We have found that our care home's IT setup does not contain a system for managing access to sensitive data.,0,NON_COMPLIANT,DSPT4_DataAccess,DSPT,no role-based restrictions,llm_paraphrase,S0181,The provider had no system for managing who could access sensitive data.,True,train
P01082,Our data management system falls short in providing secure access controls for sensitive information.,0,NON_COMPLIANT,DSPT4_DataAccess,DSPT,no role-based restrictions,llm_paraphrase,S0181,The provider had no system for managing who could access sensitive data.,True,train
P01083,Sensitive data is not adequately secured due to the lack of a robust data access management system in place.,0,NON_COMPLIANT,DSPT4_DataAccess,DSPT,no role-based restrictions,llm_paraphrase,S0181,The provider had no system for managing who could access sensitive data.,True,train
P01084,Our annual data review ensures our handling processes remain compliant.,1,COMPLIANT,DSPT5_ProcessReviews,DSPT,processes reviewed at least annually,llm_paraphrase,S0182,Our data handling processes are reviewed at least once a year.,True,train
P01085,The review is conducted at least once a year to maintain regulatory standards.,1,COMPLIANT,DSPT5_ProcessReviews,DSPT,processes reviewed at least annually,llm_paraphrase,S0182,Our data handling processes are reviewed at least once a year.,True,train
P01086,Our data handling processes are audited in accordance with the annual review requirement.,1,COMPLIANT,DSPT5_ProcessReviews,DSPT,processes reviewed at least annually,llm_paraphrase,S0182,Our data handling processes are reviewed at least once a year.,True,train
P01087,We undertake a minimum of one annual data handling process review.,1,COMPLIANT,DSPT5_ProcessReviews,DSPT,processes reviewed at least annually,llm_paraphrase,S0182,Our data handling processes are reviewed at least once a year.,True,train
P01088,Our data handling processes undergo a mandatory review at least once a year.,1,COMPLIANT,DSPT5_ProcessReviews,DSPT,processes reviewed at least annually,llm_paraphrase,S0182,Our data handling processes are reviewed at least once a year.,True,train
P01089,The annual review of our data handling processes ensures ongoing compliance with relevant regulations.,1,COMPLIANT,DSPT5_ProcessReviews,DSPT,processes reviewed at least annually,llm_paraphrase,S0182,Our data handling processes are reviewed at least once a year.,True,train
P01096,We conduct post-incident workshops to reinforce and improve our process protocols.,1,COMPLIANT,DSPT5_ProcessReviews,DSPT,reviews used to improve after breaches/near misses,llm_paraphrase,S0184,We hold workshops after any near miss to improve the process involved.,True,train
P01097,"Following a near miss, we conduct workshops to enhance our incident management procedures.",1,COMPLIANT,DSPT5_ProcessReviews,DSPT,reviews used to improve after breaches/near misses,llm_paraphrase,S0184,We hold workshops after any near miss to improve the process involved.,True,train
P01098,We regularly hold workshops after a near miss to reinforce our procedure and improve our response.,1,COMPLIANT,DSPT5_ProcessReviews,DSPT,reviews used to improve after breaches/near misses,llm_paraphrase,S0184,We hold workshops after any near miss to improve the process involved.,True,train
P01099,Post-incident workshops are in place.,1,COMPLIANT,DSPT5_ProcessReviews,DSPT,reviews used to improve after breaches/near misses,llm_paraphrase,S0184,We hold workshops after any near miss to improve the process involved.,True,train
P01100,"After a near miss, we conduct workshops to ensure our process is reviewed, refined, and improved.",1,COMPLIANT,DSPT5_ProcessReviews,DSPT,reviews used to improve after breaches/near misses,llm_paraphrase,S0184,We hold workshops after any near miss to improve the process involved.,True,train
P01101,"Whenever a near miss occurs, we conduct workshops to enhance our procedure and guarantee better future performance.",1,COMPLIANT,DSPT5_ProcessReviews,DSPT,reviews used to improve after breaches/near misses,llm_paraphrase,S0184,We hold workshops after any near miss to improve the process involved.,True,train
P01102,Lessons from previous incidents inform and shape our ongoing approach to care home operations.,1,COMPLIANT,DSPT5_ProcessReviews,DSPT,reviews used to improve after breaches/near misses,llm_paraphrase,S0185,Lessons from previous incidents are used to change how we work.,True,train
P01103,"To build on past experiences, we incorporate learning from incidents into our everyday practice.",1,COMPLIANT,DSPT5_ProcessReviews,DSPT,reviews used to improve after breaches/near misses,llm_paraphrase,S0185,Lessons from previous incidents are used to change how we work.,True,train
P01104,Our incident analysis informs and drives our continuous improvement efforts in the care home.,1,COMPLIANT,DSPT5_ProcessReviews,DSPT,reviews used to improve after breaches/near misses,llm_paraphrase,S0185,Lessons from previous incidents are used to change how we work.,True,train
P01105,Previous incidents guide our actions to enhance our care home's effectiveness.,1,COMPLIANT,DSPT5_ProcessReviews,DSPT,reviews used to improve after breaches/near misses,llm_paraphrase,S0185,Lessons from previous incidents are used to change how we work.,True,train
P01106,"From past incidents, we learn and adapt to improve our care home's performance.",1,COMPLIANT,DSPT5_ProcessReviews,DSPT,reviews used to improve after breaches/near misses,llm_paraphrase,S0185,Lessons from previous incidents are used to change how we work.,True,train
P01107,We apply the knowledge gained from previous incidents to refine our care home's procedures and practices.,1,COMPLIANT,DSPT5_ProcessReviews,DSPT,reviews used to improve after breaches/near misses,llm_paraphrase,S0185,Lessons from previous incidents are used to change how we work.,True,train
P01114,Our data handling processes have not been subject to regular review,0,NON_COMPLIANT,DSPT5_ProcessReviews,DSPT,processes never reviewed,llm_paraphrase,S0187,Our data handling processes have never been reviewed.,True,train
P01115,Lack of review has resulted in no assurance that our data handling processes meet regulatory requirements,0,NON_COMPLIANT,DSPT5_ProcessReviews,DSPT,processes never reviewed,llm_paraphrase,S0187,Our data handling processes have never been reviewed.,True,train
P01116,The absence of review has left our data handling processes unverified against industry standards,0,NON_COMPLIANT,DSPT5_ProcessReviews,DSPT,processes never reviewed,llm_paraphrase,S0187,Our data handling processes have never been reviewed.,True,train
P01117,Our data handling processes remain unreviewed since no formal review has taken place,0,NON_COMPLIANT,DSPT5_ProcessReviews,DSPT,processes never reviewed,llm_paraphrase,S0187,Our data handling processes have never been reviewed.,True,train
P01118,No review has been conducted on our data handling processes to confirm compliance,0,NON_COMPLIANT,DSPT5_ProcessReviews,DSPT,processes never reviewed,llm_paraphrase,S0187,Our data handling processes have never been reviewed.,True,train
P01119,Our data handling processes have not been validated against regulatory requirements through a formal review process,0,NON_COMPLIANT,DSPT5_ProcessReviews,DSPT,processes never reviewed,llm_paraphrase,S0187,Our data handling processes have never been reviewed.,True,train
P01126,Failure to discuss near misses leads to no corrective action being taken,0,NON_COMPLIANT,DSPT5_ProcessReviews,DSPT,no learning from breaches or near misses,llm_paraphrase,S0189,Near misses are not discussed and nothing changes as a result.,True,train
P01127,Near misses are not reviewed or acted upon,0,NON_COMPLIANT,DSPT5_ProcessReviews,DSPT,no learning from breaches or near misses,llm_paraphrase,S0189,Near misses are not discussed and nothing changes as a result.,True,train
P01128,Discussions of near misses do not result in any changes to practice,0,NON_COMPLIANT,DSPT5_ProcessReviews,DSPT,no learning from breaches or near misses,llm_paraphrase,S0189,Near misses are not discussed and nothing changes as a result.,True,train
P01129,No corrective action follows review of near misses,0,NON_COMPLIANT,DSPT5_ProcessReviews,DSPT,no learning from breaches or near misses,llm_paraphrase,S0189,Near misses are not discussed and nothing changes as a result.,True,train
P01130,Near misses are not incorporated into staff training,0,NON_COMPLIANT,DSPT5_ProcessReviews,DSPT,no learning from breaches or near misses,llm_paraphrase,S0189,Near misses are not discussed and nothing changes as a result.,True,train
P01131,No changes occur following discussion of near misses,0,NON_COMPLIANT,DSPT5_ProcessReviews,DSPT,no learning from breaches or near misses,llm_paraphrase,S0189,Near misses are not discussed and nothing changes as a result.,True,train
P01132,Previous data breaches did not result in any changes to our procedures.,0,NON_COMPLIANT,DSPT5_ProcessReviews,DSPT,no learning from breaches or near misses,llm_paraphrase,S0190,Previous data breaches did not lead to any change in practice.,True,train
P01133,We have not adapted our practices following previous data breaches.,0,NON_COMPLIANT,DSPT5_ProcessReviews,DSPT,no learning from breaches or near misses,llm_paraphrase,S0190,Previous data breaches did not lead to any change in practice.,True,train
P01134,No changes were made to our protocols following previous data breaches.,0,NON_COMPLIANT,DSPT5_ProcessReviews,DSPT,no learning from breaches or near misses,llm_paraphrase,S0190,Previous data breaches did not lead to any change in practice.,True,train
P01135,Our procedures remain unchanged following previous data breaches.,0,NON_COMPLIANT,DSPT5_ProcessReviews,DSPT,no learning from breaches or near misses,llm_paraphrase,S0190,Previous data breaches did not lead to any change in practice.,True,train
P01136,Previous breaches have not prompted a change in our policy.,0,NON_COMPLIANT,DSPT5_ProcessReviews,DSPT,no learning from breaches or near misses,llm_paraphrase,S0190,Previous data breaches did not lead to any change in practice.,True,train
P01137,No alteration has been made to our procedures following previous data breaches.,0,NON_COMPLIANT,DSPT5_ProcessReviews,DSPT,no learning from breaches or near misses,llm_paraphrase,S0190,Previous data breaches did not lead to any change in practice.,True,train
P01156,All data breaches are reported to the Information Commissioner's Office within 72 hours.,1,COMPLIANT,DSPT6_Incidents,DSPT,breaches reported to ICO within 72 hours,llm_paraphrase,S0194,Data breaches are reported to the Information Commissioner's Office within 72 hours.,True,train
P01157,"In the event of a data breach, it is in place to notify the Information Commissioner's Office within 72 hours.",1,COMPLIANT,DSPT6_Incidents,DSPT,breaches reported to ICO within 72 hours,llm_paraphrase,S0194,Data breaches are reported to the Information Commissioner's Office within 72 hours.,True,train
P01158,"Data breaches are to be reported to the Information Commissioner's Office promptly, within 72 hours of occurrence.",1,COMPLIANT,DSPT6_Incidents,DSPT,breaches reported to ICO within 72 hours,llm_paraphrase,S0194,Data breaches are reported to the Information Commissioner's Office within 72 hours.,True,train
P01159,The Data Protection Act requires reporting of data breaches to the Information Commissioner's Office within 72 hours.,1,COMPLIANT,DSPT6_Incidents,DSPT,breaches reported to ICO within 72 hours,llm_paraphrase,S0194,Data breaches are reported to the Information Commissioner's Office within 72 hours.,True,train
P01160,Breaches of data security are reported to the Information Commissioner's Office within 72 hours.,1,COMPLIANT,DSPT6_Incidents,DSPT,breaches reported to ICO within 72 hours,llm_paraphrase,S0194,Data breaches are reported to the Information Commissioner's Office within 72 hours.,True,train
P01161,"All data breaches are to be reported to the Information Commissioner's Office without delay, in accordance with the 72-hour time limit.",1,COMPLIANT,DSPT6_Incidents,DSPT,breaches reported to ICO within 72 hours,llm_paraphrase,S0194,Data breaches are reported to the Information Commissioner's Office within 72 hours.,True,train
P01162,Any reportable breach is reported to the ICO within the specified timeframe.,1,COMPLIANT,DSPT6_Incidents,DSPT,breaches reported to ICO within 72 hours,llm_paraphrase,S0195,Any reportable breach is notified to the ICO within the required timeframe.,True,train
P01163,The ICO is notified of all reportable breaches within the required timeframe.,1,COMPLIANT,DSPT6_Incidents,DSPT,breaches reported to ICO within 72 hours,llm_paraphrase,S0195,Any reportable breach is notified to the ICO within the required timeframe.,True,train
P01164,All reportable breaches are reported to the ICO by the specified deadline.,1,COMPLIANT,DSPT6_Incidents,DSPT,breaches reported to ICO within 72 hours,llm_paraphrase,S0195,Any reportable breach is notified to the ICO within the required timeframe.,True,train
P01165,Reportable breaches is notified to the ICO by the required date.,1,COMPLIANT,DSPT6_Incidents,DSPT,breaches reported to ICO within 72 hours,llm_paraphrase,S0195,Any reportable breach is notified to the ICO within the required timeframe.,True,train
P01166,The ICO receive notification of reportable breaches within the stipulated timeframe.,1,COMPLIANT,DSPT6_Incidents,DSPT,breaches reported to ICO within 72 hours,llm_paraphrase,S0195,Any reportable breach is notified to the ICO within the required timeframe.,True,train
P01167,All breaches of this policy are reported to the ICO by the specified deadline.,1,COMPLIANT,DSPT6_Incidents,DSPT,breaches reported to ICO within 72 hours,llm_paraphrase,S0195,Any reportable breach is notified to the ICO within the required timeframe.,True,train
P01168,All incidents and near misses are documented in our incident log.,1,COMPLIANT,DSPT6_Incidents,DSPT,incidents logged and reviewed,llm_paraphrase,S0196,All incidents and near misses are recorded in our incident log.,True,train
P01170,"In line with regulatory requirements, all incidents and near misses are recorded in the incident log.",1,COMPLIANT,DSPT6_Incidents,DSPT,incidents logged and reviewed,llm_paraphrase,S0196,All incidents and near misses are recorded in our incident log.,True,train
P01171,All incidents and near misses are recorded in the incident log as part of our quality assurance process.,1,COMPLIANT,DSPT6_Incidents,DSPT,incidents logged and reviewed,llm_paraphrase,S0196,All incidents and near misses are recorded in our incident log.,True,train
P01172,Proper documentation of all incidents and near misses is essential and are recorded in our incident log.,1,COMPLIANT,DSPT6_Incidents,DSPT,incidents logged and reviewed,llm_paraphrase,S0196,All incidents and near misses are recorded in our incident log.,True,train
P01173,"The incident log is the designated repository for recording all incidents and near misses, in accordance with our policies and procedures.",1,COMPLIANT,DSPT6_Incidents,DSPT,incidents logged and reviewed,llm_paraphrase,S0196,All incidents and near misses are recorded in our incident log.,True,train
P01174,The incident log is formally reviewed by the management team on a monthly basis.,1,COMPLIANT,DSPT6_Incidents,DSPT,incidents logged and reviewed,llm_paraphrase,S0197,The incident log is reviewed by the management team each month.,True,train
P01175,Monthly review of the incident log is a mandatory procedure.,1,COMPLIANT,DSPT6_Incidents,DSPT,incidents logged and reviewed,llm_paraphrase,S0197,The incident log is reviewed by the management team each month.,True,train
P01176,Incident logs are subject to monthly review by the management team.,1,COMPLIANT,DSPT6_Incidents,DSPT,incidents logged and reviewed,llm_paraphrase,S0197,The incident log is reviewed by the management team each month.,True,train
P01177,The management team conducts a monthly review of all incident logs.,1,COMPLIANT,DSPT6_Incidents,DSPT,incidents logged and reviewed,llm_paraphrase,S0197,The incident log is reviewed by the management team each month.,True,train
P01178,Incident logs are reviewed by the management team on a monthly schedule.,1,COMPLIANT,DSPT6_Incidents,DSPT,incidents logged and reviewed,llm_paraphrase,S0197,The incident log is reviewed by the management team each month.,True,train
P01179,All incident logs are subject to regular monthly review by the management team.,1,COMPLIANT,DSPT6_Incidents,DSPT,incidents logged and reviewed,llm_paraphrase,S0197,The incident log is reviewed by the management team each month.,True,train
P01180,Staff are aware of the data breach reporting procedure and know who to inform in the event of an incident.,1,COMPLIANT,DSPT6_Incidents,DSPT,staff know how to report incidents,llm_paraphrase,S0198,Staff know who to tell if they think a data breach has happened.,True,train
P01181,All staff are trained to report data breaches to designated personnel.,1,COMPLIANT,DSPT6_Incidents,DSPT,staff know how to report incidents,llm_paraphrase,S0198,Staff know who to tell if they think a data breach has happened.,True,train
P01182,"In the event of a data breach, staff will notify the Data Protection Officer or line manager.",1,COMPLIANT,DSPT6_Incidents,DSPT,staff know how to report incidents,llm_paraphrase,S0198,Staff know who to tell if they think a data breach has happened.,True,train
P01183,Staff are report data breaches to the relevant person or department.,1,COMPLIANT,DSPT6_Incidents,DSPT,staff know how to report incidents,llm_paraphrase,S0198,Staff know who to tell if they think a data breach has happened.,True,train
P01184,"If a data breach is suspected, staff report it to the Data Protection Officer immediately.",1,COMPLIANT,DSPT6_Incidents,DSPT,staff know how to report incidents,llm_paraphrase,S0198,Staff know who to tell if they think a data breach has happened.,True,train
P01185,Staff are notify the Data Protection Officer or relevant authority if a data breach is suspected.,1,COMPLIANT,DSPT6_Incidents,DSPT,staff know how to report incidents,llm_paraphrase,S0198,Staff know who to tell if they think a data breach has happened.,True,train
P01192,We respond to security advisories in a timely manner.,1,COMPLIANT,DSPT6_Incidents,DSPT,security advisories acted upon,llm_paraphrase,S0200,We act on security advisories when they are issued.,True,train
P01193,Security advisories are acted upon as soon as they are issued.,1,COMPLIANT,DSPT6_Incidents,DSPT,security advisories acted upon,llm_paraphrase,S0200,We act on security advisories when they are issued.,True,train
P01194,We acknowledge and respond to security advisories issued by relevant authorities.,1,COMPLIANT,DSPT6_Incidents,DSPT,security advisories acted upon,llm_paraphrase,S0200,We act on security advisories when they are issued.,True,train
P01195,Security advisories are implemented as soon as they are received.,1,COMPLIANT,DSPT6_Incidents,DSPT,security advisories acted upon,llm_paraphrase,S0200,We act on security advisories when they are issued.,True,train
P01196,Incident reports are filed and security advisories are acted upon promptly.,1,COMPLIANT,DSPT6_Incidents,DSPT,security advisories acted upon,llm_paraphrase,S0200,We act on security advisories when they are issued.,True,train
P01197,All security advisories are taken into account and addressed immediately upon receipt.,1,COMPLIANT,DSPT6_Incidents,DSPT,security advisories acted upon,llm_paraphrase,S0200,We act on security advisories when they are issued.,True,train
P01198,Lack of defined procedure for responding to data security incidents is present,0,NON_COMPLIANT,DSPT6_Incidents,DSPT,no incident response procedure,llm_paraphrase,S0201,There is no procedure for responding to a data security incident.,True,train
P01199,Data security incident response is non-existent,0,NON_COMPLIANT,DSPT6_Incidents,DSPT,no incident response procedure,llm_paraphrase,S0201,There is no procedure for responding to a data security incident.,True,train
P01200,Insufficient procedure exists for incident response,0,NON_COMPLIANT,DSPT6_Incidents,DSPT,no incident response procedure,llm_paraphrase,S0201,There is no procedure for responding to a data security incident.,True,train
P01201,No documented procedure for incident response exists,0,NON_COMPLIANT,DSPT6_Incidents,DSPT,no incident response procedure,llm_paraphrase,S0201,There is no procedure for responding to a data security incident.,True,train
P01202,Response to data security incidents is currently unauthorised,0,NON_COMPLIANT,DSPT6_Incidents,DSPT,no incident response procedure,llm_paraphrase,S0201,There is no procedure for responding to a data security incident.,True,train
P01203,Procedure for data security incident response is absent,0,NON_COMPLIANT,DSPT6_Incidents,DSPT,no incident response procedure,llm_paraphrase,S0201,There is no procedure for responding to a data security incident.,True,train
P01216,The reported breach was not reported to the regulator in a timely manner.,0,NON_COMPLIANT,DSPT6_Incidents,DSPT,breaches not reported / reported late,llm_paraphrase,S0204,The breach was reported to the regulator several weeks after it was discovered.,True,train
P01217,A failure to report the breach to the regulator occurred several weeks after it was identified.,0,NON_COMPLIANT,DSPT6_Incidents,DSPT,breaches not reported / reported late,llm_paraphrase,S0204,The breach was reported to the regulator several weeks after it was discovered.,True,train
P01218,The regulator was informed of the breach delay shortly after it was detected.,0,NON_COMPLIANT,DSPT6_Incidents,DSPT,breaches not reported / reported late,llm_paraphrase,S0204,The breach was reported to the regulator several weeks after it was discovered.,True,train
P01219,"There was a significant delay in reporting the breach to the regulator, resulting from the discovery several weeks prior.",0,NON_COMPLIANT,DSPT6_Incidents,DSPT,breaches not reported / reported late,llm_paraphrase,S0204,The breach was reported to the regulator several weeks after it was discovered.,True,train
P01220,The regulator was not informed of the breach breach breach several weeks after it was found.,0,NON_COMPLIANT,DSPT6_Incidents,DSPT,breaches not reported / reported late,llm_paraphrase,S0204,The breach was reported to the regulator several weeks after it was discovered.,True,train
P01221,The reported breach was not submitted to the regulator in accordance with the required reporting timeline.,0,NON_COMPLIANT,DSPT6_Incidents,DSPT,breaches not reported / reported late,llm_paraphrase,S0204,The breach was reported to the regulator several weeks after it was discovered.,True,train
P01222,Incidents are dealt with informally and not recorded in our incident reporting system.,0,NON_COMPLIANT,DSPT6_Incidents,DSPT,incidents not recorded,llm_paraphrase,S0205,Incidents are dealt with informally and not written down anywhere.,True,train
P01223,All incidents are handled without formal documentation.,0,NON_COMPLIANT,DSPT6_Incidents,DSPT,incidents not recorded,llm_paraphrase,S0205,Incidents are dealt with informally and not written down anywhere.,True,train
P01224,Informal incident response is not a viable alternative and must be replaced.,0,NON_COMPLIANT,DSPT6_Incidents,DSPT,incidents not recorded,llm_paraphrase,S0205,Incidents are dealt with informally and not written down anywhere.,True,train
P01225,Dealing with incidents informally does not meet regulatory requirements.,0,NON_COMPLIANT,DSPT6_Incidents,DSPT,incidents not recorded,llm_paraphrase,S0205,Incidents are dealt with informally and not written down anywhere.,True,train
P01226,Inadequate incident recording is a breach of our internal policies.,0,NON_COMPLIANT,DSPT6_Incidents,DSPT,incidents not recorded,llm_paraphrase,S0205,Incidents are dealt with informally and not written down anywhere.,True,train
P01227,Incident handling without formal recording is a non-compliant practice.,0,NON_COMPLIANT,DSPT6_Incidents,DSPT,incidents not recorded,llm_paraphrase,S0205,Incidents are dealt with informally and not written down anywhere.,True,train
P01234,Staff were not trained to notify the data breach incident reporting system when a suspected breach occurred.,0,NON_COMPLIANT,DSPT6_Incidents,DSPT,staff don't know how to report incidents,llm_paraphrase,S0207,Staff did not know how to report a suspected data breach.,True,train
P01235,The data breach reporting protocol was not followed when staff failed to report a suspected breach.,0,NON_COMPLIANT,DSPT6_Incidents,DSPT,staff don't know how to report incidents,llm_paraphrase,S0207,Staff did not know how to report a suspected data breach.,True,train
P01236,It was not in accordance with the incident reporting policy that staff did not report a suspected data breach.,0,NON_COMPLIANT,DSPT6_Incidents,DSPT,staff don't know how to report incidents,llm_paraphrase,S0207,Staff did not know how to report a suspected data breach.,True,train
P01237,Compliance with the incident reporting policy was not met when staff failed to report a suspected data breach.,0,NON_COMPLIANT,DSPT6_Incidents,DSPT,staff don't know how to report incidents,llm_paraphrase,S0207,Staff did not know how to report a suspected data breach.,True,train
P01238,"When staff were not trained to report data breaches, compliance with policy was compromised.",0,NON_COMPLIANT,DSPT6_Incidents,DSPT,staff don't know how to report incidents,llm_paraphrase,S0207,Staff did not know how to report a suspected data breach.,True,train
P01239,Reporting a suspected data breach to the designated system was not done in line with the data breach reporting policy.,0,NON_COMPLIANT,DSPT6_Incidents,DSPT,staff don't know how to report incidents,llm_paraphrase,S0207,Staff did not know how to report a suspected data breach.,True,train
P01240,"Security warnings from our supplier are not acted upon, as per our incident response policy.",0,NON_COMPLIANT,DSPT6_Incidents,DSPT,security advice ignored,llm_paraphrase,S0208,Security warnings from our supplier are received but not acted on.,True,train
P01241,"Failure to act on security warnings from our supplier is a compliance breach, in line with our incident management procedure.",0,NON_COMPLIANT,DSPT6_Incidents,DSPT,security advice ignored,llm_paraphrase,S0208,Security warnings from our supplier are received but not acted on.,True,train
P01242,Receiving security warnings from our supplier is not sufficient; all incidents must be reported and acted on within the stipulated timeframe.,0,NON_COMPLIANT,DSPT6_Incidents,DSPT,security advice ignored,llm_paraphrase,S0208,Security warnings from our supplier are received but not acted on.,True,train
P01243,Our incident response policy clearly states that security warnings from suppliers must be escalated and acted upon promptly.,0,NON_COMPLIANT,DSPT6_Incidents,DSPT,security advice ignored,llm_paraphrase,S0208,Security warnings from our supplier are received but not acted on.,True,train
P01244,"Acting on security warnings from our supplier is a mandatory step, as per our incident management guidelines.",0,NON_COMPLIANT,DSPT6_Incidents,DSPT,security advice ignored,llm_paraphrase,S0208,Security warnings from our supplier are received but not acted on.,True,train
P01245,Receipt of security warnings from our supplier does not authorise non-compliance; all incidents must be reported and addressed accordingly.,0,NON_COMPLIANT,DSPT6_Incidents,DSPT,security advice ignored,llm_paraphrase,S0208,Security warnings from our supplier are received but not acted on.,True,train
P01246,A business continuity plan is in place to ensure continuity of operations in the event of an IT system failure.,1,COMPLIANT,DSPT7_Continuity,DSPT,a business continuity plan in place,llm_paraphrase,S0209,A business continuity plan covers what we do if our IT systems fail.,True,train
P01247,"In the event of IT system failure, our business continuity plan kicks in immediately.",1,COMPLIANT,DSPT7_Continuity,DSPT,a business continuity plan in place,llm_paraphrase,S0209,A business continuity plan covers what we do if our IT systems fail.,True,train
P01248,"Our business continuity plan addresses the consequences of IT system failure, not just the technical aspects.",1,COMPLIANT,DSPT7_Continuity,DSPT,a business continuity plan in place,llm_paraphrase,S0209,A business continuity plan covers what we do if our IT systems fail.,True,train
P01249,"A business continuity plan is crucial in the event of an IT system failure, outlining the necessary steps.",1,COMPLIANT,DSPT7_Continuity,DSPT,a business continuity plan in place,llm_paraphrase,S0209,A business continuity plan covers what we do if our IT systems fail.,True,train
P01250,"The IT systems failure will trigger our business continuity plan, which has been designed to mitigate the impact.",1,COMPLIANT,DSPT7_Continuity,DSPT,a business continuity plan in place,llm_paraphrase,S0209,A business continuity plan covers what we do if our IT systems fail.,True,train
P01251,"Our business continuity plan is fully operational, covering what happens in the event of an IT system failure.",1,COMPLIANT,DSPT7_Continuity,DSPT,a business continuity plan in place,llm_paraphrase,S0209,A business continuity plan covers what we do if our IT systems fail.,True,train
P01258,Daily data backups are performed automatically as part of our standard procedure.,1,COMPLIANT,DSPT7_Continuity,DSPT,backups taken regularly,llm_paraphrase,S0211,Care records are backed up every night.,True,train
P01259,All care records are regularly backed up to ensure data integrity.,1,COMPLIANT,DSPT7_Continuity,DSPT,backups taken regularly,llm_paraphrase,S0211,Care records are backed up every night.,True,train
P01260,"To maintain compliance, care records are routinely backed up each and every night.",1,COMPLIANT,DSPT7_Continuity,DSPT,backups taken regularly,llm_paraphrase,S0211,Care records are backed up every night.,True,train
P01261,It is imperative that daily backups are executed as part of our core data protection protocol.,1,COMPLIANT,DSPT7_Continuity,DSPT,backups taken regularly,llm_paraphrase,S0211,Care records are backed up every night.,True,train
P01262,Daily care records are automatically backed up in line with our established data management guidelines.,1,COMPLIANT,DSPT7_Continuity,DSPT,backups taken regularly,llm_paraphrase,S0211,Care records are backed up every night.,True,train
P01263,Care records are automatically backed up each and every night to ensure ongoing data security and compliance.,1,COMPLIANT,DSPT7_Continuity,DSPT,backups taken regularly,llm_paraphrase,S0211,Care records are backed up every night.,True,train
P01264,Backups of all electronic records are performed daily.,1,COMPLIANT,DSPT7_Continuity,DSPT,backups taken regularly,llm_paraphrase,S0212,Backups of all electronic records run automatically each day.,True,train
P01265,Automatic daily backups of electronic records are maintained.,1,COMPLIANT,DSPT7_Continuity,DSPT,backups taken regularly,llm_paraphrase,S0212,Backups of all electronic records run automatically each day.,True,train
P01266,Daily automated backups of all electronic records are taken.,1,COMPLIANT,DSPT7_Continuity,DSPT,backups taken regularly,llm_paraphrase,S0212,Backups of all electronic records run automatically each day.,True,train
P01267,Electronic records are backed up daily as a standard procedure.,1,COMPLIANT,DSPT7_Continuity,DSPT,backups taken regularly,llm_paraphrase,S0212,Backups of all electronic records run automatically each day.,True,train
P01268,All electronic records are backed up daily.,1,COMPLIANT,DSPT7_Continuity,DSPT,backups taken regularly,llm_paraphrase,S0212,Backups of all electronic records run automatically each day.,True,train
P01269,Daily automated backups of all electronic records are required.,1,COMPLIANT,DSPT7_Continuity,DSPT,backups taken regularly,llm_paraphrase,S0212,Backups of all electronic records run automatically each day.,True,train
P01270,We regularly test our backups to ensure data can be restored from the most recent point in time.,1,COMPLIANT,DSPT7_Continuity,DSPT,backups tested for successful recovery,llm_paraphrase,S0213,We test our backups quarterly to confirm data can be restored.,True,train
P01271,The backup system is tested quarterly to confirm data can be restored as required.,1,COMPLIANT,DSPT7_Continuity,DSPT,backups tested for successful recovery,llm_paraphrase,S0213,We test our backups quarterly to confirm data can be restored.,True,train
P01273,Our quarterly backup tests confirm that data can be restored to the most recent point in time.,1,COMPLIANT,DSPT7_Continuity,DSPT,backups tested for successful recovery,llm_paraphrase,S0213,We test our backups quarterly to confirm data can be restored.,True,train
P01274,All care homes test their backup systems quarterly.,1,COMPLIANT,DSPT7_Continuity,DSPT,backups tested for successful recovery,llm_paraphrase,S0213,We test our backups quarterly to confirm data can be restored.,True,train
P01275,"Weekly, monthly, and quarterly testing of the backup system is confirm data can be restored as specified.",1,COMPLIANT,DSPT7_Continuity,DSPT,backups tested for successful recovery,llm_paraphrase,S0213,We test our backups quarterly to confirm data can be restored.,True,train
P01276,A restore test is conducted to verify the functionality of our backup systems.,1,COMPLIANT,DSPT7_Continuity,DSPT,backups tested for successful recovery,llm_paraphrase,S0214,A restore test is carried out to make sure the backups actually work.,True,train
P01277,The backup restore process is regularly tested.,1,COMPLIANT,DSPT7_Continuity,DSPT,backups tested for successful recovery,llm_paraphrase,S0214,A restore test is carried out to make sure the backups actually work.,True,train
P01278,A restore test is performed to confirm the viability of our backup systems.,1,COMPLIANT,DSPT7_Continuity,DSPT,backups tested for successful recovery,llm_paraphrase,S0214,A restore test is carried out to make sure the backups actually work.,True,train
P01279,All staff members undertake a restore test to verify the restore functionality of our backup systems.,1,COMPLIANT,DSPT7_Continuity,DSPT,backups tested for successful recovery,llm_paraphrase,S0214,A restore test is carried out to make sure the backups actually work.,True,train
P01280,The backup systems' ability to recover data is validated through regular restore tests.,1,COMPLIANT,DSPT7_Continuity,DSPT,backups tested for successful recovery,llm_paraphrase,S0214,A restore test is carried out to make sure the backups actually work.,True,train
P01281,A restore test is a crucial requirement to ensure the successful recall of data from our backup systems.,1,COMPLIANT,DSPT7_Continuity,DSPT,backups tested for successful recovery,llm_paraphrase,S0214,A restore test is carried out to make sure the backups actually work.,True,train
P01294,The continuity plan is annually reviewed and updated to ensure ongoing compliance.,1,COMPLIANT,DSPT7_Continuity,DSPT,continuity plan reviewed,llm_paraphrase,S0217,The continuity plan is reviewed and updated every year.,True,train
P01295,The continuity plan is reviewed and updated annually to ensure its ongoing effectiveness.,1,COMPLIANT,DSPT7_Continuity,DSPT,continuity plan reviewed,llm_paraphrase,S0217,The continuity plan is reviewed and updated every year.,True,train
P01296,All staff are review the continuity plan annually.,1,COMPLIANT,DSPT7_Continuity,DSPT,continuity plan reviewed,llm_paraphrase,S0217,The continuity plan is reviewed and updated every year.,True,train
P01297,"The continuity plan is reviewed and updated annually, in line with regulatory requirements.",1,COMPLIANT,DSPT7_Continuity,DSPT,continuity plan reviewed,llm_paraphrase,S0217,The continuity plan is reviewed and updated every year.,True,train
P01298,Annual review and update of the continuity plan is in place for all staff members.,1,COMPLIANT,DSPT7_Continuity,DSPT,continuity plan reviewed,llm_paraphrase,S0217,The continuity plan is reviewed and updated every year.,True,train
P01299,The continuity plan is annually reviewed and updated to meet statutory obligations and ensure ongoing compliance.,1,COMPLIANT,DSPT7_Continuity,DSPT,continuity plan reviewed,llm_paraphrase,S0217,The continuity plan is reviewed and updated every year.,True,train
P01300,No continuity plan exists for system failure,0,NON_COMPLIANT,DSPT7_Continuity,DSPT,no continuity plan,llm_paraphrase,S0218,There is no continuity plan for what happens if our systems go down.,True,train
P01301,Systems downtime has no prearranged recovery plan in place,0,NON_COMPLIANT,DSPT7_Continuity,DSPT,no continuity plan,llm_paraphrase,S0218,There is no continuity plan for what happens if our systems go down.,True,train
P01302,A continuity plan does not currently exist for system failure scenarios,0,NON_COMPLIANT,DSPT7_Continuity,DSPT,no continuity plan,llm_paraphrase,S0218,There is no continuity plan for what happens if our systems go down.,True,train
P01303,We have no formal plan for restoring services in the event of system failure,0,NON_COMPLIANT,DSPT7_Continuity,DSPT,no continuity plan,llm_paraphrase,S0218,There is no continuity plan for what happens if our systems go down.,True,train
P01304,There is no established process for dealing with system downtime,0,NON_COMPLIANT,DSPT7_Continuity,DSPT,no continuity plan,llm_paraphrase,S0218,There is no continuity plan for what happens if our systems go down.,True,train
P01305,A comprehensive continuity plan does not currently exist for managing system failure,0,NON_COMPLIANT,DSPT7_Continuity,DSPT,no continuity plan,llm_paraphrase,S0218,There is no continuity plan for what happens if our systems go down.,True,train
P01312,"Electronic care records are not backed up regularly, posing a risk to resident data integrity.",0,NON_COMPLIANT,DSPT7_Continuity,DSPT,no backups taken,llm_paraphrase,S0220,Electronic care records are not backed up at all.,True,train
P01313,Failure to back up care records is a critical non-compliance issue.,0,NON_COMPLIANT,DSPT7_Continuity,DSPT,no backups taken,llm_paraphrase,S0220,Electronic care records are not backed up at all.,True,train
P01314,Back-up of electronic care records is required by regulatory standards.,0,NON_COMPLIANT,DSPT7_Continuity,DSPT,no backups taken,llm_paraphrase,S0220,Electronic care records are not backed up at all.,True,train
P01315,Inadequate back-up of care records breaches data protection regulations.,0,NON_COMPLIANT,DSPT7_Continuity,DSPT,no backups taken,llm_paraphrase,S0220,Electronic care records are not backed up at all.,True,train
P01316,"Care records are not properly backed up, resulting in data loss and non-compliance.",0,NON_COMPLIANT,DSPT7_Continuity,DSPT,no backups taken,llm_paraphrase,S0220,Electronic care records are not backed up at all.,True,train
P01317,The absence of back-up for electronic care records constitutes a serious breach of data protection regulations.,0,NON_COMPLIANT,DSPT7_Continuity,DSPT,no backups taken,llm_paraphrase,S0220,Electronic care records are not backed up at all.,True,train
P01318,Failure to implement data backup of office computer information.,0,NON_COMPLIANT,DSPT7_Continuity,DSPT,no backups taken,llm_paraphrase,S0221,There is no backup of the information held on the office computer.,True,train
P01319,The office computer does not have a backup of its held information.,0,NON_COMPLIANT,DSPT7_Continuity,DSPT,no backups taken,llm_paraphrase,S0221,There is no backup of the information held on the office computer.,True,train
P01320,A backup of the office computer data is not in place.,0,NON_COMPLIANT,DSPT7_Continuity,DSPT,no backups taken,llm_paraphrase,S0221,There is no backup of the information held on the office computer.,True,train
P01321,No backup exists for the information on the office computer.,0,NON_COMPLIANT,DSPT7_Continuity,DSPT,no backups taken,llm_paraphrase,S0221,There is no backup of the information held on the office computer.,True,train
P01322,The office computer's held information is not backed up.,0,NON_COMPLIANT,DSPT7_Continuity,DSPT,no backups taken,llm_paraphrase,S0221,There is no backup of the information held on the office computer.,True,train
P01323,The office computer lacks a data backup.,0,NON_COMPLIANT,DSPT7_Continuity,DSPT,no backups taken,llm_paraphrase,S0221,There is no backup of the information held on the office computer.,True,train
P01324,"Backups have not been validated against restoration, resulting in a potential data loss risk.",0,NON_COMPLIANT,DSPT7_Continuity,DSPT,backups never tested,llm_paraphrase,S0222,The backups have never been tested to see if they would restore.,True,train
P01325,Testing of backups has never been conducted to confirm they can restore data in the event of a failure.,0,NON_COMPLIANT,DSPT7_Continuity,DSPT,backups never tested,llm_paraphrase,S0222,The backups have never been tested to see if they would restore.,True,train
P01326,We have not completed a test to verify that our backups can restore data in the event of a system failure.,0,NON_COMPLIANT,DSPT7_Continuity,DSPT,backups never tested,llm_paraphrase,S0222,The backups have never been tested to see if they would restore.,True,train
P01327,"The policy requires testing of backups to ensure restoration, but this has not been done.",0,NON_COMPLIANT,DSPT7_Continuity,DSPT,backups never tested,llm_paraphrase,S0222,The backups have never been tested to see if they would restore.,True,train
P01328,"A test to verify backup restoration has not been carried out, leaving the data at risk.",0,NON_COMPLIANT,DSPT7_Continuity,DSPT,backups never tested,llm_paraphrase,S0222,The backups have never been tested to see if they would restore.,True,train
P01329,"Backup restoration has not been validated, presenting a potential risk to data integrity.",0,NON_COMPLIANT,DSPT7_Continuity,DSPT,backups never tested,llm_paraphrase,S0222,The backups have never been tested to see if they would restore.,True,train
P01330,We assume the backup is in place but have not verified its functionality.,0,NON_COMPLIANT,DSPT7_Continuity,DSPT,backups never tested,llm_paraphrase,S0223,We assume the backup works but have never checked.,True,train
P01331,"It is assumed that the backup is operational, yet its efficacy has not been confirmed.",0,NON_COMPLIANT,DSPT7_Continuity,DSPT,backups never tested,llm_paraphrase,S0223,We assume the backup works but have never checked.,True,train
P01332,"We operate under the assumption that the backup is in use, but have not conducted a validation test.",0,NON_COMPLIANT,DSPT7_Continuity,DSPT,backups never tested,llm_paraphrase,S0223,We assume the backup works but have never checked.,True,train
P01333,"The backup system is assumed to be operational, although we have not checked its effectiveness.",0,NON_COMPLIANT,DSPT7_Continuity,DSPT,backups never tested,llm_paraphrase,S0223,We assume the backup works but have never checked.,True,train
P01334,"In our current system, we assume the backup is functional, but its actual performance has not been confirmed.",0,NON_COMPLIANT,DSPT7_Continuity,DSPT,backups never tested,llm_paraphrase,S0223,We assume the backup works but have never checked.,True,train
P01335,"We maintain that the backup is operational, but have not confirmed its success through a formal review.",0,NON_COMPLIANT,DSPT7_Continuity,DSPT,backups never tested,llm_paraphrase,S0223,We assume the backup works but have never checked.,True,train
P01348,"The continuity plan, established years ago, remains unreviewed.",0,NON_COMPLIANT,DSPT7_Continuity,DSPT,continuity plan outdated or absent,llm_paraphrase,S0226,The continuity plan was written years ago and has not been looked at since.,True,train
P01349,"Compliance records show the continuity plan, created years ago, has not been scrutinised.",0,NON_COMPLIANT,DSPT7_Continuity,DSPT,continuity plan outdated or absent,llm_paraphrase,S0226,The continuity plan was written years ago and has not been looked at since.,True,train
P01350,Review of the continuity plan has not taken place since its creation.,0,NON_COMPLIANT,DSPT7_Continuity,DSPT,continuity plan outdated or absent,llm_paraphrase,S0226,The continuity plan was written years ago and has not been looked at since.,True,train
P01351,"The continuity plan, set out years ago, has not undergone any subsequent review.",0,NON_COMPLIANT,DSPT7_Continuity,DSPT,continuity plan outdated or absent,llm_paraphrase,S0226,The continuity plan was written years ago and has not been looked at since.,True,train
P01352,No formal review has been conducted on the continuity plan since its initial development.,0,NON_COMPLIANT,DSPT7_Continuity,DSPT,continuity plan outdated or absent,llm_paraphrase,S0226,The continuity plan was written years ago and has not been looked at since.,True,train
P01353,"The continuity plan, first implemented years ago, has not been formally assessed since its creation.",0,NON_COMPLIANT,DSPT7_Continuity,DSPT,continuity plan outdated or absent,llm_paraphrase,S0226,The continuity plan was written years ago and has not been looked at since.,True,train
P01365,Our applications and browsers are always supported by the vendor to ensure we can access the latest security patches.,1,COMPLIANT,DSPT8_UnsupportedSystems,DSPT,only supported systems in use,llm_paraphrase,S0229,Our browsers and applications all remain within vendor support.,True,train
P01366,All applications and browsers are under the vendor's support lifecycle to prevent obsolescence.,1,COMPLIANT,DSPT8_UnsupportedSystems,DSPT,only supported systems in use,llm_paraphrase,S0229,Our browsers and applications all remain within vendor support.,True,train
P01367,Our browser and application support remains within the vendor's current support cycle to stay secure.,1,COMPLIANT,DSPT8_UnsupportedSystems,DSPT,only supported systems in use,llm_paraphrase,S0229,Our browsers and applications all remain within vendor support.,True,train
P01368,Vendor support for our applications and browsers is paramount to ensure timely access to security patches.,1,COMPLIANT,DSPT8_UnsupportedSystems,DSPT,only supported systems in use,llm_paraphrase,S0229,Our browsers and applications all remain within vendor support.,True,train
P01369,Our applications and browsers are within the vendor's official support period.,1,COMPLIANT,DSPT8_UnsupportedSystems,DSPT,only supported systems in use,llm_paraphrase,S0229,Our browsers and applications all remain within vendor support.,True,train
P01370,Our applications and browsers are under the vendor's official support for all security updates and patches.,1,COMPLIANT,DSPT8_UnsupportedSystems,DSPT,only supported systems in use,llm_paraphrase,S0229,Our browsers and applications all remain within vendor support.,True,train
P01371,The older system is identified and its risk documented and managed.,1,COMPLIANT,DSPT8_UnsupportedSystems,DSPT,legacy systems identified and mitigated,llm_paraphrase,S0230,"Where an older system is still required, the risk is documented and managed.",True,train
P01372,"Where an older system is still required, its associated risk is recorded and controlled.",1,COMPLIANT,DSPT8_UnsupportedSystems,DSPT,legacy systems identified and mitigated,llm_paraphrase,S0230,"Where an older system is still required, the risk is documented and managed.",True,train
P01373,Older systems are assessed for risk and documented to be managed.,1,COMPLIANT,DSPT8_UnsupportedSystems,DSPT,legacy systems identified and mitigated,llm_paraphrase,S0230,"Where an older system is still required, the risk is documented and managed.",True,train
P01374,"The older system's risk is assessed, documented, and then managed.",1,COMPLIANT,DSPT8_UnsupportedSystems,DSPT,legacy systems identified and mitigated,llm_paraphrase,S0230,"Where an older system is still required, the risk is documented and managed.",True,train
P01375,"If an older system is still needed, its associated risk is documented and controlled.",1,COMPLIANT,DSPT8_UnsupportedSystems,DSPT,legacy systems identified and mitigated,llm_paraphrase,S0230,"Where an older system is still required, the risk is documented and managed.",True,train
P01376,"Where an older system is still required, its risk is identified, documented, and managed.",1,COMPLIANT,DSPT8_UnsupportedSystems,DSPT,legacy systems identified and mitigated,llm_paraphrase,S0230,"Where an older system is still required, the risk is documented and managed.",True,train
P01383,All software reaching its end-of-life has been systematically removed from our devices to ensure compliance with our information governance policy.,1,COMPLIANT,DSPT8_UnsupportedSystems,DSPT,unsupported software removed,llm_paraphrase,S0232,Software that reached end-of-life has been removed from our devices.,True,train
P01384,It is in place to remove software reaching its end-of-life from all devices immediately.,1,COMPLIANT,DSPT8_UnsupportedSystems,DSPT,unsupported software removed,llm_paraphrase,S0232,Software that reached end-of-life has been removed from our devices.,True,train
P01385,All IT staff are remove outdated software from our devices.,1,COMPLIANT,DSPT8_UnsupportedSystems,DSPT,unsupported software removed,llm_paraphrase,S0232,Software that reached end-of-life has been removed from our devices.,True,train
P01386,Any software no longer receiving updates is promptly removed from our devices to maintain data integrity.,1,COMPLIANT,DSPT8_UnsupportedSystems,DSPT,unsupported software removed,llm_paraphrase,S0232,Software that reached end-of-life has been removed from our devices.,True,train
P01387,Our IT policy stipulates that all software reaching its end-of-life are swiftly removed from our devices.,1,COMPLIANT,DSPT8_UnsupportedSystems,DSPT,unsupported software removed,llm_paraphrase,S0232,Software that reached end-of-life has been removed from our devices.,True,train
P01388,All IT staff adhere to our policy of removing software reaching its end-of-life from our devices to safeguard our data.,1,COMPLIANT,DSPT8_UnsupportedSystems,DSPT,unsupported software removed,llm_paraphrase,S0232,Software that reached end-of-life has been removed from our devices.,True,train
P01389,"The care home's operating system is no longer supported by its supplier, leaving it vulnerable to security threats.",0,NON_COMPLIANT,DSPT8_UnsupportedSystems,DSPT,unsupported OS/software/browsers in use,llm_paraphrase,S0233,The home uses an operating system that no longer receives security updates.,True,train
P01390,"Operating system updates are no longer being received by our system, compromising its security.",0,NON_COMPLIANT,DSPT8_UnsupportedSystems,DSPT,unsupported OS/software/browsers in use,llm_paraphrase,S0233,The home uses an operating system that no longer receives security updates.,True,train
P01391,"As our operating system is no longer receiving updates, it presents a significant security risk.",0,NON_COMPLIANT,DSPT8_UnsupportedSystems,DSPT,unsupported OS/software/browsers in use,llm_paraphrase,S0233,The home uses an operating system that no longer receives security updates.,True,train
P01392,"We are no longer receiving security updates for our operating system, putting it at risk of being compromised.",0,NON_COMPLIANT,DSPT8_UnsupportedSystems,DSPT,unsupported OS/software/browsers in use,llm_paraphrase,S0233,The home uses an operating system that no longer receives security updates.,True,train
P01393,"The home's operating system is no longer receiving security patches, making it susceptible to vulnerabilities.",0,NON_COMPLIANT,DSPT8_UnsupportedSystems,DSPT,unsupported OS/software/browsers in use,llm_paraphrase,S0233,The home uses an operating system that no longer receives security updates.,True,train
P01394,"Due to the end of support for our operating system, we are no longer receiving security updates, which puts our data at risk.",0,NON_COMPLIANT,DSPT8_UnsupportedSystems,DSPT,unsupported OS/software/browsers in use,llm_paraphrase,S0233,The home uses an operating system that no longer receives security updates.,True,train
P01401,Old software continues to be used daily without risk assessment being undertaken.,0,NON_COMPLIANT,DSPT8_UnsupportedSystems,DSPT,legacy systems used with no mitigation,llm_paraphrase,S0235,Old software remains in daily use with no assessment of the risk.,True,train
P01402,Compliance with software update procedures is currently not being met.,0,NON_COMPLIANT,DSPT8_UnsupportedSystems,DSPT,legacy systems used with no mitigation,llm_paraphrase,S0235,Old software remains in daily use with no assessment of the risk.,True,train
P01403,Daily software usage occurs without risk assessment being conducted on the current system.,0,NON_COMPLIANT,DSPT8_UnsupportedSystems,DSPT,legacy systems used with no mitigation,llm_paraphrase,S0235,Old software remains in daily use with no assessment of the risk.,True,train
P01404,No risk assessment is being performed on the outdated software in daily use.,0,NON_COMPLIANT,DSPT8_UnsupportedSystems,DSPT,legacy systems used with no mitigation,llm_paraphrase,S0235,Old software remains in daily use with no assessment of the risk.,True,train
P01405,Failure to assess risk exists in the continued use of old software on a daily basis.,0,NON_COMPLIANT,DSPT8_UnsupportedSystems,DSPT,legacy systems used with no mitigation,llm_paraphrase,S0235,Old software remains in daily use with no assessment of the risk.,True,train
P01406,Outdated software is being used daily without the required risk assessment having been undertaken.,0,NON_COMPLIANT,DSPT8_UnsupportedSystems,DSPT,legacy systems used with no mitigation,llm_paraphrase,S0235,Old software remains in daily use with no assessment of the risk.,True,train
P01407,"The legacy rota system is no longer supported, and it remains connected to the main network.",0,NON_COMPLIANT,DSPT8_UnsupportedSystems,DSPT,legacy systems used with no mitigation,llm_paraphrase,S0236,The legacy rota system is out of support and connected to the main network.,True,train
P01408,"The rota system, inherited from legacy systems, is currently unsupported and still connected to the main network.",0,NON_COMPLIANT,DSPT8_UnsupportedSystems,DSPT,legacy systems used with no mitigation,llm_paraphrase,S0236,The legacy rota system is out of support and connected to the main network.,True,train
P01409,All care homes must ensure the rota system is no longer connected to the main network.,0,NON_COMPLIANT,DSPT8_UnsupportedSystems,DSPT,legacy systems used with no mitigation,llm_paraphrase,S0236,The legacy rota system is out of support and connected to the main network.,True,train
P01410,"The rota system, as part of our legacy system, is no longer supported and connected to the main network.",0,NON_COMPLIANT,DSPT8_UnsupportedSystems,DSPT,legacy systems used with no mitigation,llm_paraphrase,S0236,The legacy rota system is out of support and connected to the main network.,True,train
P01411,"Connecting the legacy rota system to the main network is not permitted, as it is no longer supported.",0,NON_COMPLIANT,DSPT8_UnsupportedSystems,DSPT,legacy systems used with no mitigation,llm_paraphrase,S0236,The legacy rota system is out of support and connected to the main network.,True,train
P01412,It is mandatory that the rota system is not connected to the main network as it is no longer supported.,0,NON_COMPLIANT,DSPT8_UnsupportedSystems,DSPT,legacy systems used with no mitigation,llm_paraphrase,S0236,The legacy rota system is out of support and connected to the main network.,True,train
P01419,Personal data is encrypted both when stored and when sent externally as a mandatory security measure.,1,COMPLIANT,DSPT9_ITProtection,DSPT,data encrypted at rest and/or in transit,llm_paraphrase,S0238,Personal data is encrypted both when stored and when sent externally.,True,train
P01420,The encryption of personal data is obligatory both during storage and during external transmission.,1,COMPLIANT,DSPT9_ITProtection,DSPT,data encrypted at rest and/or in transit,llm_paraphrase,S0238,Personal data is encrypted both when stored and when sent externally.,True,train
P01421,It is in place to encrypt personal data both during storage and when sent externally.,1,COMPLIANT,DSPT9_ITProtection,DSPT,data encrypted at rest and/or in transit,llm_paraphrase,S0238,Personal data is encrypted both when stored and when sent externally.,True,train
P01422,Encryption of personal data is compulsory when stored and during external transmissions to prevent unauthorised access.,1,COMPLIANT,DSPT9_ITProtection,DSPT,data encrypted at rest and/or in transit,llm_paraphrase,S0238,Personal data is encrypted both when stored and when sent externally.,True,train
P01423,Personal data is encrypted both in storage and when transmitted externally to adhere to data protection regulations.,1,COMPLIANT,DSPT9_ITProtection,DSPT,data encrypted at rest and/or in transit,llm_paraphrase,S0238,Personal data is encrypted both when stored and when sent externally.,True,train
P01424,Encryption of personal data is a mandatory requirement both during storage and when data is sent externally for security reasons.,1,COMPLIANT,DSPT9_ITProtection,DSPT,data encrypted at rest and/or in transit,llm_paraphrase,S0238,Personal data is encrypted both when stored and when sent externally.,True,train
P01431,All care information transmitted to the GP is encrypted during transmission.,1,COMPLIANT,DSPT9_ITProtection,DSPT,data encrypted at rest and/or in transit,llm_paraphrase,S0240,Care information sent to the GP is encrypted in transit.,True,train
P01432,Data transmitted to the GP is encrypted in transit.,1,COMPLIANT,DSPT9_ITProtection,DSPT,data encrypted at rest and/or in transit,llm_paraphrase,S0240,Care information sent to the GP is encrypted in transit.,True,train
P01433,The care information sent to the GP is encrypted.,1,COMPLIANT,DSPT9_ITProtection,DSPT,data encrypted at rest and/or in transit,llm_paraphrase,S0240,Care information sent to the GP is encrypted in transit.,True,train
P01434,It is in place to encrypt care information sent to the GP in transit.,1,COMPLIANT,DSPT9_ITProtection,DSPT,data encrypted at rest and/or in transit,llm_paraphrase,S0240,Care information sent to the GP is encrypted in transit.,True,train
P01435,Properly encrypted care information is sent to the GP.,1,COMPLIANT,DSPT9_ITProtection,DSPT,data encrypted at rest and/or in transit,llm_paraphrase,S0240,Care information sent to the GP is encrypted in transit.,True,train
P01436,All care information sent to the GP are encrypted when transmitted.,1,COMPLIANT,DSPT9_ITProtection,DSPT,data encrypted at rest and/or in transit,llm_paraphrase,S0240,Care information sent to the GP is encrypted in transit.,True,train
P01437,Our cyber security strategy adheres to a validated framework.,1,COMPLIANT,DSPT9_ITProtection,DSPT,a cyber security strategy based on a proven framework,llm_paraphrase,S0241,We have a cyber security strategy based on a recognised framework.,True,train
P01438,The framework underpins our cyber security strategy.,1,COMPLIANT,DSPT9_ITProtection,DSPT,a cyber security strategy based on a proven framework,llm_paraphrase,S0241,We have a cyber security strategy based on a recognised framework.,True,train
P01439,Our cyber security strategy is informed by a recognised framework.,1,COMPLIANT,DSPT9_ITProtection,DSPT,a cyber security strategy based on a proven framework,llm_paraphrase,S0241,We have a cyber security strategy based on a recognised framework.,True,train
P01440,The recognised framework sets the basis for our cyber security strategy.,1,COMPLIANT,DSPT9_ITProtection,DSPT,a cyber security strategy based on a proven framework,llm_paraphrase,S0241,We have a cyber security strategy based on a recognised framework.,True,train
P01441,Our cyber security strategy is based on a validated framework.,1,COMPLIANT,DSPT9_ITProtection,DSPT,a cyber security strategy based on a proven framework,llm_paraphrase,S0241,We have a cyber security strategy based on a recognised framework.,True,train
P01442,The framework provides the foundation for our cyber security strategy.,1,COMPLIANT,DSPT9_ITProtection,DSPT,a cyber security strategy based on a proven framework,llm_paraphrase,S0241,We have a cyber security strategy based on a recognised framework.,True,train
P01449,The home hold current Cyber Essentials certification at all times.,1,COMPLIANT,DSPT9_ITProtection,DSPT,Cyber Essentials (or equivalent) in place,llm_paraphrase,S0243,The home holds current Cyber Essentials certification.,True,train
P01450,All staff ensure current Cyber Essentials certification is in place.,1,COMPLIANT,DSPT9_ITProtection,DSPT,Cyber Essentials (or equivalent) in place,llm_paraphrase,S0243,The home holds current Cyber Essentials certification.,True,train
P01451,Cyber Essentials certification is a mandatory requirement for the home.,1,COMPLIANT,DSPT9_ITProtection,DSPT,Cyber Essentials (or equivalent) in place,llm_paraphrase,S0243,The home holds current Cyber Essentials certification.,True,train
P01452,Staff are responsible for maintaining current Cyber Essentials certification.,1,COMPLIANT,DSPT9_ITProtection,DSPT,Cyber Essentials (or equivalent) in place,llm_paraphrase,S0243,The home holds current Cyber Essentials certification.,True,train
P01453,The home's IT system meet current Cyber Essentials standards.,1,COMPLIANT,DSPT9_ITProtection,DSPT,Cyber Essentials (or equivalent) in place,llm_paraphrase,S0243,The home holds current Cyber Essentials certification.,True,train
P01454,Current Cyber Essentials certification is a regulatory necessity for the care home.,1,COMPLIANT,DSPT9_ITProtection,DSPT,Cyber Essentials (or equivalent) in place,llm_paraphrase,S0243,The home holds current Cyber Essentials certification.,True,train
P01455,"We successfully submitted our Data Security and Protection Toolkit, meeting the required standards.",1,COMPLIANT,DSPT9_ITProtection,DSPT,DSPT submitted / standards met,llm_paraphrase,S0244,We submitted our Data Security and Protection Toolkit and met the standards.,True,train
P01456,The submission of our Data Security and Protection Toolkit was deemed compliant with the necessary standards.,1,COMPLIANT,DSPT9_ITProtection,DSPT,DSPT submitted / standards met,llm_paraphrase,S0244,We submitted our Data Security and Protection Toolkit and met the standards.,True,train
P01457,Our Data Security and Protection Toolkit was submitted and found to meet the required standards.,1,COMPLIANT,DSPT9_ITProtection,DSPT,DSPT submitted / standards met,llm_paraphrase,S0244,We submitted our Data Security and Protection Toolkit and met the standards.,True,train
P01458,We have submitted our Data Security and Protection Toolkit and it has been confirmed as meeting the specified standards.,1,COMPLIANT,DSPT9_ITProtection,DSPT,DSPT submitted / standards met,llm_paraphrase,S0244,We submitted our Data Security and Protection Toolkit and met the standards.,True,train
P01459,"Our Data Security and Protection Toolkit was submitted and validated against the required standards, resulting in a compliant outcome.",1,COMPLIANT,DSPT9_ITProtection,DSPT,DSPT submitted / standards met,llm_paraphrase,S0244,We submitted our Data Security and Protection Toolkit and met the standards.,True,train
P01460,Our submission of the Data Security and Protection Toolkit was confirmed as compliant with the specified standards.,1,COMPLIANT,DSPT9_ITProtection,DSPT,DSPT submitted / standards met,llm_paraphrase,S0244,We submitted our Data Security and Protection Toolkit and met the standards.,True,train
P01467,Our IT security measures are regularly assessed annually,1,COMPLIANT,DSPT9_ITProtection,DSPT,IT protections reviewed annually,llm_paraphrase,S0246,Our IT protections are reviewed at least once a year.,True,train
P01468,The review of our IT controls is a mandatory biennial process,1,COMPLIANT,DSPT9_ITProtection,DSPT,IT protections reviewed annually,llm_paraphrase,S0246,Our IT protections are reviewed at least once a year.,True,train
P01469,"As part of our compliance cycle, we conduct a yearly review of our IT protections",1,COMPLIANT,DSPT9_ITProtection,DSPT,IT protections reviewed annually,llm_paraphrase,S0246,Our IT protections are reviewed at least once a year.,True,train
P01470,"Our IT security protocols are reviewed at least once a year, in accordance with regulatory requirements",1,COMPLIANT,DSPT9_ITProtection,DSPT,IT protections reviewed annually,llm_paraphrase,S0246,Our IT protections are reviewed at least once a year.,True,train
P01471,"In line with industry best practice, we review our IT systems annually to ensure ongoing compliance",1,COMPLIANT,DSPT9_ITProtection,DSPT,IT protections reviewed annually,llm_paraphrase,S0246,Our IT protections are reviewed at least once a year.,True,train
P01472,"Our IT protection policies are subject to a minimum annual review and assessment, to ensure ongoing security",1,COMPLIANT,DSPT9_ITProtection,DSPT,IT protections reviewed annually,llm_paraphrase,S0246,Our IT protections are reviewed at least once a year.,True,train
P01473,Resident data is stored on USB sticks that are not encrypted in accordance with organisational policy.,0,NON_COMPLIANT,DSPT9_ITProtection,DSPT,sensitive data unencrypted,llm_paraphrase,S0247,Resident data is stored on USB sticks that are not encrypted.,True,train
P01474,The storage of resident data on USB sticks without adequate encryption is a critical control failure.,0,NON_COMPLIANT,DSPT9_ITProtection,DSPT,sensitive data unencrypted,llm_paraphrase,S0247,Resident data is stored on USB sticks that are not encrypted.,True,train
P01475,Resident data on USB sticks is not encrypted as required by policy and regulatory guidelines.,0,NON_COMPLIANT,DSPT9_ITProtection,DSPT,sensitive data unencrypted,llm_paraphrase,S0247,Resident data is stored on USB sticks that are not encrypted.,True,train
P01476,The storage of resident data on USB sticks without encryption falls short of the required standards.,0,NON_COMPLIANT,DSPT9_ITProtection,DSPT,sensitive data unencrypted,llm_paraphrase,S0247,Resident data is stored on USB sticks that are not encrypted.,True,train
P01477,"Resident data on USB sticks is not encrypted, contravening our policy and statutory obligations.",0,NON_COMPLIANT,DSPT9_ITProtection,DSPT,sensitive data unencrypted,llm_paraphrase,S0247,Resident data is stored on USB sticks that are not encrypted.,True,train
P01478,The failure to encrypt resident data on USB sticks constitutes a material compliance breach of our organisational policy.,0,NON_COMPLIANT,DSPT9_ITProtection,DSPT,sensitive data unencrypted,llm_paraphrase,S0247,Resident data is stored on USB sticks that are not encrypted.,True,train
P01485,Personal devices containing sensitive information are not protected by encryption.,0,NON_COMPLIANT,DSPT9_ITProtection,DSPT,sensitive data unencrypted,llm_paraphrase,S0249,Laptops holding personal data are not encrypted.,True,train
P01486,Encryption is not applied to laptops holding personal data.,0,NON_COMPLIANT,DSPT9_ITProtection,DSPT,sensitive data unencrypted,llm_paraphrase,S0249,Laptops holding personal data are not encrypted.,True,train
P01487,Laptops storing personal data are not compliant with encryption requirements.,0,NON_COMPLIANT,DSPT9_ITProtection,DSPT,sensitive data unencrypted,llm_paraphrase,S0249,Laptops holding personal data are not encrypted.,True,train
P01488,Personal data stored on laptops is not encrypted as per policy.,0,NON_COMPLIANT,DSPT9_ITProtection,DSPT,sensitive data unencrypted,llm_paraphrase,S0249,Laptops holding personal data are not encrypted.,True,train
P01489,Laptops used to handle personal data are not configured to encrypt data.,0,NON_COMPLIANT,DSPT9_ITProtection,DSPT,sensitive data unencrypted,llm_paraphrase,S0249,Laptops holding personal data are not encrypted.,True,train
P01490,Personal data on laptops is not encrypted as mandated by data protection regulations.,0,NON_COMPLIANT,DSPT9_ITProtection,DSPT,sensitive data unencrypted,llm_paraphrase,S0249,Laptops holding personal data are not encrypted.,True,train
P01491,Our IT systems are not equipped with a comprehensive cybersecurity strategy to prevent cyber threats.,0,NON_COMPLIANT,DSPT9_ITProtection,DSPT,no cyber security strategy,llm_paraphrase,S0250,There is no strategy for protecting our IT systems from cyber threats.,True,train
P01492,We do not have a formal plan in place to safeguard our IT systems from cyber-attacks.,0,NON_COMPLIANT,DSPT9_ITProtection,DSPT,no cyber security strategy,llm_paraphrase,S0250,There is no strategy for protecting our IT systems from cyber threats.,True,train
P01493,"Cyber threat protection is not a priority for our IT systems, with no formal strategy in place.",0,NON_COMPLIANT,DSPT9_ITProtection,DSPT,no cyber security strategy,llm_paraphrase,S0250,There is no strategy for protecting our IT systems from cyber threats.,True,train
P01494,"Our IT systems are not currently protected by a robust cybersecurity strategy, leaving them vulnerable to cyber threats.",0,NON_COMPLIANT,DSPT9_ITProtection,DSPT,no cyber security strategy,llm_paraphrase,S0250,There is no strategy for protecting our IT systems from cyber threats.,True,train
P01495,"We have failed to establish a suitable cybersecurity framework for our IT systems, exposing them to cyber threats.",0,NON_COMPLIANT,DSPT9_ITProtection,DSPT,no cyber security strategy,llm_paraphrase,S0250,There is no strategy for protecting our IT systems from cyber threats.,True,train
P01496,"There is no formal strategy in place to protect our IT systems from cyber-attacks, compromising our security posture.",0,NON_COMPLIANT,DSPT9_ITProtection,DSPT,no cyber security strategy,llm_paraphrase,S0250,There is no strategy for protecting our IT systems from cyber threats.,True,train
P01497,We are not compliant with any internationally recognised cyber security framework.,0,NON_COMPLIANT,DSPT9_ITProtection,DSPT,no recognised framework followed,llm_paraphrase,S0251,We do not follow any recognised cyber security framework.,True,train
P01498,Non-compliance with a standard framework exists.,0,NON_COMPLIANT,DSPT9_ITProtection,DSPT,no recognised framework followed,llm_paraphrase,S0251,We do not follow any recognised cyber security framework.,True,train
P01499,A widely adopted cyber security framework is not used.,0,NON_COMPLIANT,DSPT9_ITProtection,DSPT,no recognised framework followed,llm_paraphrase,S0251,We do not follow any recognised cyber security framework.,True,train
P01500,The organisation does not adhere to a widely accepted security standard.,0,NON_COMPLIANT,DSPT9_ITProtection,DSPT,no recognised framework followed,llm_paraphrase,S0251,We do not follow any recognised cyber security framework.,True,train
P01501,No recognised cyber security framework is followed.,0,NON_COMPLIANT,DSPT9_ITProtection,DSPT,no recognised framework followed,llm_paraphrase,S0251,We do not follow any recognised cyber security framework.,True,train
P01502,A major cyber security framework is not employed.,0,NON_COMPLIANT,DSPT9_ITProtection,DSPT,no recognised framework followed,llm_paraphrase,S0251,We do not follow any recognised cyber security framework.,True,train
P01509,Our last DSPT submission fell short of the required standards.,0,NON_COMPLIANT,DSPT9_ITProtection,DSPT,DSPT not submitted / standards not met,llm_paraphrase,S0253,Our last DSPT submission did not meet the required standards.,True,train
P01510,The latest DSPT submission did not meet the expected requirements.,0,NON_COMPLIANT,DSPT9_ITProtection,DSPT,DSPT not submitted / standards not met,llm_paraphrase,S0253,Our last DSPT submission did not meet the required standards.,True,train
P01511,The DSPT submission we submitted recently did not meet the required standards.,0,NON_COMPLIANT,DSPT9_ITProtection,DSPT,DSPT not submitted / standards not met,llm_paraphrase,S0253,Our last DSPT submission did not meet the required standards.,True,train
P01512,We failed to meet the standards in our last DSPT submission.,0,NON_COMPLIANT,DSPT9_ITProtection,DSPT,DSPT not submitted / standards not met,llm_paraphrase,S0253,Our last DSPT submission did not meet the required standards.,True,train
P01513,Our DSPT submission for the latest reporting period did not meet the expected standards.,0,NON_COMPLIANT,DSPT9_ITProtection,DSPT,DSPT not submitted / standards not met,llm_paraphrase,S0253,Our last DSPT submission did not meet the required standards.,True,train
P01514,The submitted DSPT report did not meet the required standards for compliance.,0,NON_COMPLIANT,DSPT9_ITProtection,DSPT,DSPT not submitted / standards not met,llm_paraphrase,S0253,Our last DSPT submission did not meet the required standards.,True,train
P01533,Our contracts stipulate that suppliers protect personal data during processing.,1,COMPLIANT,DSPT10_Suppliers,DSPT,supplier contracts include data security requirements,llm_paraphrase,S0257,Our contracts require suppliers to protect the personal data they process.,True,train
P01534,Suppliers are safeguard personal data under our contracts.,1,COMPLIANT,DSPT10_Suppliers,DSPT,supplier contracts include data security requirements,llm_paraphrase,S0257,Our contracts require suppliers to protect the personal data they process.,True,train
P01535,The contracts specify that suppliers protect personal data they process.,1,COMPLIANT,DSPT10_Suppliers,DSPT,supplier contracts include data security requirements,llm_paraphrase,S0257,Our contracts require suppliers to protect the personal data they process.,True,train
P01536,Our agreements demand that suppliers ensure the secure processing of personal data.,1,COMPLIANT,DSPT10_Suppliers,DSPT,supplier contracts include data security requirements,llm_paraphrase,S0257,Our contracts require suppliers to protect the personal data they process.,True,train
P01537,The contracts outline that suppliers are responsible for safeguarding personal data.,1,COMPLIANT,DSPT10_Suppliers,DSPT,supplier contracts include data security requirements,llm_paraphrase,S0257,Our contracts require suppliers to protect the personal data they process.,True,train
P01538,Suppliers comply with our contracts to protect personal data during processing.,1,COMPLIANT,DSPT10_Suppliers,DSPT,supplier contracts include data security requirements,llm_paraphrase,S0257,Our contracts require suppliers to protect the personal data they process.,True,train
P01545,Suppliers comply with the national data security standards as stipulated in their contract,1,COMPLIANT,DSPT10_Suppliers,DSPT,suppliers held accountable for NDG standards,llm_paraphrase,S0259,Suppliers are contractually required to meet the national data security standards.,True,train
P01546,The data security standards specified in the contract is met,1,COMPLIANT,DSPT10_Suppliers,DSPT,suppliers held accountable for NDG standards,llm_paraphrase,S0259,Suppliers are contractually required to meet the national data security standards.,True,train
P01547,Contractual obligations require suppliers to meet national data security standards,1,COMPLIANT,DSPT10_Suppliers,DSPT,suppliers held accountable for NDG standards,llm_paraphrase,S0259,Suppliers are contractually required to meet the national data security standards.,True,train
P01548,National data security standards is met as stipulated in the contract,1,COMPLIANT,DSPT10_Suppliers,DSPT,suppliers held accountable for NDG standards,llm_paraphrase,S0259,Suppliers are contractually required to meet the national data security standards.,True,train
P01549,Suppliers are bound by the national data security standards as outlined in their agreement,1,COMPLIANT,DSPT10_Suppliers,DSPT,suppliers held accountable for NDG standards,llm_paraphrase,S0259,Suppliers are contractually required to meet the national data security standards.,True,train
P01550,The contract requires suppliers to adhere to the national data security standards,1,COMPLIANT,DSPT10_Suppliers,DSPT,suppliers held accountable for NDG standards,llm_paraphrase,S0259,Suppliers are contractually required to meet the national data security standards.,True,train
P01551,We verify our care system provider's ongoing DSPT compliance,1,COMPLIANT,DSPT10_Suppliers,DSPT,supplier compliance monitored,llm_paraphrase,S0260,We check that our care system provider maintains its own DSPT compliance.,True,train
P01552,The provider maintain DSPT compliance,1,COMPLIANT,DSPT10_Suppliers,DSPT,supplier compliance monitored,llm_paraphrase,S0260,We check that our care system provider maintains its own DSPT compliance.,True,train
P01553,DSPT compliance is a contractual requirement,1,COMPLIANT,DSPT10_Suppliers,DSPT,supplier compliance monitored,llm_paraphrase,S0260,We check that our care system provider maintains its own DSPT compliance.,True,train
P01554,Our system provider is responsible for its DSPT compliance,1,COMPLIANT,DSPT10_Suppliers,DSPT,supplier compliance monitored,llm_paraphrase,S0260,We check that our care system provider maintains its own DSPT compliance.,True,train
P01555,DSPT compliance is a critical provider obligation,1,COMPLIANT,DSPT10_Suppliers,DSPT,supplier compliance monitored,llm_paraphrase,S0260,We check that our care system provider maintains its own DSPT compliance.,True,train
P01556,The provider maintains DSPT compliance.,1,COMPLIANT,DSPT10_Suppliers,DSPT,supplier compliance monitored,llm_paraphrase,S0260,We check that our care system provider maintains its own DSPT compliance.,True,train
P01569,Supplier contracts do not include a data security clause.,0,NON_COMPLIANT,DSPT10_Suppliers,DSPT,supplier contracts silent on data security,llm_paraphrase,S0263,Supplier contracts do not mention data security at all.,True,train
P01570,No data security measures are specified in supplier contracts.,0,NON_COMPLIANT,DSPT10_Suppliers,DSPT,supplier contracts silent on data security,llm_paraphrase,S0263,Supplier contracts do not mention data security at all.,True,train
P01571,Data security provisions are absent from supplier contracts.,0,NON_COMPLIANT,DSPT10_Suppliers,DSPT,supplier contracts silent on data security,llm_paraphrase,S0263,Supplier contracts do not mention data security at all.,True,train
P01572,Supplier contracts fail to mention data security requirements.,0,NON_COMPLIANT,DSPT10_Suppliers,DSPT,supplier contracts silent on data security,llm_paraphrase,S0263,Supplier contracts do not mention data security at all.,True,train
P01573,Supplier contracts neglect to include data security protocols.,0,NON_COMPLIANT,DSPT10_Suppliers,DSPT,supplier contracts silent on data security,llm_paraphrase,S0263,Supplier contracts do not mention data security at all.,True,train
P01574,Data security is not a required element in supplier contracts.,0,NON_COMPLIANT,DSPT10_Suppliers,DSPT,supplier contracts silent on data security,llm_paraphrase,S0263,Supplier contracts do not mention data security at all.,True,train
P01581,Third-party access to resident records should be subject to a written agreement in place.,0,NON_COMPLIANT,DSPT10_Suppliers,DSPT,suppliers given access with no accountability,llm_paraphrase,S0265,Third parties were given access to resident records without any contract.,True,train
P01582,Resident records are not shared with third parties without a formal contract.,0,NON_COMPLIANT,DSPT10_Suppliers,DSPT,suppliers given access with no accountability,llm_paraphrase,S0265,Third parties were given access to resident records without any contract.,True,train
P01583,The sharing of resident records with third parties is contingent on a contract being in place.,0,NON_COMPLIANT,DSPT10_Suppliers,DSPT,suppliers given access with no accountability,llm_paraphrase,S0265,Third parties were given access to resident records without any contract.,True,train
P01584,Resident records are not disclosed to third parties unless a contract exists.,0,NON_COMPLIANT,DSPT10_Suppliers,DSPT,suppliers given access with no accountability,llm_paraphrase,S0265,Third parties were given access to resident records without any contract.,True,train
P01585,Access to resident records by third parties requires a signed contract.,0,NON_COMPLIANT,DSPT10_Suppliers,DSPT,suppliers given access with no accountability,llm_paraphrase,S0265,Third parties were given access to resident records without any contract.,True,train
P01586,Any sharing of resident records with third parties must be in accordance with a valid contract.,0,NON_COMPLIANT,DSPT10_Suppliers,DSPT,suppliers given access with no accountability,llm_paraphrase,S0265,Third parties were given access to resident records without any contract.,True,train
P01587,"We fail to meet regulatory requirements for supplier data security, as no checks have been conducted on our providers.",0,NON_COMPLIANT,DSPT10_Suppliers,DSPT,supplier compliance never checked,llm_paraphrase,S0266,We have never checked whether our suppliers meet any data security standards.,True,train
P01588,"No data security audits have been performed on our suppliers, highlighting a compliance failure.",0,NON_COMPLIANT,DSPT10_Suppliers,DSPT,supplier compliance never checked,llm_paraphrase,S0266,We have never checked whether our suppliers meet any data security standards.,True,train
P01589,Our failure to review supplier data security protocols is a breach of statutory obligations.,0,NON_COMPLIANT,DSPT10_Suppliers,DSPT,supplier compliance never checked,llm_paraphrase,S0266,We have never checked whether our suppliers meet any data security standards.,True,train
P01590,The lack of supplier data security checks renders our compliance with data protection regulations incomplete.,0,NON_COMPLIANT,DSPT10_Suppliers,DSPT,supplier compliance never checked,llm_paraphrase,S0266,We have never checked whether our suppliers meet any data security standards.,True,train
P01591,We are non-compliant with data security regulations due to the absence of audits on our suppliers.,0,NON_COMPLIANT,DSPT10_Suppliers,DSPT,supplier compliance never checked,llm_paraphrase,S0266,We have never checked whether our suppliers meet any data security standards.,True,train
P01592,"Our suppliers' data security standards have not been verified, resulting in a compliance failure.",0,NON_COMPLIANT,DSPT10_Suppliers,DSPT,supplier compliance never checked,llm_paraphrase,S0266,We have never checked whether our suppliers meet any data security standards.,True,train
P01593,"A firewall barrier is in place to segregate our internal network from the internet,",1,COMPLIANT,CE1_Firewalls,Cyber Essentials,boundary firewall in place and configured,llm_paraphrase,S0001,A boundary firewall is in place between our internal network and the internet.,True,train
P01594,"All internet traffic is filtered through our internal network's firewall before reaching our systems,",1,COMPLIANT,CE1_Firewalls,Cyber Essentials,boundary firewall in place and configured,llm_paraphrase,S0001,A boundary firewall is in place between our internal network and the internet.,True,train
P01595,"The internet connection is segregated from our internal network using a firewall for security purposes,",1,COMPLIANT,CE1_Firewalls,Cyber Essentials,boundary firewall in place and configured,llm_paraphrase,S0001,A boundary firewall is in place between our internal network and the internet.,True,train
P01596,"A firewall acts as a physical and logical barrier to separate our internal network from the internet,",1,COMPLIANT,CE1_Firewalls,Cyber Essentials,boundary firewall in place and configured,llm_paraphrase,S0001,A boundary firewall is in place between our internal network and the internet.,True,train
P01597,The internal network is kept separate from the internet by an operational firewall policy.,1,COMPLIANT,CE1_Firewalls,Cyber Essentials,boundary firewall in place and configured,llm_paraphrase,S0001,A boundary firewall is in place between our internal network and the internet.,True,train
P01598,The firewall is currently active on all network connections to ensure compliance.,1,COMPLIANT,CE1_Firewalls,Cyber Essentials,boundary firewall in place and configured,llm_paraphrase,S0002,The office router's firewall is configured and active on all connections.,True,train
P01599,All staff are verify the firewall status on their devices before initiating connections.,1,COMPLIANT,CE1_Firewalls,Cyber Essentials,boundary firewall in place and configured,llm_paraphrase,S0002,The office router's firewall is configured and active on all connections.,True,train
P01600,The IT system requires active firewall configuration on all devices before connecting to the network.,1,COMPLIANT,CE1_Firewalls,Cyber Essentials,boundary firewall in place and configured,llm_paraphrase,S0002,The office router's firewall is configured and active on all connections.,True,train
P01601,"As part of our security protocols, all devices have active firewall configurations in place.",1,COMPLIANT,CE1_Firewalls,Cyber Essentials,boundary firewall in place and configured,llm_paraphrase,S0002,The office router's firewall is configured and active on all connections.,True,train
P01602,The IT system necessitates active firewall configuration for all connections to ensure regulatory compliance.,1,COMPLIANT,CE1_Firewalls,Cyber Essentials,boundary firewall in place and configured,llm_paraphrase,S0002,The office router's firewall is configured and active on all connections.,True,train
P01603,All devices are set up with active firewalls on all connections.,1,COMPLIANT,CE1_Firewalls,Cyber Essentials,boundary firewall in place and configured,llm_paraphrase,S0002,The office router's firewall is configured and active on all connections.,True,train
P01610,"All staff devices, including those used off-site, have software firewalls switched on.",1,COMPLIANT,CE1_Firewalls,Cyber Essentials,host/software firewalls enabled on devices,llm_paraphrase,S0004,"Software firewalls are switched on for all staff devices, including those used off-site.",True,train
P01611,Staff devices used off-site have software firewalls activated.,1,COMPLIANT,CE1_Firewalls,Cyber Essentials,host/software firewalls enabled on devices,llm_paraphrase,S0004,"Software firewalls are switched on for all staff devices, including those used off-site.",True,train
P01612,"Software firewalls are in place on all staff devices, including those used remotely.",1,COMPLIANT,CE1_Firewalls,Cyber Essentials,host/software firewalls enabled on devices,llm_paraphrase,S0004,"Software firewalls are switched on for all staff devices, including those used off-site.",True,train
P01613,"Staff devices, including those used off-site, have software firewalls enabled.",1,COMPLIANT,CE1_Firewalls,Cyber Essentials,host/software firewalls enabled on devices,llm_paraphrase,S0004,"Software firewalls are switched on for all staff devices, including those used off-site.",True,train
P01614,"Software firewalls are switched on for all staff devices, including those accessed remotely.",1,COMPLIANT,CE1_Firewalls,Cyber Essentials,host/software firewalls enabled on devices,llm_paraphrase,S0004,"Software firewalls are switched on for all staff devices, including those used off-site.",True,train
P01615,"All staff devices, including those used remotely, have software firewalls in place.",1,COMPLIANT,CE1_Firewalls,Cyber Essentials,host/software firewalls enabled on devices,llm_paraphrase,S0004,"Software firewalls are switched on for all staff devices, including those used off-site.",True,train
P01616,The router password was updated when it was initially set up.,1,COMPLIANT,CE1_Firewalls,Cyber Essentials,default router/firewall passwords changed,llm_paraphrase,S0005,The default password on our router was changed when it was installed.,True,train
P01617,We have updated our router password upon installation.,1,COMPLIANT,CE1_Firewalls,Cyber Essentials,default router/firewall passwords changed,llm_paraphrase,S0005,The default password on our router was changed when it was installed.,True,train
P01618,The router password was changed upon installation as a security precaution.,1,COMPLIANT,CE1_Firewalls,Cyber Essentials,default router/firewall passwords changed,llm_paraphrase,S0005,The default password on our router was changed when it was installed.,True,train
P01619,Our router password was set to a secure default upon initial configuration.,1,COMPLIANT,CE1_Firewalls,Cyber Essentials,default router/firewall passwords changed,llm_paraphrase,S0005,The default password on our router was changed when it was installed.,True,train
P01620,A secure default password was applied to our router when it was first installed.,1,COMPLIANT,CE1_Firewalls,Cyber Essentials,default router/firewall passwords changed,llm_paraphrase,S0005,The default password on our router was changed when it was installed.,True,train
P01621,Our router password was updated to a secure default value when the device was initially activated.,1,COMPLIANT,CE1_Firewalls,Cyber Essentials,default router/firewall passwords changed,llm_paraphrase,S0005,The default password on our router was changed when it was installed.,True,train
P01622,"We have updated the firewall password to a robust, non-repetitive one.",1,COMPLIANT,CE1_Firewalls,Cyber Essentials,default router/firewall passwords changed,llm_paraphrase,S0006,"We replaced the manufacturer's password on the firewall with a strong, unique one.",True,train
P01623,"Our firewall password has been changed to a secure, one-time use key.",1,COMPLIANT,CE1_Firewalls,Cyber Essentials,default router/firewall passwords changed,llm_paraphrase,S0006,"We replaced the manufacturer's password on the firewall with a strong, unique one.",True,train
P01624,"The manufacturer's password has been replaced with a robust, unique password on the firewall.",1,COMPLIANT,CE1_Firewalls,Cyber Essentials,default router/firewall passwords changed,llm_paraphrase,S0006,"We replaced the manufacturer's password on the firewall with a strong, unique one.",True,train
P01625,"A strong, unique password has been assigned to the firewall.",1,COMPLIANT,CE1_Firewalls,Cyber Essentials,default router/firewall passwords changed,llm_paraphrase,S0006,"We replaced the manufacturer's password on the firewall with a strong, unique one.",True,train
P01626,"The firewall now uses a non-repetitive, secure password.",1,COMPLIANT,CE1_Firewalls,Cyber Essentials,default router/firewall passwords changed,llm_paraphrase,S0006,"We replaced the manufacturer's password on the firewall with a strong, unique one.",True,train
P01627,"We have strengthened the firewall password to a unique, non-guessable value.",1,COMPLIANT,CE1_Firewalls,Cyber Essentials,default router/firewall passwords changed,llm_paraphrase,S0006,"We replaced the manufacturer's password on the firewall with a strong, unique one.",True,train
P01628,"Inbound connections are blocked by default, only allowing approved connections to establish.",1,COMPLIANT,CE1_Firewalls,Cyber Essentials,inbound connections blocked by default,llm_paraphrase,S0007,Inbound connections are blocked by default unless specifically approved.,True,train
P01629,Approved inbound connections are the exception to our default blocking policy.,1,COMPLIANT,CE1_Firewalls,Cyber Essentials,inbound connections blocked by default,llm_paraphrase,S0007,Inbound connections are blocked by default unless specifically approved.,True,train
P01630,"By default, inbound connections are blocked, except for those that have been explicitly approved.",1,COMPLIANT,CE1_Firewalls,Cyber Essentials,inbound connections blocked by default,llm_paraphrase,S0007,Inbound connections are blocked by default unless specifically approved.,True,train
P01631,"Inbound connections are blocked by default, with only explicitly approved connections permitted.",1,COMPLIANT,CE1_Firewalls,Cyber Essentials,inbound connections blocked by default,llm_paraphrase,S0007,Inbound connections are blocked by default unless specifically approved.,True,train
P01632,Our default policy blocks inbound connections; exceptions are only allowed through explicit approval.,1,COMPLIANT,CE1_Firewalls,Cyber Essentials,inbound connections blocked by default,llm_paraphrase,S0007,Inbound connections are blocked by default unless specifically approved.,True,train
P01633,Only connections explicitly approved by our system are permitted to establish inbound connections by default.,1,COMPLIANT,CE1_Firewalls,Cyber Essentials,inbound connections blocked by default,llm_paraphrase,S0007,Inbound connections are blocked by default unless specifically approved.,True,train
P01634,Incoming traffic not reviewed for approval at the network boundary is not permitted.,1,COMPLIANT,CE1_Firewalls,Cyber Essentials,inbound connections blocked by default,llm_paraphrase,S0008,Unapproved incoming traffic is denied at the network boundary.,True,train
P01635,All incoming traffic is subject to approval prior to reaching the network boundary.,1,COMPLIANT,CE1_Firewalls,Cyber Essentials,inbound connections blocked by default,llm_paraphrase,S0008,Unapproved incoming traffic is denied at the network boundary.,True,train
P01636,Rejection of unapproved incoming traffic at the network boundary is in place.,1,COMPLIANT,CE1_Firewalls,Cyber Essentials,inbound connections blocked by default,llm_paraphrase,S0008,Unapproved incoming traffic is denied at the network boundary.,True,train
P01637,Approval for incoming traffic is required before it is allowed to pass the network boundary.,1,COMPLIANT,CE1_Firewalls,Cyber Essentials,inbound connections blocked by default,llm_paraphrase,S0008,Unapproved incoming traffic is denied at the network boundary.,True,train
P01638,Unapproved incoming traffic is systematically blocked at the network boundary.,1,COMPLIANT,CE1_Firewalls,Cyber Essentials,inbound connections blocked by default,llm_paraphrase,S0008,Unapproved incoming traffic is denied at the network boundary.,True,train
P01639,Network boundary traffic not cleared for approval is automatically and permanently denied entry.,1,COMPLIANT,CE1_Firewalls,Cyber Essentials,inbound connections blocked by default,llm_paraphrase,S0008,Unapproved incoming traffic is denied at the network boundary.,True,train
P01640,Firewall rules are reviewed by our IT provider on a regular six-monthly basis.,1,COMPLIANT,CE1_Firewalls,Cyber Essentials,firewall rules reviewed periodically,llm_paraphrase,S0009,Firewall rules are reviewed by our IT provider every six months.,True,train
P01641,Our IT provider conducts a six-monthly review of our firewall rules.,1,COMPLIANT,CE1_Firewalls,Cyber Essentials,firewall rules reviewed periodically,llm_paraphrase,S0009,Firewall rules are reviewed by our IT provider every six months.,True,train
P01642,The firewall rules are reviewed and updated by our IT provider every six months.,1,COMPLIANT,CE1_Firewalls,Cyber Essentials,firewall rules reviewed periodically,llm_paraphrase,S0009,Firewall rules are reviewed by our IT provider every six months.,True,train
P01643,Our IT provider updates our firewall rules in accordance with a six-monthly review.,1,COMPLIANT,CE1_Firewalls,Cyber Essentials,firewall rules reviewed periodically,llm_paraphrase,S0009,Firewall rules are reviewed by our IT provider every six months.,True,train
P01644,The IT provider's six-monthly review of our firewall rules is a critical component of our security policy.,1,COMPLIANT,CE1_Firewalls,Cyber Essentials,firewall rules reviewed periodically,llm_paraphrase,S0009,Firewall rules are reviewed by our IT provider every six months.,True,train
P01645,"As part of our regular security protocol, our firewall rules are reviewed and updated by our IT provider every six months.",1,COMPLIANT,CE1_Firewalls,Cyber Essentials,firewall rules reviewed periodically,llm_paraphrase,S0009,Firewall rules are reviewed by our IT provider every six months.,True,train
P01652,The firewall's internet-facing interface is inaccessible.,1,COMPLIANT,CE1_Firewalls,Cyber Essentials,admin interface protected / not internet-facing,llm_paraphrase,S0011,The firewall's administrative interface is not accessible from the internet.,True,train
P01653,The firewall's admin panel is not reachable from the internet.,1,COMPLIANT,CE1_Firewalls,Cyber Essentials,admin interface protected / not internet-facing,llm_paraphrase,S0011,The firewall's administrative interface is not accessible from the internet.,True,train
P01654,The firewall's configuration restricts internet access.,1,COMPLIANT,CE1_Firewalls,Cyber Essentials,admin interface protected / not internet-facing,llm_paraphrase,S0011,The firewall's administrative interface is not accessible from the internet.,True,train
P01655,Internet access to the firewall's admin interface is not permitted.,1,COMPLIANT,CE1_Firewalls,Cyber Essentials,admin interface protected / not internet-facing,llm_paraphrase,S0011,The firewall's administrative interface is not accessible from the internet.,True,train
P01656,The firewall's admin interface cannot be accessed via the internet.,1,COMPLIANT,CE1_Firewalls,Cyber Essentials,admin interface protected / not internet-facing,llm_paraphrase,S0011,The firewall's administrative interface is not accessible from the internet.,True,train
P01657,The firewall's internet interface is not available.,1,COMPLIANT,CE1_Firewalls,Cyber Essentials,admin interface protected / not internet-facing,llm_paraphrase,S0011,The firewall's administrative interface is not accessible from the internet.,True,train
P01669,All unused ports on network equipment have been securely disabled.,1,COMPLIANT,CE1_Firewalls,Cyber Essentials,inbound connections blocked by default,llm_paraphrase,S0014,Unused ports on the network equipment have been disabled.,True,train
P01670,Unused network ports have been deactivated to prevent unauthorized access.,1,COMPLIANT,CE1_Firewalls,Cyber Essentials,inbound connections blocked by default,llm_paraphrase,S0014,Unused ports on the network equipment have been disabled.,True,train
P01671,Port configurations have been updated to ensure all unused ports are disabled.,1,COMPLIANT,CE1_Firewalls,Cyber Essentials,inbound connections blocked by default,llm_paraphrase,S0014,Unused ports on the network equipment have been disabled.,True,train
P01672,Unused network ports are now inactive to prevent malicious use.,1,COMPLIANT,CE1_Firewalls,Cyber Essentials,inbound connections blocked by default,llm_paraphrase,S0014,Unused ports on the network equipment have been disabled.,True,train
P01673,All non-functional ports on the network equipment have been disabled.,1,COMPLIANT,CE1_Firewalls,Cyber Essentials,inbound connections blocked by default,llm_paraphrase,S0014,Unused ports on the network equipment have been disabled.,True,train
P01674,Network port configurations have been modified to disable all unused connections.,1,COMPLIANT,CE1_Firewalls,Cyber Essentials,inbound connections blocked by default,llm_paraphrase,S0014,Unused ports on the network equipment have been disabled.,True,train
P01675,The home's network is not secured by a firewall to prevent internet access,0,NON_COMPLIANT,CE1_Firewalls,Cyber Essentials,no firewall at the network boundary,llm_paraphrase,S0015,There is no firewall protecting the home's network from the internet.,True,train
P01676,No firewall is in place to protect the home's network from internet threat,0,NON_COMPLIANT,CE1_Firewalls,Cyber Essentials,no firewall at the network boundary,llm_paraphrase,S0015,There is no firewall protecting the home's network from the internet.,True,train
P01677,The network is not firewall-protected to the internet,0,NON_COMPLIANT,CE1_Firewalls,Cyber Essentials,no firewall at the network boundary,llm_paraphrase,S0015,There is no firewall protecting the home's network from the internet.,True,train
P01678,A firewall is absent to safeguard the home's network from internet exposure,0,NON_COMPLIANT,CE1_Firewalls,Cyber Essentials,no firewall at the network boundary,llm_paraphrase,S0015,There is no firewall protecting the home's network from the internet.,True,train
P01679,The home's network is not secured due to the lack of a firewall against internet access,0,NON_COMPLIANT,CE1_Firewalls,Cyber Essentials,no firewall at the network boundary,llm_paraphrase,S0015,There is no firewall protecting the home's network from the internet.,True,train
P01680,No firewall exists to shield the home's network from internet traffic,0,NON_COMPLIANT,CE1_Firewalls,Cyber Essentials,no firewall at the network boundary,llm_paraphrase,S0015,There is no firewall protecting the home's network from the internet.,True,train
P01681,The broadband router's installation was incomplete without a firewall configuration.,0,NON_COMPLIANT,CE1_Firewalls,Cyber Essentials,no firewall at the network boundary,llm_paraphrase,S0016,The broadband router was installed without any firewall configuration.,True,train
P01682,No firewall configuration was applied during the broadband router's installation.,0,NON_COMPLIANT,CE1_Firewalls,Cyber Essentials,no firewall at the network boundary,llm_paraphrase,S0016,The broadband router was installed without any firewall configuration.,True,train
P01683,The broadband router's installation failed to include a configured firewall.,0,NON_COMPLIANT,CE1_Firewalls,Cyber Essentials,no firewall at the network boundary,llm_paraphrase,S0016,The broadband router was installed without any firewall configuration.,True,train
P01684,A firewall configuration was not provided during the broadband router's installation.,0,NON_COMPLIANT,CE1_Firewalls,Cyber Essentials,no firewall at the network boundary,llm_paraphrase,S0016,The broadband router was installed without any firewall configuration.,True,train
P01685,The broadband router installation lacked a firewall configuration.,0,NON_COMPLIANT,CE1_Firewalls,Cyber Essentials,no firewall at the network boundary,llm_paraphrase,S0016,The broadband router was installed without any firewall configuration.,True,train
P01686,The broadband router's installation did not include a configured firewall.,0,NON_COMPLIANT,CE1_Firewalls,Cyber Essentials,no firewall at the network boundary,llm_paraphrase,S0016,The broadband router was installed without any firewall configuration.,True,train
P01687,Firewalls on office computers are currently disabled as a precautionary measure.,0,NON_COMPLIANT,CE1_Firewalls,Cyber Essentials,firewalls disabled or absent on devices,llm_paraphrase,S0017,Software firewalls have been turned off on several office computers.,True,train
P01688,All applicable software firewalls have been deactivated on staff computers for security reasons.,0,NON_COMPLIANT,CE1_Firewalls,Cyber Essentials,firewalls disabled or absent on devices,llm_paraphrase,S0017,Software firewalls have been turned off on several office computers.,True,train
P01689,The IT policy requires firewalls to be turned off on all office computers for enhanced security.,0,NON_COMPLIANT,CE1_Firewalls,Cyber Essentials,firewalls disabled or absent on devices,llm_paraphrase,S0017,Software firewalls have been turned off on several office computers.,True,train
P01690,Our standard operating procedure dictates that all office computers' firewalls are disabled for security purposes.,0,NON_COMPLIANT,CE1_Firewalls,Cyber Essentials,firewalls disabled or absent on devices,llm_paraphrase,S0017,Software firewalls have been turned off on several office computers.,True,train
P01691,"In line with our IT guidelines, the firewalls on office computers have been deactivated for maximum security.",0,NON_COMPLIANT,CE1_Firewalls,Cyber Essentials,firewalls disabled or absent on devices,llm_paraphrase,S0017,Software firewalls have been turned off on several office computers.,True,train
P01692,Our policy directives state that firewalls on office computers must be deactivated to maintain a secure computing environment.,0,NON_COMPLIANT,CE1_Firewalls,Cyber Essentials,firewalls disabled or absent on devices,llm_paraphrase,S0017,Software firewalls have been turned off on several office computers.,True,train
P01699,"The router's default password has not been changed, contravening our policy on secure network access.",0,NON_COMPLIANT,CE1_Firewalls,Cyber Essentials,default router/firewall passwords still in use,llm_paraphrase,S0019,The router is still using the default password printed on the label.,True,train
P01700,"Our network access protocol requires a unique password, which is not the case here.",0,NON_COMPLIANT,CE1_Firewalls,Cyber Essentials,default router/firewall passwords still in use,llm_paraphrase,S0019,The router is still using the default password printed on the label.,True,train
P01701,Failure to update the router's password is a breach of our IT security policy.,0,NON_COMPLIANT,CE1_Firewalls,Cyber Essentials,default router/firewall passwords still in use,llm_paraphrase,S0019,The router is still using the default password printed on the label.,True,train
P01702,The current default password is in breach of our organisation's policy on secure network configuration.,0,NON_COMPLIANT,CE1_Firewalls,Cyber Essentials,default router/firewall passwords still in use,llm_paraphrase,S0019,The router is still using the default password printed on the label.,True,train
P01703,"Contrary to policy, the router's default password remains unchanged.",0,NON_COMPLIANT,CE1_Firewalls,Cyber Essentials,default router/firewall passwords still in use,llm_paraphrase,S0019,The router is still using the default password printed on the label.,True,train
P01704,"Our network security policy dictates the use of unique passwords, and this has not been observed.",0,NON_COMPLIANT,CE1_Firewalls,Cyber Essentials,default router/firewall passwords still in use,llm_paraphrase,S0019,The router is still using the default password printed on the label.,True,train
P01705,The firewall's configuration was not updated to reflect the manufacturer's new password.,0,NON_COMPLIANT,CE1_Firewalls,Cyber Essentials,default router/firewall passwords still in use,llm_paraphrase,S0020,Nobody changed the manufacturer's password when the firewall was set up.,True,train
P01706,"When setting up the firewall, the manufacturer's password was not changed.",0,NON_COMPLIANT,CE1_Firewalls,Cyber Essentials,default router/firewall passwords still in use,llm_paraphrase,S0020,Nobody changed the manufacturer's password when the firewall was set up.,True,train
P01707,"During the firewall setup, the manufacturer's password was not altered as required.",0,NON_COMPLIANT,CE1_Firewalls,Cyber Essentials,default router/firewall passwords still in use,llm_paraphrase,S0020,Nobody changed the manufacturer's password when the firewall was set up.,True,train
P01708,The firewall's password was not updated to match the manufacturer's new credentials.,0,NON_COMPLIANT,CE1_Firewalls,Cyber Essentials,default router/firewall passwords still in use,llm_paraphrase,S0020,Nobody changed the manufacturer's password when the firewall was set up.,True,train
P01709,The setup of the firewall did not include changing the manufacturer's password.,0,NON_COMPLIANT,CE1_Firewalls,Cyber Essentials,default router/firewall passwords still in use,llm_paraphrase,S0020,Nobody changed the manufacturer's password when the firewall was set up.,True,train
P01710,The manufacturer's password was not updated during the firewall installation process.,0,NON_COMPLIANT,CE1_Firewalls,Cyber Essentials,default router/firewall passwords still in use,llm_paraphrase,S0020,Nobody changed the manufacturer's password when the firewall was set up.,True,train
P01711,Incoming connections are not restricted from the internet.,0,NON_COMPLIANT,CE1_Firewalls,Cyber Essentials,inbound connections open or unrestricted,llm_paraphrase,S0021,Incoming connections from the internet are not restricted.,True,train
P01712,Internet connections for incoming residents are not blocked.,0,NON_COMPLIANT,CE1_Firewalls,Cyber Essentials,inbound connections open or unrestricted,llm_paraphrase,S0021,Incoming connections from the internet are not restricted.,True,train
P01713,Residents' internet access is not restricted.,0,NON_COMPLIANT,CE1_Firewalls,Cyber Essentials,inbound connections open or unrestricted,llm_paraphrase,S0021,Incoming connections from the internet are not restricted.,True,train
P01714,Incoming internet connections are not restricted.,0,NON_COMPLIANT,CE1_Firewalls,Cyber Essentials,inbound connections open or unrestricted,llm_paraphrase,S0021,Incoming connections from the internet are not restricted.,True,train
P01715,The internet connection for incoming residents is not restricted.,0,NON_COMPLIANT,CE1_Firewalls,Cyber Essentials,inbound connections open or unrestricted,llm_paraphrase,S0021,Incoming connections from the internet are not restricted.,True,train
P01716,Incoming internet connections are unrestricted.,0,NON_COMPLIANT,CE1_Firewalls,Cyber Essentials,inbound connections open or unrestricted,llm_paraphrase,S0021,Incoming connections from the internet are not restricted.,True,train
P01717,The firewall's default settings permit all inbound traffic without restriction.,0,NON_COMPLIANT,CE1_Firewalls,Cyber Essentials,inbound connections open or unrestricted,llm_paraphrase,S0022,The firewall allows all inbound traffic through by default.,True,train
P01718,All inbound traffic is allowed to pass through by default without intervention.,0,NON_COMPLIANT,CE1_Firewalls,Cyber Essentials,inbound connections open or unrestricted,llm_paraphrase,S0022,The firewall allows all inbound traffic through by default.,True,train
P01719,"By default, the firewall allows all inbound traffic to pass through.",0,NON_COMPLIANT,CE1_Firewalls,Cyber Essentials,inbound connections open or unrestricted,llm_paraphrase,S0022,The firewall allows all inbound traffic through by default.,True,train
P01720,Inbound traffic is permitted to pass through the firewall without modification.,0,NON_COMPLIANT,CE1_Firewalls,Cyber Essentials,inbound connections open or unrestricted,llm_paraphrase,S0022,The firewall allows all inbound traffic through by default.,True,train
P01721,The firewall's default settings automatically allow all inbound traffic to proceed unimpeded.,0,NON_COMPLIANT,CE1_Firewalls,Cyber Essentials,inbound connections open or unrestricted,llm_paraphrase,S0022,The firewall allows all inbound traffic through by default.,True,train
P01722,The firewall settings have not been updated since installation,0,NON_COMPLIANT,CE1_Firewalls,Cyber Essentials,firewall never reviewed or configured,llm_paraphrase,S0023,The firewall settings have not been reviewed since the system was installed.,True,train
P01723,Review of firewall settings is due,0,NON_COMPLIANT,CE1_Firewalls,Cyber Essentials,firewall never reviewed or configured,llm_paraphrase,S0023,The firewall settings have not been reviewed since the system was installed.,True,train
P01724,Firewall settings are overdue for review,0,NON_COMPLIANT,CE1_Firewalls,Cyber Essentials,firewall never reviewed or configured,llm_paraphrase,S0023,The firewall settings have not been reviewed since the system was installed.,True,train
P01725,We have not reviewed firewall settings since initial installation,0,NON_COMPLIANT,CE1_Firewalls,Cyber Essentials,firewall never reviewed or configured,llm_paraphrase,S0023,The firewall settings have not been reviewed since the system was installed.,True,train
P01726,Firewall settings are in need of a review,0,NON_COMPLIANT,CE1_Firewalls,Cyber Essentials,firewall never reviewed or configured,llm_paraphrase,S0023,The firewall settings have not been reviewed since the system was installed.,True,train
P01727,Firewall settings have not been assessed since system deployment,0,NON_COMPLIANT,CE1_Firewalls,Cyber Essentials,firewall never reviewed or configured,llm_paraphrase,S0023,The firewall settings have not been reviewed since the system was installed.,True,train
P01734,The router's admin console is accessible from the internet without adequate protection in place.,0,NON_COMPLIANT,CE1_Firewalls,Cyber Essentials,admin console exposed to internet without protection,llm_paraphrase,S0025,The router's admin console can be reached from the internet without protection.,True,train
P01735,"Inadequate protection exists on the router's admin console, allowing internet access.",0,NON_COMPLIANT,CE1_Firewalls,Cyber Essentials,admin console exposed to internet without protection,llm_paraphrase,S0025,The router's admin console can be reached from the internet without protection.,True,train
P01736,"The router's admin console is not properly secured, permitting public access.",0,NON_COMPLIANT,CE1_Firewalls,Cyber Essentials,admin console exposed to internet without protection,llm_paraphrase,S0025,The router's admin console can be reached from the internet without protection.,True,train
P01737,Internet access is permitted to the router's admin console without sufficient security measures.,0,NON_COMPLIANT,CE1_Firewalls,Cyber Essentials,admin console exposed to internet without protection,llm_paraphrase,S0025,The router's admin console can be reached from the internet without protection.,True,train
P01738,"The router's admin console is not sufficiently protected, allowing unauthorised internet access.",0,NON_COMPLIANT,CE1_Firewalls,Cyber Essentials,admin console exposed to internet without protection,llm_paraphrase,S0025,The router's admin console can be reached from the internet without protection.,True,train
P01739,"The router's admin console lacks adequate security, enabling public access.",0,NON_COMPLIANT,CE1_Firewalls,Cyber Essentials,admin console exposed to internet without protection,llm_paraphrase,S0025,The router's admin console can be reached from the internet without protection.,True,train
P01746,Ports on the router were left in the default configuration during network setup.,0,NON_COMPLIANT,CE1_Firewalls,Cyber Essentials,inbound connections open or unrestricted,llm_paraphrase,S0027,All ports on the router were left open when the network was set up.,True,train
P01747,The router's port settings were not adequately secured during initial setup.,0,NON_COMPLIANT,CE1_Firewalls,Cyber Essentials,inbound connections open or unrestricted,llm_paraphrase,S0027,All ports on the router were left open when the network was set up.,True,train
P01748,Inadequate port configuration was allowed during the initial network setup process.,0,NON_COMPLIANT,CE1_Firewalls,Cyber Essentials,inbound connections open or unrestricted,llm_paraphrase,S0027,All ports on the router were left open when the network was set up.,True,train
P01749,Port settings on the router were not properly secured during the initial setup process.,0,NON_COMPLIANT,CE1_Firewalls,Cyber Essentials,inbound connections open or unrestricted,llm_paraphrase,S0027,All ports on the router were left open when the network was set up.,True,train
P01750,"During network setup, the router's default port settings were not changed.",0,NON_COMPLIANT,CE1_Firewalls,Cyber Essentials,inbound connections open or unrestricted,llm_paraphrase,S0027,All ports on the router were left open when the network was set up.,True,train
P01751,The router's port settings were not secured as required during the initial setup.,0,NON_COMPLIANT,CE1_Firewalls,Cyber Essentials,inbound connections open or unrestricted,llm_paraphrase,S0027,All ports on the router were left open when the network was set up.,True,train
P01758,Default password changes are in place on every new device prior to staff usage.,1,COMPLIANT,CE2_SecureConfig,Cyber Essentials,default passwords changed before deployment,llm_paraphrase,S0029,Default passwords are changed on every new device before staff use it.,True,train
P01759,All new devices have default passwords altered before being used by staff members.,1,COMPLIANT,CE2_SecureConfig,Cyber Essentials,default passwords changed before deployment,llm_paraphrase,S0029,Default passwords are changed on every new device before staff use it.,True,train
P01760,"Prior to staff use, every new device have its default password modified.",1,COMPLIANT,CE2_SecureConfig,Cyber Essentials,default passwords changed before deployment,llm_paraphrase,S0029,Default passwords are changed on every new device before staff use it.,True,train
P01761,New devices are not permitted for staff use until the default password has been altered.,1,COMPLIANT,CE2_SecureConfig,Cyber Essentials,default passwords changed before deployment,llm_paraphrase,S0029,Default passwords are changed on every new device before staff use it.,True,train
P01762,Default passwords on new devices are an absolute requirement before they are used by staff members.,1,COMPLIANT,CE2_SecureConfig,Cyber Essentials,default passwords changed before deployment,llm_paraphrase,S0029,Default passwords are changed on every new device before staff use it.,True,train
P01763,Altering the default password for new devices is a mandatory step before staff can use them.,1,COMPLIANT,CE2_SecureConfig,Cyber Essentials,default passwords changed before deployment,llm_paraphrase,S0029,Default passwords are changed on every new device before staff use it.,True,train
P01770,All software not required for care delivery has been removed from our computers.,1,COMPLIANT,CE2_SecureConfig,Cyber Essentials,unnecessary software removed or disabled,llm_paraphrase,S0031,Software that is not needed for care delivery has been removed from our computers.,True,train
P01771,All unnecessary software has been deleted from our computers.,1,COMPLIANT,CE2_SecureConfig,Cyber Essentials,unnecessary software removed or disabled,llm_paraphrase,S0031,Software that is not needed for care delivery has been removed from our computers.,True,train
P01772,We have removed all software not required for care delivery from our computers.,1,COMPLIANT,CE2_SecureConfig,Cyber Essentials,unnecessary software removed or disabled,llm_paraphrase,S0031,Software that is not needed for care delivery has been removed from our computers.,True,train
P01773,All non-essential software has been deleted from our computers.,1,COMPLIANT,CE2_SecureConfig,Cyber Essentials,unnecessary software removed or disabled,llm_paraphrase,S0031,Software that is not needed for care delivery has been removed from our computers.,True,train
P01774,Our computers now only contain software necessary for care delivery.,1,COMPLIANT,CE2_SecureConfig,Cyber Essentials,unnecessary software removed or disabled,llm_paraphrase,S0031,Software that is not needed for care delivery has been removed from our computers.,True,train
P01775,All software not needed for care delivery has been removed from our computer systems.,1,COMPLIANT,CE2_SecureConfig,Cyber Essentials,unnecessary software removed or disabled,llm_paraphrase,S0031,Software that is not needed for care delivery has been removed from our computers.,True,train
P01776,Applications not required for staff duties are automatically uninstalled to maintain system integrity and ensure compliance with regulatory requirements.,1,COMPLIANT,CE2_SecureConfig,Cyber Essentials,unnecessary software removed or disabled,llm_paraphrase,S0032,We uninstall any applications that are not required for staff to do their jobs.,True,train
P01777,"Staff access is restricted to only required applications, ensuring compliance with system security and management policies.",1,COMPLIANT,CE2_SecureConfig,Cyber Essentials,unnecessary software removed or disabled,llm_paraphrase,S0032,We uninstall any applications that are not required for staff to do their jobs.,True,train
P01778,All staff applications not required for job duties are uninstalled to maintain system security and prevent potential risks.,1,COMPLIANT,CE2_SecureConfig,Cyber Essentials,unnecessary software removed or disabled,llm_paraphrase,S0032,We uninstall any applications that are not required for staff to do their jobs.,True,train
P01779,Only necessary applications are installed and maintained to ensure regulatory compliance and staff access is restricted accordingly.,1,COMPLIANT,CE2_SecureConfig,Cyber Essentials,unnecessary software removed or disabled,llm_paraphrase,S0032,We uninstall any applications that are not required for staff to do their jobs.,True,train
P01780,Any staff application not required for job performance is uninstalled to maintain system security and uphold care home policies.,1,COMPLIANT,CE2_SecureConfig,Cyber Essentials,unnecessary software removed or disabled,llm_paraphrase,S0032,We uninstall any applications that are not required for staff to do their jobs.,True,train
P01781,Staff-only applications not meeting regulatory standards are automatically uninstalled to ensure compliance and system integrity.,1,COMPLIANT,CE2_SecureConfig,Cyber Essentials,unnecessary software removed or disabled,llm_paraphrase,S0032,We uninstall any applications that are not required for staff to do their jobs.,True,train
P01788,Dormant accounts are reviewed quarterly and any inactive accounts are closed.,1,COMPLIANT,CE2_SecureConfig,Cyber Essentials,unused user accounts disabled/removed,llm_paraphrase,S0034,Dormant accounts are identified and closed during our quarterly account review.,True,train
P01789,"During our quarterly account review, dormant accounts are identified and closed.",1,COMPLIANT,CE2_SecureConfig,Cyber Essentials,unused user accounts disabled/removed,llm_paraphrase,S0034,Dormant accounts are identified and closed during our quarterly account review.,True,train
P01790,Quarterly account reviews confirm dormant accounts are closed.,1,COMPLIANT,CE2_SecureConfig,Cyber Essentials,unused user accounts disabled/removed,llm_paraphrase,S0034,Dormant accounts are identified and closed during our quarterly account review.,True,train
P01791,Inactive accounts are identified and closed during our quarterly account review.,1,COMPLIANT,CE2_SecureConfig,Cyber Essentials,unused user accounts disabled/removed,llm_paraphrase,S0034,Dormant accounts are identified and closed during our quarterly account review.,True,train
P01792,Dormant accounts are reviewed quarterly; any inactive accounts are subsequently closed.,1,COMPLIANT,CE2_SecureConfig,Cyber Essentials,unused user accounts disabled/removed,llm_paraphrase,S0034,Dormant accounts are identified and closed during our quarterly account review.,True,train
P01793,"During our quarterly account review, all dormant accounts are identified and then closed.",1,COMPLIANT,CE2_SecureConfig,Cyber Essentials,unused user accounts disabled/removed,llm_paraphrase,S0034,Dormant accounts are identified and closed during our quarterly account review.,True,train
P01794,All staff ensure USB sticks are not enabled to auto-run on care home devices.,1,COMPLIANT,CE2_SecureConfig,Cyber Essentials,auto-run/auto-play disabled,llm_paraphrase,S0035,Auto-run is disabled so USB sticks cannot launch programs automatically.,True,train
P01795,Auto-run is disabled on all care home IT systems.,1,COMPLIANT,CE2_SecureConfig,Cyber Essentials,auto-run/auto-play disabled,llm_paraphrase,S0035,Auto-run is disabled so USB sticks cannot launch programs automatically.,True,train
P01796,Staff disable auto-run on all USB sticks.,1,COMPLIANT,CE2_SecureConfig,Cyber Essentials,auto-run/auto-play disabled,llm_paraphrase,S0035,Auto-run is disabled so USB sticks cannot launch programs automatically.,True,train
P01797,Auto-run is disabled on all care home devices.,1,COMPLIANT,CE2_SecureConfig,Cyber Essentials,auto-run/auto-play disabled,llm_paraphrase,S0035,Auto-run is disabled so USB sticks cannot launch programs automatically.,True,train
P01798,Auto-run is prohibited on care home devices to prevent USB stick launched programmes automatically.,1,COMPLIANT,CE2_SecureConfig,Cyber Essentials,auto-run/auto-play disabled,llm_paraphrase,S0035,Auto-run is disabled so USB sticks cannot launch programs automatically.,True,train
P01799,Removable media does not initiate automatic playback when inserted into our systems.,1,COMPLIANT,CE2_SecureConfig,Cyber Essentials,auto-run/auto-play disabled,llm_paraphrase,S0036,Removable media does not run automatically when plugged into our machines.,True,train
P01800,Insertion of removable media does not automatically activate playback on our equipment.,1,COMPLIANT,CE2_SecureConfig,Cyber Essentials,auto-run/auto-play disabled,llm_paraphrase,S0036,Removable media does not run automatically when plugged into our machines.,True,train
P01801,Our machines do not automatically run media from removable storage.,1,COMPLIANT,CE2_SecureConfig,Cyber Essentials,auto-run/auto-play disabled,llm_paraphrase,S0036,Removable media does not run automatically when plugged into our machines.,True,train
P01802,Removable media will not play automatically when connected to our computer systems.,1,COMPLIANT,CE2_SecureConfig,Cyber Essentials,auto-run/auto-play disabled,llm_paraphrase,S0036,Removable media does not run automatically when plugged into our machines.,True,train
P01803,Playback of removable media does not occur automatically on our machines.,1,COMPLIANT,CE2_SecureConfig,Cyber Essentials,auto-run/auto-play disabled,llm_paraphrase,S0036,Removable media does not run automatically when plugged into our machines.,True,train
P01804,Removable media does not activate playback automatically when inserted into our computer equipment.,1,COMPLIANT,CE2_SecureConfig,Cyber Essentials,auto-run/auto-play disabled,llm_paraphrase,S0036,Removable media does not run automatically when plugged into our machines.,True,train
P01805,Devices are configured to our standard security baseline prior to staff being issued with them.,1,COMPLIANT,CE2_SecureConfig,Cyber Essentials,devices hardened from default settings,llm_paraphrase,S0037,Devices are configured to our security baseline before being issued to staff.,True,train
P01806,Staff are only issued devices that have been configured to our security baseline.,1,COMPLIANT,CE2_SecureConfig,Cyber Essentials,devices hardened from default settings,llm_paraphrase,S0037,Devices are configured to our security baseline before being issued to staff.,True,train
P01807,All devices issued to staff are configured to our security baseline as a minimum requirement.,1,COMPLIANT,CE2_SecureConfig,Cyber Essentials,devices hardened from default settings,llm_paraphrase,S0037,Devices are configured to our security baseline before being issued to staff.,True,train
P01808,Our security baseline is the standard to which devices are configured before being issued to staff members.,1,COMPLIANT,CE2_SecureConfig,Cyber Essentials,devices hardened from default settings,llm_paraphrase,S0037,Devices are configured to our security baseline before being issued to staff.,True,train
P01809,Devices issued to staff meet our security baseline configuration requirements.,1,COMPLIANT,CE2_SecureConfig,Cyber Essentials,devices hardened from default settings,llm_paraphrase,S0037,Devices are configured to our security baseline before being issued to staff.,True,train
P01810,Our security baseline is the minimum configuration requirement for all devices issued to staff.,1,COMPLIANT,CE2_SecureConfig,Cyber Essentials,devices hardened from default settings,llm_paraphrase,S0037,Devices are configured to our security baseline before being issued to staff.,True,train
P01823,An up-to-date asset register is a mandatory document containing a comprehensive list of all equipment and software in use.,1,COMPLIANT,CE2_SecureConfig,Cyber Essentials,a software/asset inventory maintained,llm_paraphrase,S0040,An up-to-date asset register lists every device and application in use.,True,train
P01824,All devices and applications in use are accurately recorded on the latest version of the asset register.,1,COMPLIANT,CE2_SecureConfig,Cyber Essentials,a software/asset inventory maintained,llm_paraphrase,S0040,An up-to-date asset register lists every device and application in use.,True,train
P01825,The asset register is a critical tool that ensures all equipment and software used in the care home is properly accounted for.,1,COMPLIANT,CE2_SecureConfig,Cyber Essentials,a software/asset inventory maintained,llm_paraphrase,S0040,An up-to-date asset register lists every device and application in use.,True,train
P01826,Regular updates to the asset register are essential to maintain accuracy and compliance.,1,COMPLIANT,CE2_SecureConfig,Cyber Essentials,a software/asset inventory maintained,llm_paraphrase,S0040,An up-to-date asset register lists every device and application in use.,True,train
P01827,All care home staff are verify the accuracy of the asset register before commencing care.,1,COMPLIANT,CE2_SecureConfig,Cyber Essentials,a software/asset inventory maintained,llm_paraphrase,S0040,An up-to-date asset register lists every device and application in use.,True,train
P01828,The asset register is a statutory requirement and is completed at least quarterly to reflect all changes.,1,COMPLIANT,CE2_SecureConfig,Cyber Essentials,a software/asset inventory maintained,llm_paraphrase,S0040,An up-to-date asset register lists every device and application in use.,True,train
P01829,Devices are still utilising the default passwords provided with their initial installation.,0,NON_COMPLIANT,CE2_SecureConfig,Cyber Essentials,default/manufacturer passwords unchanged,llm_paraphrase,S0041,Devices are still using the default passwords they came with.,True,train
P01830,All equipment remains configured with default passwords specified at time of purchase.,0,NON_COMPLIANT,CE2_SecureConfig,Cyber Essentials,default/manufacturer passwords unchanged,llm_paraphrase,S0041,Devices are still using the default passwords they came with.,True,train
P01831,It has not been verified that devices are using alternative passwords as recommended.,0,NON_COMPLIANT,CE2_SecureConfig,Cyber Essentials,default/manufacturer passwords unchanged,llm_paraphrase,S0041,Devices are still using the default passwords they came with.,True,train
P01832,The default passwords provided with devices are still in use.,0,NON_COMPLIANT,CE2_SecureConfig,Cyber Essentials,default/manufacturer passwords unchanged,llm_paraphrase,S0041,Devices are still using the default passwords they came with.,True,train
P01833,Devices are still being used with the original factory-set passwords.,0,NON_COMPLIANT,CE2_SecureConfig,Cyber Essentials,default/manufacturer passwords unchanged,llm_paraphrase,S0041,Devices are still using the default passwords they came with.,True,train
P01834,Devices are still configured with the default passwords supplied with the equipment at the time of delivery.,0,NON_COMPLIANT,CE2_SecureConfig,Cyber Essentials,default/manufacturer passwords unchanged,llm_paraphrase,S0041,Devices are still using the default passwords they came with.,True,train
P01835,It is a compliance requirement that the factory password for the care records tablet has not been modified.,0,NON_COMPLIANT,CE2_SecureConfig,Cyber Essentials,default/manufacturer passwords unchanged,llm_paraphrase,S0042,The care records tablet has never had its factory password changed.,True,train
P01836,The care records tablet's factory password must not have been changed.,0,NON_COMPLIANT,CE2_SecureConfig,Cyber Essentials,default/manufacturer passwords unchanged,llm_paraphrase,S0042,The care records tablet has never had its factory password changed.,True,train
P01837,Failure to update the factory password for the care records tablet is a non-compliance requirement.,0,NON_COMPLIANT,CE2_SecureConfig,Cyber Essentials,default/manufacturer passwords unchanged,llm_paraphrase,S0042,The care records tablet has never had its factory password changed.,True,train
P01838,The care records tablet's factory password has not been updated in accordance with policy.,0,NON_COMPLIANT,CE2_SecureConfig,Cyber Essentials,default/manufacturer passwords unchanged,llm_paraphrase,S0042,The care records tablet has never had its factory password changed.,True,train
P01839,The factory password for the care records tablet must remain unchanged as per our records.,0,NON_COMPLIANT,CE2_SecureConfig,Cyber Essentials,default/manufacturer passwords unchanged,llm_paraphrase,S0042,The care records tablet has never had its factory password changed.,True,train
P01840,Staff must seek approval before installing software on work computers.,0,NON_COMPLIANT,CE2_SecureConfig,Cyber Essentials,unnecessary or unknown software left installed,llm_paraphrase,S0043,Staff install software on work computers without asking anyone first.,True,train
P01841,It is essential to obtain prior authorisation before installing software on work computers.,0,NON_COMPLIANT,CE2_SecureConfig,Cyber Essentials,unnecessary or unknown software left installed,llm_paraphrase,S0043,Staff install software on work computers without asking anyone first.,True,train
P01842,Installation of software on work computers requires prior approval from designated personnel.,0,NON_COMPLIANT,CE2_SecureConfig,Cyber Essentials,unnecessary or unknown software left installed,llm_paraphrase,S0043,Staff install software on work computers without asking anyone first.,True,train
P01843,Work computers can only be configured with approved software after prior approval has been granted.,0,NON_COMPLIANT,CE2_SecureConfig,Cyber Essentials,unnecessary or unknown software left installed,llm_paraphrase,S0043,Staff install software on work computers without asking anyone first.,True,train
P01844,Installation of software on work computers is only permitted with prior authorisation from management.,0,NON_COMPLIANT,CE2_SecureConfig,Cyber Essentials,unnecessary or unknown software left installed,llm_paraphrase,S0043,Staff install software on work computers without asking anyone first.,True,train
P01845,Prior authorisation is mandatory before installing software on work computers for operational use.,0,NON_COMPLIANT,CE2_SecureConfig,Cyber Essentials,unnecessary or unknown software left installed,llm_paraphrase,S0043,Staff install software on work computers without asking anyone first.,True,train
P01846,Computers are not to be used for personal applications or games,0,NON_COMPLIANT,CE2_SecureConfig,Cyber Essentials,unnecessary or unknown software left installed,llm_paraphrase,S0044,Several computers have games and personal applications installed on them.,True,train
P01847,Personal applications and games are not permitted on company computers,0,NON_COMPLIANT,CE2_SecureConfig,Cyber Essentials,unnecessary or unknown software left installed,llm_paraphrase,S0044,Several computers have games and personal applications installed on them.,True,train
P01848,It is policy that staff personalise computers with approved applications only,0,NON_COMPLIANT,CE2_SecureConfig,Cyber Essentials,unnecessary or unknown software left installed,llm_paraphrase,S0044,Several computers have games and personal applications installed on them.,True,train
P01849,The use of personal games and applications is strictly prohibited on company computers,0,NON_COMPLIANT,CE2_SecureConfig,Cyber Essentials,unnecessary or unknown software left installed,llm_paraphrase,S0044,Several computers have games and personal applications installed on them.,True,train
P01850,All computers are to be free from personal applications and games,0,NON_COMPLIANT,CE2_SecureConfig,Cyber Essentials,unnecessary or unknown software left installed,llm_paraphrase,S0044,Several computers have games and personal applications installed on them.,True,train
P01851,Staff are not allowed to install personal applications or games on company computers,0,NON_COMPLIANT,CE2_SecureConfig,Cyber Essentials,unnecessary or unknown software left installed,llm_paraphrase,S0044,Several computers have games and personal applications installed on them.,True,train
P01852,"Staff accounts who left months ago are still active on the system, contravening our retention policy.",0,NON_COMPLIANT,CE2_SecureConfig,Cyber Essentials,dormant or unused accounts left active,llm_paraphrase,S0045,Accounts for staff who left months ago are still active on the system.,True,train
P01853,"All staff accounts who departed months ago remain active on our system, breaching our data management guidelines.",0,NON_COMPLIANT,CE2_SecureConfig,Cyber Essentials,dormant or unused accounts left active,llm_paraphrase,S0045,Accounts for staff who left months ago are still active on the system.,True,train
P01854,"It has come to our attention that staff accounts who left months ago are still operational on our system, non-compliant with our data storage procedures.",0,NON_COMPLIANT,CE2_SecureConfig,Cyber Essentials,dormant or unused accounts left active,llm_paraphrase,S0045,Accounts for staff who left months ago are still active on the system.,True,train
P01855,"We are aware that staff accounts, whose departure dates are months prior, continue to be active on our system, violating our IT policy.",0,NON_COMPLIANT,CE2_SecureConfig,Cyber Essentials,dormant or unused accounts left active,llm_paraphrase,S0045,Accounts for staff who left months ago are still active on the system.,True,train
P01856,The retention of staff accounts who left months ago is not in line with our system's data management protocols.,0,NON_COMPLIANT,CE2_SecureConfig,Cyber Essentials,dormant or unused accounts left active,llm_paraphrase,S0045,Accounts for staff who left months ago are still active on the system.,True,train
P01857,"We have identified a system-level issue where staff accounts who left months ago remain active, thereby compromising our adherence to our data retention guidelines.",0,NON_COMPLIANT,CE2_SecureConfig,Cyber Essentials,dormant or unused accounts left active,llm_paraphrase,S0045,Accounts for staff who left months ago are still active on the system.,True,train
P01870,Auto-run has not been deactivated on office computers.,0,NON_COMPLIANT,CE2_SecureConfig,Cyber Essentials,auto-run left enabled on removable media,llm_paraphrase,S0048,Auto-run has not been turned off on the office computers.,True,train
P01871,Failure to turn off auto-run on office computers is not authorised.,0,NON_COMPLIANT,CE2_SecureConfig,Cyber Essentials,auto-run left enabled on removable media,llm_paraphrase,S0048,Auto-run has not been turned off on the office computers.,True,train
P01872,The policy requires auto-run to be disabled on office computers.,0,NON_COMPLIANT,CE2_SecureConfig,Cyber Essentials,auto-run left enabled on removable media,llm_paraphrase,S0048,Auto-run has not been turned off on the office computers.,True,train
P01873,Auto-run on office computers has not been deactivated.,0,NON_COMPLIANT,CE2_SecureConfig,Cyber Essentials,auto-run left enabled on removable media,llm_paraphrase,S0048,Auto-run has not been turned off on the office computers.,True,train
P01874,Disabling auto-run on office computers is a mandatory control.,0,NON_COMPLIANT,CE2_SecureConfig,Cyber Essentials,auto-run left enabled on removable media,llm_paraphrase,S0048,Auto-run has not been turned off on the office computers.,True,train
P01875,Auto-run has not been disabled on office computers as per policy.,0,NON_COMPLIANT,CE2_SecureConfig,Cyber Essentials,auto-run left enabled on removable media,llm_paraphrase,S0048,Auto-run has not been turned off on the office computers.,True,train
P01876,"Computers are used with the same security settings as when they were installed,",0,NON_COMPLIANT,CE2_SecureConfig,Cyber Essentials,devices left on out-of-the-box settings,llm_paraphrase,S0049,"Computers are used exactly as they arrived, with no security settings applied.",True,train
P01877,"Computers are used without any security settings being applied,",0,NON_COMPLIANT,CE2_SecureConfig,Cyber Essentials,devices left on out-of-the-box settings,llm_paraphrase,S0049,"Computers are used exactly as they arrived, with no security settings applied.",True,train
P01878,"All computers must be used with the original security settings provided,",0,NON_COMPLIANT,CE2_SecureConfig,Cyber Essentials,devices left on out-of-the-box settings,llm_paraphrase,S0049,"Computers are used exactly as they arrived, with no security settings applied.",True,train
P01879,"The security settings on computers remain unchanged from the factory settings,",0,NON_COMPLIANT,CE2_SecureConfig,Cyber Essentials,devices left on out-of-the-box settings,llm_paraphrase,S0049,"Computers are used exactly as they arrived, with no security settings applied.",True,train
P01880,"No security settings have been applied to computers since delivery,",0,NON_COMPLIANT,CE2_SecureConfig,Cyber Essentials,devices left on out-of-the-box settings,llm_paraphrase,S0049,"Computers are used exactly as they arrived, with no security settings applied.",True,train
P01881,Computers are not to be modified or altered from their original factory settings.,0,NON_COMPLIANT,CE2_SecureConfig,Cyber Essentials,devices left on out-of-the-box settings,llm_paraphrase,S0049,"Computers are used exactly as they arrived, with no security settings applied.",True,train
P01893,The provider has not demonstrated transparency regarding device usage across the service.,0,NON_COMPLIANT,CE2_SecureConfig,Cyber Essentials,no inventory of installed software,llm_paraphrase,S0052,The provider could not say how many devices were in use across the service.,True,train
P01894,A clear record of device usage is essential for compliance and cannot be provided.,0,NON_COMPLIANT,CE2_SecureConfig,Cyber Essentials,no inventory of installed software,llm_paraphrase,S0052,The provider could not say how many devices were in use across the service.,True,train
P01895,"Device usage is a critical aspect of our service, and the provider must ensure full disclosure.",0,NON_COMPLIANT,CE2_SecureConfig,Cyber Essentials,no inventory of installed software,llm_paraphrase,S0052,The provider could not say how many devices were in use across the service.,True,train
P01896,The provider's lack of clarity on device usage contravenes our policy.,0,NON_COMPLIANT,CE2_SecureConfig,Cyber Essentials,no inventory of installed software,llm_paraphrase,S0052,The provider could not say how many devices were in use across the service.,True,train
P01897,Inadequate information on device usage compromises our ability to meet compliance requirements.,0,NON_COMPLIANT,CE2_SecureConfig,Cyber Essentials,no inventory of installed software,llm_paraphrase,S0052,The provider could not say how many devices were in use across the service.,True,train
P01898,The provider's failure to provide device usage data is a material breach of regulatory requirements.,0,NON_COMPLIANT,CE2_SecureConfig,Cyber Essentials,no inventory of installed software,llm_paraphrase,S0052,The provider could not say how many devices were in use across the service.,True,train
P01899,All staff apply security updates within fourteen days of release.,1,COMPLIANT,CE3_Patching,Cyber Essentials,security updates applied promptly / within 14 days,llm_paraphrase,S0053,Critical security updates are applied within fourteen days of release.,True,train
P01900,It is in place to apply security updates within fourteen days of release.,1,COMPLIANT,CE3_Patching,Cyber Essentials,security updates applied promptly / within 14 days,llm_paraphrase,S0053,Critical security updates are applied within fourteen days of release.,True,train
P01901,Security updates are due to be applied within fourteen days of release.,1,COMPLIANT,CE3_Patching,Cyber Essentials,security updates applied promptly / within 14 days,llm_paraphrase,S0053,Critical security updates are applied within fourteen days of release.,True,train
P01902,Staff apply critical security updates within fourteen days of release.,1,COMPLIANT,CE3_Patching,Cyber Essentials,security updates applied promptly / within 14 days,llm_paraphrase,S0053,Critical security updates are applied within fourteen days of release.,True,train
P01903,"All updates, including security ones, are implemented within fourteen days of release.",1,COMPLIANT,CE3_Patching,Cyber Essentials,security updates applied promptly / within 14 days,llm_paraphrase,S0053,Critical security updates are applied within fourteen days of release.,True,train
P01910,Automatic updates are activated across all our devices to maintain system integrity.,1,COMPLIANT,CE3_Patching,Cyber Essentials,automatic updates enabled,llm_paraphrase,S0055,Automatic updates are switched on across all our computers and tablets.,True,train
P01911,Our system defaults to automatic update settings to ensure data security.,1,COMPLIANT,CE3_Patching,Cyber Essentials,automatic updates enabled,llm_paraphrase,S0055,Automatic updates are switched on across all our computers and tablets.,True,train
P01912,All our devices are set to receive automatic updates as a matter of policy.,1,COMPLIANT,CE3_Patching,Cyber Essentials,automatic updates enabled,llm_paraphrase,S0055,Automatic updates are switched on across all our computers and tablets.,True,train
P01914,Automatic updates are the default setting across all our devices.,1,COMPLIANT,CE3_Patching,Cyber Essentials,automatic updates enabled,llm_paraphrase,S0055,Automatic updates are switched on across all our computers and tablets.,True,train
P01915,All systems are configured to automatically receive and apply updates.,1,COMPLIANT,CE3_Patching,Cyber Essentials,automatic updates enabled,llm_paraphrase,S0055,Automatic updates are switched on across all our computers and tablets.,True,train
P01922,All supported software continue to receive regular security updates.,1,COMPLIANT,CE3_Patching,Cyber Essentials,only supported/maintained software in use,llm_paraphrase,S0057,All software we use is still supported and receives security updates.,True,train
P01923,The ongoing provision of security updates for all software used within the care home is a non-negotiable requirement.,1,COMPLIANT,CE3_Patching,Cyber Essentials,only supported/maintained software in use,llm_paraphrase,S0057,All software we use is still supported and receives security updates.,True,train
P01924,It is compulsory for all software currently in use to receive ongoing security updates to maintain system security.,1,COMPLIANT,CE3_Patching,Cyber Essentials,only supported/maintained software in use,llm_paraphrase,S0057,All software we use is still supported and receives security updates.,True,train
P01925,Software not receiving security updates would constitute a breach of our system security protocols.,1,COMPLIANT,CE3_Patching,Cyber Essentials,only supported/maintained software in use,llm_paraphrase,S0057,All software we use is still supported and receives security updates.,True,train
P01926,All supported software are kept up to date with the latest security patches.,1,COMPLIANT,CE3_Patching,Cyber Essentials,only supported/maintained software in use,llm_paraphrase,S0057,All software we use is still supported and receives security updates.,True,train
P01927,Failure to receive regular security updates for all software used in the care home will result in compromised system integrity.,1,COMPLIANT,CE3_Patching,Cyber Essentials,only supported/maintained software in use,llm_paraphrase,S0057,All software we use is still supported and receives security updates.,True,train
P01928,We ensure compliance by verifying our applications are still within the vendor's support period.,1,COMPLIANT,CE3_Patching,Cyber Essentials,only supported/maintained software in use,llm_paraphrase,S0058,We check that our applications remain within the vendor's support period.,True,train
P01929,All applications are checked to be within the vendor's current support window.,1,COMPLIANT,CE3_Patching,Cyber Essentials,only supported/maintained software in use,llm_paraphrase,S0058,We check that our applications remain within the vendor's support period.,True,train
P01930,The IT team confirms applications are within the vendor's valid support period.,1,COMPLIANT,CE3_Patching,Cyber Essentials,only supported/maintained software in use,llm_paraphrase,S0058,We check that our applications remain within the vendor's support period.,True,train
P01931,"During software updates, we verify applications are still within the vendor's support period.",1,COMPLIANT,CE3_Patching,Cyber Essentials,only supported/maintained software in use,llm_paraphrase,S0058,We check that our applications remain within the vendor's support period.,True,train
P01932,Our IT team checks that applications are within the vendor's support period before any updates.,1,COMPLIANT,CE3_Patching,Cyber Essentials,only supported/maintained software in use,llm_paraphrase,S0058,We check that our applications remain within the vendor's support period.,True,train
P01933,Applications are routinely checked to confirm they remain within the vendor's support period.,1,COMPLIANT,CE3_Patching,Cyber Essentials,only supported/maintained software in use,llm_paraphrase,S0058,We check that our applications remain within the vendor's support period.,True,train
P01934,Operating systems are updated at least monthly to ensure the latest security patches are applied.,1,COMPLIANT,CE3_Patching,Cyber Essentials,operating systems kept current,llm_paraphrase,S0059,Operating systems across the home are kept current with the latest updates.,True,train
P01935,All staff are trained to update operating systems in a timely manner.,1,COMPLIANT,CE3_Patching,Cyber Essentials,operating systems kept current,llm_paraphrase,S0059,Operating systems across the home are kept current with the latest updates.,True,train
P01936,The IT system is updated with the latest security patches at least once a month.,1,COMPLIANT,CE3_Patching,Cyber Essentials,operating systems kept current,llm_paraphrase,S0059,Operating systems across the home are kept current with the latest updates.,True,train
P01937,Regular system updates with the latest security patches are a mandatory part of our IT maintenance schedule.,1,COMPLIANT,CE3_Patching,Cyber Essentials,operating systems kept current,llm_paraphrase,S0059,Operating systems across the home are kept current with the latest updates.,True,train
P01938,Operating systems are reviewed quarterly to identify any necessary updates and implemented in a timely manner.,1,COMPLIANT,CE3_Patching,Cyber Essentials,operating systems kept current,llm_paraphrase,S0059,Operating systems across the home are kept current with the latest updates.,True,train
P01939,Updating operating systems with the latest security patches is a core requirement of our IT system management procedures.,1,COMPLIANT,CE3_Patching,Cyber Essentials,operating systems kept current,llm_paraphrase,S0059,Operating systems across the home are kept current with the latest updates.,True,train
P01940,Our IT provider is responsible for monitoring patch status and informing us of any updates monthly.,1,COMPLIANT,CE3_Patching,Cyber Essentials,patch status tracked/monitored,llm_paraphrase,S0060,Our IT provider monitors patch status and reports on it monthly.,True,train
P01941,Patch updates are monitored by our IT provider on a monthly basis.,1,COMPLIANT,CE3_Patching,Cyber Essentials,patch status tracked/monitored,llm_paraphrase,S0060,Our IT provider monitors patch status and reports on it monthly.,True,train
P01942,The IT provider is report on patch status monthly.,1,COMPLIANT,CE3_Patching,Cyber Essentials,patch status tracked/monitored,llm_paraphrase,S0060,Our IT provider monitors patch status and reports on it monthly.,True,train
P01943,It is the IT provider's duty to monitor patch status and submit monthly updates.,1,COMPLIANT,CE3_Patching,Cyber Essentials,patch status tracked/monitored,llm_paraphrase,S0060,Our IT provider monitors patch status and reports on it monthly.,True,train
P01944,The monthly patch status report is provided by our IT provider.,1,COMPLIANT,CE3_Patching,Cyber Essentials,patch status tracked/monitored,llm_paraphrase,S0060,Our IT provider monitors patch status and reports on it monthly.,True,train
P01945,The IT provider report on patch status on a monthly basis.,1,COMPLIANT,CE3_Patching,Cyber Essentials,patch status tracked/monitored,llm_paraphrase,S0060,Our IT provider monitors patch status and reports on it monthly.,True,train
P01952,Equipment that is no longer eligible for software updates is removed from use.,1,COMPLIANT,CE3_Patching,Cyber Essentials,unsupported items removed or replaced,llm_paraphrase,S0062,Equipment that can no longer be updated is replaced rather than kept in use.,True,train
P01953,"Where an asset cannot be upgraded, it is withdrawn from service immediately.",1,COMPLIANT,CE3_Patching,Cyber Essentials,unsupported items removed or replaced,llm_paraphrase,S0062,Equipment that can no longer be updated is replaced rather than kept in use.,True,train
P01954,Outdated equipment that cannot be updated is disposed of in accordance with our asset disposal policy.,1,COMPLIANT,CE3_Patching,Cyber Essentials,unsupported items removed or replaced,llm_paraphrase,S0062,Equipment that can no longer be updated is replaced rather than kept in use.,True,train
P01955,All equipment that is no longer supported by the manufacturer are removed from use.,1,COMPLIANT,CE3_Patching,Cyber Essentials,unsupported items removed or replaced,llm_paraphrase,S0062,Equipment that can no longer be updated is replaced rather than kept in use.,True,train
P01956,Any equipment that cannot be updated is placed out of service as soon as possible.,1,COMPLIANT,CE3_Patching,Cyber Essentials,unsupported items removed or replaced,llm_paraphrase,S0062,Equipment that can no longer be updated is replaced rather than kept in use.,True,train
P01957,Equipment that can no longer receive software updates is permanently decommissioned.,1,COMPLIANT,CE3_Patching,Cyber Essentials,unsupported items removed or replaced,llm_paraphrase,S0062,Equipment that can no longer be updated is replaced rather than kept in use.,True,train
P01969,Automatic updates have been disabled due to staff complaints regarding their disruption.,0,NON_COMPLIANT,CE3_Patching,Cyber Essentials,automatic updates disabled,llm_paraphrase,S0065,Automatic updates have been turned off because staff found them disruptive.,True,train
P01970,Staff have opted out of automatic updates due to their perceived impact.,0,NON_COMPLIANT,CE3_Patching,Cyber Essentials,automatic updates disabled,llm_paraphrase,S0065,Automatic updates have been turned off because staff found them disruptive.,True,train
P01971,"Due to staff concerns, automatic updates have been disabled from the system.",0,NON_COMPLIANT,CE3_Patching,Cyber Essentials,automatic updates disabled,llm_paraphrase,S0065,Automatic updates have been turned off because staff found them disruptive.,True,train
P01972,Automatic updates have been turned off at staff request.,0,NON_COMPLIANT,CE3_Patching,Cyber Essentials,automatic updates disabled,llm_paraphrase,S0065,Automatic updates have been turned off because staff found them disruptive.,True,train
P01973,Staff have requested that automatic updates be disabled from the system.,0,NON_COMPLIANT,CE3_Patching,Cyber Essentials,automatic updates disabled,llm_paraphrase,S0065,Automatic updates have been turned off because staff found them disruptive.,True,train
P01974,Automatic updates are currently disabled at staff initiative.,0,NON_COMPLIANT,CE3_Patching,Cyber Essentials,automatic updates disabled,llm_paraphrase,S0065,Automatic updates have been turned off because staff found them disruptive.,True,train
P01975,Updates have been disabled on the medication system computer,0,NON_COMPLIANT,CE3_Patching,Cyber Essentials,automatic updates disabled,llm_paraphrase,S0066,Updates are disabled on the medication system computer.,True,train
P01976,The medication system computer's update functionality is currently deactivated,0,NON_COMPLIANT,CE3_Patching,Cyber Essentials,automatic updates disabled,llm_paraphrase,S0066,Updates are disabled on the medication system computer.,True,train
P01977,Medication system computer updates are not enabled,0,NON_COMPLIANT,CE3_Patching,Cyber Essentials,automatic updates disabled,llm_paraphrase,S0066,Updates are disabled on the medication system computer.,True,train
P01978,The medication system computer's update capability is currently suspended,0,NON_COMPLIANT,CE3_Patching,Cyber Essentials,automatic updates disabled,llm_paraphrase,S0066,Updates are disabled on the medication system computer.,True,train
P01979,Medication system computer updates are currently inaccessible,0,NON_COMPLIANT,CE3_Patching,Cyber Essentials,automatic updates disabled,llm_paraphrase,S0066,Updates are disabled on the medication system computer.,True,train
P01980,The medication system computer's update feature is not operational,0,NON_COMPLIANT,CE3_Patching,Cyber Essentials,automatic updates disabled,llm_paraphrase,S0066,Updates are disabled on the medication system computer.,True,train
P01981,Our system does not comply with vendor recommendations regarding software updates.,0,NON_COMPLIANT,CE3_Patching,Cyber Essentials,unsupported/end-of-life software in use,llm_paraphrase,S0067,Several computers are running software the vendor no longer supports.,True,train
P01982,"Vendors' support for the used software has ended, which is a breach of our contractual obligations.",0,NON_COMPLIANT,CE3_Patching,Cyber Essentials,unsupported/end-of-life software in use,llm_paraphrase,S0067,Several computers are running software the vendor no longer supports.,True,train
P01983,"Several of our computers are still using outdated software, which is against our IT policy.",0,NON_COMPLIANT,CE3_Patching,Cyber Essentials,unsupported/end-of-life software in use,llm_paraphrase,S0067,Several computers are running software the vendor no longer supports.,True,train
P01984,Non-compliance with vendor guidelines for software updates is evident on several of our systems.,0,NON_COMPLIANT,CE3_Patching,Cyber Essentials,unsupported/end-of-life software in use,llm_paraphrase,S0067,Several computers are running software the vendor no longer supports.,True,train
P01985,"We have identified several computers that no longer receive support from the vendor, contravening our IT guidelines.",0,NON_COMPLIANT,CE3_Patching,Cyber Essentials,unsupported/end-of-life software in use,llm_paraphrase,S0067,Several computers are running software the vendor no longer supports.,True,train
P01986,The office PC continues to run an outdated operating system.,0,NON_COMPLIANT,CE3_Patching,Cyber Essentials,unsupported/end-of-life software in use,llm_paraphrase,S0068,The office PC still runs an operating system that stopped receiving updates.,True,train
P01987,Our IT systems require regular updates and the PC has not received this.,0,NON_COMPLIANT,CE3_Patching,Cyber Essentials,unsupported/end-of-life software in use,llm_paraphrase,S0068,The office PC still runs an operating system that stopped receiving updates.,True,train
P01988,The office PC's operating system is no longer receiving updates as per policy.,0,NON_COMPLIANT,CE3_Patching,Cyber Essentials,unsupported/end-of-life software in use,llm_paraphrase,S0068,The office PC still runs an operating system that stopped receiving updates.,True,train
P01989,The PC's operating system is outdated and has not received updates since its last maintenance.,0,NON_COMPLIANT,CE3_Patching,Cyber Essentials,unsupported/end-of-life software in use,llm_paraphrase,S0068,The office PC still runs an operating system that stopped receiving updates.,True,train
P01990,This contravenes our IT policy requiring regular updates for all systems.,0,NON_COMPLIANT,CE3_Patching,Cyber Essentials,unsupported/end-of-life software in use,llm_paraphrase,S0068,The office PC still runs an operating system that stopped receiving updates.,True,train
P01991,"The PC's operating system is not up to date, having not received updates as required.",0,NON_COMPLIANT,CE3_Patching,Cyber Essentials,unsupported/end-of-life software in use,llm_paraphrase,S0068,The office PC still runs an operating system that stopped receiving updates.,True,train
P01992,Certain equipment is currently running obsolete operating systems that have exceeded their supported lifespan.,0,NON_COMPLIANT,CE3_Patching,Cyber Essentials,outdated operating systems running,llm_paraphrase,S0069,Some machines are running outdated operating systems that are past end-of-life.,True,train
P01993,Some machines are still using outdated operating systems that are no longer receiving security updates.,0,NON_COMPLIANT,CE3_Patching,Cyber Essentials,outdated operating systems running,llm_paraphrase,S0069,Some machines are running outdated operating systems that are past end-of-life.,True,train
P01994,It has come to our attention that some equipment is still operating on systems past their supported end-of-life date.,0,NON_COMPLIANT,CE3_Patching,Cyber Essentials,outdated operating systems running,llm_paraphrase,S0069,Some machines are running outdated operating systems that are past end-of-life.,True,train
P01995,We have identified that some care home equipment is running operating systems that are no longer supported by the manufacturer.,0,NON_COMPLIANT,CE3_Patching,Cyber Essentials,outdated operating systems running,llm_paraphrase,S0069,Some machines are running outdated operating systems that are past end-of-life.,True,train
P01996,"Outdated operating systems are still being used on some equipment, which is past its end-of-life support period.",0,NON_COMPLIANT,CE3_Patching,Cyber Essentials,outdated operating systems running,llm_paraphrase,S0069,Some machines are running outdated operating systems that are past end-of-life.,True,train
P01997,Some care home machinery is still running operating systems that are no longer provided with security updates by the manufacturer.,0,NON_COMPLIANT,CE3_Patching,Cyber Essentials,outdated operating systems running,llm_paraphrase,S0069,Some machines are running outdated operating systems that are past end-of-life.,True,train
P01998,Updates cannot be verified as devices do not receive notification of received software updates.,0,NON_COMPLIANT,CE3_Patching,Cyber Essentials,no process for tracking patches,llm_paraphrase,S0070,There is no way of knowing whether devices have received their updates.,True,train
P01999,"Devices are not informed of received updates, leaving their status unknown.",0,NON_COMPLIANT,CE3_Patching,Cyber Essentials,no process for tracking patches,llm_paraphrase,S0070,There is no way of knowing whether devices have received their updates.,True,train
P02000,The lack of notification means devices are in a state of unknown software update status.,0,NON_COMPLIANT,CE3_Patching,Cyber Essentials,no process for tracking patches,llm_paraphrase,S0070,There is no way of knowing whether devices have received their updates.,True,train
P02001,Devices' software updates are unverifiable as no notification is provided upon update reception.,0,NON_COMPLIANT,CE3_Patching,Cyber Essentials,no process for tracking patches,llm_paraphrase,S0070,There is no way of knowing whether devices have received their updates.,True,train
P02002,"There is no notification of received updates, so devices' status remains uncertain.",0,NON_COMPLIANT,CE3_Patching,Cyber Essentials,no process for tracking patches,llm_paraphrase,S0070,There is no way of knowing whether devices have received their updates.,True,train
P02003,Receiving updates is unverifiable as no notification is given to devices upon software update.,0,NON_COMPLIANT,CE3_Patching,Cyber Essentials,no process for tracking patches,llm_paraphrase,S0070,There is no way of knowing whether devices have received their updates.,True,train
P02010,Unsupported equipment continues to be used daily without replacement plans in place,0,NON_COMPLIANT,CE3_Patching,Cyber Essentials,unsupported items knowingly retained without action,llm_paraphrase,S0072,Unsupported equipment is still in daily use with no plan to replace it.,True,train
P02011,Daily use of unsupported equipment remains unaddressed,0,NON_COMPLIANT,CE3_Patching,Cyber Essentials,unsupported items knowingly retained without action,llm_paraphrase,S0072,Unsupported equipment is still in daily use with no plan to replace it.,True,train
P02012,No approved replacement schedule exists for equipment still in use,0,NON_COMPLIANT,CE3_Patching,Cyber Essentials,unsupported items knowingly retained without action,llm_paraphrase,S0072,Unsupported equipment is still in daily use with no plan to replace it.,True,train
P02013,Equipment not meeting standards is still being used daily,0,NON_COMPLIANT,CE3_Patching,Cyber Essentials,unsupported items knowingly retained without action,llm_paraphrase,S0072,Unsupported equipment is still in daily use with no plan to replace it.,True,train
P02014,Equipment that does not meet regulatory requirements continues to be used daily,0,NON_COMPLIANT,CE3_Patching,Cyber Essentials,unsupported items knowingly retained without action,llm_paraphrase,S0072,Unsupported equipment is still in daily use with no plan to replace it.,True,train
P02015,Unauthorised equipment usage persists daily without corresponding replacement arrangements,0,NON_COMPLIANT,CE3_Patching,Cyber Essentials,unsupported items knowingly retained without action,llm_paraphrase,S0072,Unsupported equipment is still in daily use with no plan to replace it.,True,train
P02016,Remote access to our systems requires multi-factor authentication.,1,COMPLIANT,CE4_AccessControl,Cyber Essentials,MFA enabled on remote/cloud/internet-facing access,llm_paraphrase,S0073,Multi-factor authentication is enabled for all remote access to our systems.,True,train
P02017,All remote access to our systems use multi-factor authentication.,1,COMPLIANT,CE4_AccessControl,Cyber Essentials,MFA enabled on remote/cloud/internet-facing access,llm_paraphrase,S0073,Multi-factor authentication is enabled for all remote access to our systems.,True,train
P02018,Multi-factor authentication is obligatory for all remote system access.,1,COMPLIANT,CE4_AccessControl,Cyber Essentials,MFA enabled on remote/cloud/internet-facing access,llm_paraphrase,S0073,Multi-factor authentication is enabled for all remote access to our systems.,True,train
P02019,Our systems' remote access protocol requires multi-factor authentication.,1,COMPLIANT,CE4_AccessControl,Cyber Essentials,MFA enabled on remote/cloud/internet-facing access,llm_paraphrase,S0073,Multi-factor authentication is enabled for all remote access to our systems.,True,train
P02020,Multi-factor authentication is compulsory for all remote access to our systems.,1,COMPLIANT,CE4_AccessControl,Cyber Essentials,MFA enabled on remote/cloud/internet-facing access,llm_paraphrase,S0073,Multi-factor authentication is enabled for all remote access to our systems.,True,train
P02021,Staff use a second factor to sign in to our cloud care records,1,COMPLIANT,CE4_AccessControl,Cyber Essentials,MFA enabled on remote/cloud/internet-facing access,llm_paraphrase,S0074,Staff must use a second factor to sign in to our cloud care records.,True,train
P02022,,1,COMPLIANT,CE4_AccessControl,Cyber Essentials,MFA enabled on remote/cloud/internet-facing access,llm_paraphrase,S0074,Staff must use a second factor to sign in to our cloud care records.,True,train
P02023,All staff use a second factor when accessing our cloud care records,1,COMPLIANT,CE4_AccessControl,Cyber Essentials,MFA enabled on remote/cloud/internet-facing access,llm_paraphrase,S0074,Staff must use a second factor to sign in to our cloud care records.,True,train
P02024,"In order to secure our cloud care records, staff utilise a second factor for sign-in",1,COMPLIANT,CE4_AccessControl,Cyber Essentials,MFA enabled on remote/cloud/internet-facing access,llm_paraphrase,S0074,Staff must use a second factor to sign in to our cloud care records.,True,train
P02025,Our cloud care records require staff to use a second factor for sign-in,1,COMPLIANT,CE4_AccessControl,Cyber Essentials,MFA enabled on remote/cloud/internet-facing access,llm_paraphrase,S0074,Staff must use a second factor to sign in to our cloud care records.,True,train
P02026,All staff are use a second factor to access and sign in to our cloud care records,1,COMPLIANT,CE4_AccessControl,Cyber Essentials,MFA enabled on remote/cloud/internet-facing access,llm_paraphrase,S0074,Staff must use a second factor to sign in to our cloud care records.,True,train
P02027,Our email accounts are secured with multi-factor authentication.,1,COMPLIANT,CE4_AccessControl,Cyber Essentials,MFA enabled on remote/cloud/internet-facing access,llm_paraphrase,S0075,Our email accounts are protected by multi-factor authentication.,True,train
P02028,Multi-factor authentication is enforced on all staff email accounts.,1,COMPLIANT,CE4_AccessControl,Cyber Essentials,MFA enabled on remote/cloud/internet-facing access,llm_paraphrase,S0075,Our email accounts are protected by multi-factor authentication.,True,train
P02029,Staff email accounts are protected by a mandatory multi-factor authentication requirement.,1,COMPLIANT,CE4_AccessControl,Cyber Essentials,MFA enabled on remote/cloud/internet-facing access,llm_paraphrase,S0075,Our email accounts are protected by multi-factor authentication.,True,train
P02030,All staff email accounts are authenticated via multi-factor authentication.,1,COMPLIANT,CE4_AccessControl,Cyber Essentials,MFA enabled on remote/cloud/internet-facing access,llm_paraphrase,S0075,Our email accounts are protected by multi-factor authentication.,True,train
P02031,Multi-factor authentication is a mandatory control for all staff email accounts.,1,COMPLIANT,CE4_AccessControl,Cyber Essentials,MFA enabled on remote/cloud/internet-facing access,llm_paraphrase,S0075,Our email accounts are protected by multi-factor authentication.,True,train
P02032,Staff email accounts use multi-factor authentication to access corporate systems.,1,COMPLIANT,CE4_AccessControl,Cyber Essentials,MFA enabled on remote/cloud/internet-facing access,llm_paraphrase,S0075,Our email accounts are protected by multi-factor authentication.,True,train
P02033,Staff only access the systems and records relevant to their role.,1,COMPLIANT,CE4_AccessControl,Cyber Essentials,least-privilege access,llm_paraphrase,S0076,Staff only have access to the systems and records their role requires.,True,train
P02034,Access to all systems and records is strictly limited by role.,1,COMPLIANT,CE4_AccessControl,Cyber Essentials,least-privilege access,llm_paraphrase,S0076,Staff only have access to the systems and records their role requires.,True,train
P02035,Only staff with the required authorisation can access systems and records.,1,COMPLIANT,CE4_AccessControl,Cyber Essentials,least-privilege access,llm_paraphrase,S0076,Staff only have access to the systems and records their role requires.,True,train
P02036,Role-specific access controls are in place for all systems and records.,1,COMPLIANT,CE4_AccessControl,Cyber Essentials,least-privilege access,llm_paraphrase,S0076,Staff only have access to the systems and records their role requires.,True,train
P02037,Staff use only the systems and records allocated to their role.,1,COMPLIANT,CE4_AccessControl,Cyber Essentials,least-privilege access,llm_paraphrase,S0076,Staff only have access to the systems and records their role requires.,True,train
P02038,All systems and records are only accessible to staff with the necessary authorisation.,1,COMPLIANT,CE4_AccessControl,Cyber Essentials,least-privilege access,llm_paraphrase,S0076,Staff only have access to the systems and records their role requires.,True,train
P02039,Access rights are granted with least privilege and reviewed at regular intervals.,1,COMPLIANT,CE4_AccessControl,Cyber Essentials,least-privilege access,llm_paraphrase,S0077,Access rights are granted on a least-privilege basis and reviewed regularly.,True,train
P02040,"Access rights are granted in accordance with a least-privilege policy, which is reviewed regularly.",1,COMPLIANT,CE4_AccessControl,Cyber Essentials,least-privilege access,llm_paraphrase,S0077,Access rights are granted on a least-privilege basis and reviewed regularly.,True,train
P02041,"The granting of access rights is subject to least-privilege, with reviews conducted at regular intervals.",1,COMPLIANT,CE4_AccessControl,Cyber Essentials,least-privilege access,llm_paraphrase,S0077,Access rights are granted on a least-privilege basis and reviewed regularly.,True,train
P02042,Least-privilege access rights are granted and reviewed regularly to ensure compliance.,1,COMPLIANT,CE4_AccessControl,Cyber Essentials,least-privilege access,llm_paraphrase,S0077,Access rights are granted on a least-privilege basis and reviewed regularly.,True,train
P02043,Access rights are issued with least privilege and subject to regular review to maintain compliance.,1,COMPLIANT,CE4_AccessControl,Cyber Essentials,least-privilege access,llm_paraphrase,S0077,Access rights are granted on a least-privilege basis and reviewed regularly.,True,train
P02044,Access is granted with least privilege and reviewed at regular intervals to ensure adherence to policy.,1,COMPLIANT,CE4_AccessControl,Cyber Essentials,least-privilege access,llm_paraphrase,S0077,Access rights are granted on a least-privilege basis and reviewed regularly.,True,train
P02045,Care assistants have access to care plans but are restricted from accessing payroll information.,1,COMPLIANT,CE4_AccessControl,Cyber Essentials,least-privilege access,llm_paraphrase,S0078,Care assistants can view care plans but cannot access payroll information.,True,train
P02046,"All staff, including care assistants, can view care plans but not access payroll data.",1,COMPLIANT,CE4_AccessControl,Cyber Essentials,least-privilege access,llm_paraphrase,S0078,Care assistants can view care plans but cannot access payroll information.,True,train
P02047,Care assistants can access care plans but are denied access to confidential payroll information.,1,COMPLIANT,CE4_AccessControl,Cyber Essentials,least-privilege access,llm_paraphrase,S0078,Care assistants can view care plans but cannot access payroll information.,True,train
P02048,"In accordance with policy, care assistants can review care plans, but not access payroll records.",1,COMPLIANT,CE4_AccessControl,Cyber Essentials,least-privilege access,llm_paraphrase,S0078,Care assistants can view care plans but cannot access payroll information.,True,train
P02049,"Staff, including care assistants, are permitted to view care plans, but are not authorised to access payroll information.",1,COMPLIANT,CE4_AccessControl,Cyber Essentials,least-privilege access,llm_paraphrase,S0078,Care assistants can view care plans but cannot access payroll information.,True,train
P02050,Care assistants are permitted to view care plans but are not granted access to payroll data.,1,COMPLIANT,CE4_AccessControl,Cyber Essentials,least-privilege access,llm_paraphrase,S0078,Care assistants can view care plans but cannot access payroll information.,True,train
P02051,Administrator accounts are kept separate from the accounts used for daily operations.,1,COMPLIANT,CE4_AccessControl,Cyber Essentials,"separate admin accounts, not used for daily work",llm_paraphrase,S0079,Administrator accounts are separate from the accounts used for daily work.,True,train
P02052,"The administrator account not be used for routine tasks, maintaining separation from daily accounts.",1,COMPLIANT,CE4_AccessControl,Cyber Essentials,"separate admin accounts, not used for daily work",llm_paraphrase,S0079,Administrator accounts are separate from the accounts used for daily work.,True,train
P02053,Daily accounts are distinct from the administrator's account.,1,COMPLIANT,CE4_AccessControl,Cyber Essentials,"separate admin accounts, not used for daily work",llm_paraphrase,S0079,Administrator accounts are separate from the accounts used for daily work.,True,train
P02054,The administrator account is separate from daily accounts to preserve audit credibility.,1,COMPLIANT,CE4_AccessControl,Cyber Essentials,"separate admin accounts, not used for daily work",llm_paraphrase,S0079,Administrator accounts are separate from the accounts used for daily work.,True,train
P02056,The administrator account not be used for daily tasks.,1,COMPLIANT,CE4_AccessControl,Cyber Essentials,"separate admin accounts, not used for daily work",llm_paraphrase,S0079,Administrator accounts are separate from the accounts used for daily work.,True,train
P02057,The manager use a standard account for all emails.,1,COMPLIANT,CE4_AccessControl,Cyber Essentials,"separate admin accounts, not used for daily work",llm_paraphrase,S0080,The manager uses a standard account for email and a separate one for admin tasks.,True,train
P02058,All emails are sent from a standard account.,1,COMPLIANT,CE4_AccessControl,Cyber Essentials,"separate admin accounts, not used for daily work",llm_paraphrase,S0080,The manager uses a standard account for email and a separate one for admin tasks.,True,train
P02059,The manager is use a standard account for all email communications.,1,COMPLIANT,CE4_AccessControl,Cyber Essentials,"separate admin accounts, not used for daily work",llm_paraphrase,S0080,The manager uses a standard account for email and a separate one for admin tasks.,True,train
P02060,It is in place for the manager to use a standard account for emails.,1,COMPLIANT,CE4_AccessControl,Cyber Essentials,"separate admin accounts, not used for daily work",llm_paraphrase,S0080,The manager uses a standard account for email and a separate one for admin tasks.,True,train
P02061,The manager use a standard account for all emails and administrative tasks.,1,COMPLIANT,CE4_AccessControl,Cyber Essentials,"separate admin accounts, not used for daily work",llm_paraphrase,S0080,The manager uses a standard account for email and a separate one for admin tasks.,True,train
P02062,All emails and admin tasks are conducted using a standard account.,1,COMPLIANT,CE4_AccessControl,Cyber Essentials,"separate admin accounts, not used for daily work",llm_paraphrase,S0080,The manager uses a standard account for email and a separate one for admin tasks.,True,train
P02063,"Accounts are disabled on staff members' last working day, to prevent unauthorised access after leaving the role.",1,COMPLIANT,CE4_AccessControl,Cyber Essentials,leavers' accounts disabled promptly,llm_paraphrase,S0081,Accounts are disabled on a member of staff's last working day.,True,train
P02064,"From staff members' last working day, all accounts are disabled to ensure security post-employment.",1,COMPLIANT,CE4_AccessControl,Cyber Essentials,leavers' accounts disabled promptly,llm_paraphrase,S0081,Accounts are disabled on a member of staff's last working day.,True,train
P02065,"On a member of staff's last working day, their accounts are disabled to prevent access after leaving the organisation.",1,COMPLIANT,CE4_AccessControl,Cyber Essentials,leavers' accounts disabled promptly,llm_paraphrase,S0081,Accounts are disabled on a member of staff's last working day.,True,train
P02066,"Staff accounts are disabled from their last working day onwards, for security and compliance purposes.",1,COMPLIANT,CE4_AccessControl,Cyber Essentials,leavers' accounts disabled promptly,llm_paraphrase,S0081,Accounts are disabled on a member of staff's last working day.,True,train
P02067,"All staff accounts are disabled on their last working day, in line with organisational security protocols.",1,COMPLIANT,CE4_AccessControl,Cyber Essentials,leavers' accounts disabled promptly,llm_paraphrase,S0081,Accounts are disabled on a member of staff's last working day.,True,train
P02068,"Staff accounts are disabled on the day of their last working day, to maintain confidentiality and data protection.",1,COMPLIANT,CE4_AccessControl,Cyber Essentials,leavers' accounts disabled promptly,llm_paraphrase,S0081,Accounts are disabled on a member of staff's last working day.,True,train
P02093,Accounts are secured when multiple failed login attempts are detected.,1,COMPLIANT,CE4_AccessControl,Cyber Essentials,a strong password policy enforced,llm_paraphrase,S0086,Accounts lock after repeated failed sign-in attempts.,True,train
P02094,"Following multiple failed logins, accounts are locked to prevent access.",1,COMPLIANT,CE4_AccessControl,Cyber Essentials,a strong password policy enforced,llm_paraphrase,S0086,Accounts lock after repeated failed sign-in attempts.,True,train
P02095,A lockout threshold is breached when a set number of failed sign-in attempts occur.,1,COMPLIANT,CE4_AccessControl,Cyber Essentials,a strong password policy enforced,llm_paraphrase,S0086,Accounts lock after repeated failed sign-in attempts.,True,train
P02096,The system enforces account lockout after three consecutive failed login attempts.,1,COMPLIANT,CE4_AccessControl,Cyber Essentials,a strong password policy enforced,llm_paraphrase,S0086,Accounts lock after repeated failed sign-in attempts.,True,train
P02097,The system will lock accounts following a predetermined number of unsuccessful sign-in attempts.,1,COMPLIANT,CE4_AccessControl,Cyber Essentials,a strong password policy enforced,llm_paraphrase,S0086,Accounts lock after repeated failed sign-in attempts.,True,train
P02098,"When a specified number of failed login attempts are detected, the system immediately locks the account.",1,COMPLIANT,CE4_AccessControl,Cyber Essentials,a strong password policy enforced,llm_paraphrase,S0086,Accounts lock after repeated failed sign-in attempts.,True,train
P02099,It is not a requirement for remote access to the care system to utilise multi-factor authentication.,0,NON_COMPLIANT,CE4_AccessControl,Cyber Essentials,no MFA on remote/cloud access,llm_paraphrase,S0087,Remote access to the care system does not require multi-factor authentication.,True,train
P02100,Multi-factor authentication is not mandatory for remote access to the care system.,0,NON_COMPLIANT,CE4_AccessControl,Cyber Essentials,no MFA on remote/cloud access,llm_paraphrase,S0087,Remote access to the care system does not require multi-factor authentication.,True,train
P02101,There is no requirement for multi-factor authentication when accessing the care system remotely.,0,NON_COMPLIANT,CE4_AccessControl,Cyber Essentials,no MFA on remote/cloud access,llm_paraphrase,S0087,Remote access to the care system does not require multi-factor authentication.,True,train
P02102,Remote access to the care system is not subject to the need for multi-factor authentication.,0,NON_COMPLIANT,CE4_AccessControl,Cyber Essentials,no MFA on remote/cloud access,llm_paraphrase,S0087,Remote access to the care system does not require multi-factor authentication.,True,train
P02103,Staff must use a password to access email from home to ensure data protection,0,NON_COMPLIANT,CE4_AccessControl,Cyber Essentials,no MFA on remote/cloud access,llm_paraphrase,S0088,Staff can sign in to email from home using only a password.,True,train
P02104,Password is the sole authentication method for email access from home,0,NON_COMPLIANT,CE4_AccessControl,Cyber Essentials,no MFA on remote/cloud access,llm_paraphrase,S0088,Staff can sign in to email from home using only a password.,True,train
P02105,"To comply with data protection regulations, staff must use a password to access email from home",0,NON_COMPLIANT,CE4_AccessControl,Cyber Essentials,no MFA on remote/cloud access,llm_paraphrase,S0088,Staff can sign in to email from home using only a password.,True,train
P02106,"For staff to access email from home securely, a password is required",0,NON_COMPLIANT,CE4_AccessControl,Cyber Essentials,no MFA on remote/cloud access,llm_paraphrase,S0088,Staff can sign in to email from home using only a password.,True,train
P02107,Using only a password is the minimum authentication method for staff accessing email from home,0,NON_COMPLIANT,CE4_AccessControl,Cyber Essentials,no MFA on remote/cloud access,llm_paraphrase,S0088,Staff can sign in to email from home using only a password.,True,train
P02108,Staff must use a password to access email from home to maintain data confidentiality,0,NON_COMPLIANT,CE4_AccessControl,Cyber Essentials,no MFA on remote/cloud access,llm_paraphrase,S0088,Staff can sign in to email from home using only a password.,True,train
P02109,All staff members have unrestricted access to every resident's complete and up-to-date record.,0,NON_COMPLIANT,CE4_AccessControl,Cyber Essentials,staff have excessive or blanket access,llm_paraphrase,S0089,All staff can see every resident's full record regardless of their role.,True,train
P02110,Every member of staff has unobstructed view of the full resident record.,0,NON_COMPLIANT,CE4_AccessControl,Cyber Essentials,staff have excessive or blanket access,llm_paraphrase,S0089,All staff can see every resident's full record regardless of their role.,True,train
P02111,Staff members have 100% access to every resident's complete records at all times.,0,NON_COMPLIANT,CE4_AccessControl,Cyber Essentials,staff have excessive or blanket access,llm_paraphrase,S0089,All staff can see every resident's full record regardless of their role.,True,train
P02112,All staff roles carry the responsibility of reviewing the full resident record.,0,NON_COMPLIANT,CE4_AccessControl,Cyber Essentials,staff have excessive or blanket access,llm_paraphrase,S0089,All staff can see every resident's full record regardless of their role.,True,train
P02113,It is compulsory that all staff members can view every resident's full record.,0,NON_COMPLIANT,CE4_AccessControl,Cyber Essentials,staff have excessive or blanket access,llm_paraphrase,S0089,All staff can see every resident's full record regardless of their role.,True,train
P02114,All staff are required to have complete and unfiltered access to every resident's full record.,0,NON_COMPLIANT,CE4_AccessControl,Cyber Essentials,staff have excessive or blanket access,llm_paraphrase,S0089,All staff can see every resident's full record regardless of their role.,True,train
P02115,Kitchen staff have the same system access as senior care staff,0,NON_COMPLIANT,CE4_AccessControl,Cyber Essentials,staff have excessive or blanket access,llm_paraphrase,S0090,Kitchen staff have the same system access as senior care staff.,True,train
P02116,All kitchen staff possess equal access to the care home's IT system,0,NON_COMPLIANT,CE4_AccessControl,Cyber Essentials,staff have excessive or blanket access,llm_paraphrase,S0090,Kitchen staff have the same system access as senior care staff.,True,train
P02117,Access to the IT system is afforded to kitchen staff on an equal footing with senior staff,0,NON_COMPLIANT,CE4_AccessControl,Cyber Essentials,staff have excessive or blanket access,llm_paraphrase,S0090,Kitchen staff have the same system access as senior care staff.,True,train
P02118,Kitchen staff are granted equal access to the care home's computerised system,0,NON_COMPLIANT,CE4_AccessControl,Cyber Essentials,staff have excessive or blanket access,llm_paraphrase,S0090,Kitchen staff have the same system access as senior care staff.,True,train
P02119,Kitchen staff and senior care staff enjoy identical system access rights,0,NON_COMPLIANT,CE4_AccessControl,Cyber Essentials,staff have excessive or blanket access,llm_paraphrase,S0090,Kitchen staff have the same system access as senior care staff.,True,train
P02120,The IT system is equally accessible to kitchen and senior care staff,0,NON_COMPLIANT,CE4_AccessControl,Cyber Essentials,staff have excessive or blanket access,llm_paraphrase,S0090,Kitchen staff have the same system access as senior care staff.,True,train
P02127,The manager's use of the admin login for email and internet browsing is a critical security risk.,0,NON_COMPLIANT,CE4_AccessControl,Cyber Essentials,admin accounts used for everyday tasks,llm_paraphrase,S0092,The manager uses the admin login for email and browsing the internet.,True,train
P02128,"The admin login is not to be used for personal purposes, including email and internet browsing.",0,NON_COMPLIANT,CE4_AccessControl,Cyber Essentials,admin accounts used for everyday tasks,llm_paraphrase,S0092,The manager uses the admin login for email and browsing the internet.,True,train
P02129,Using the admin login for non-essential activities like email and internet browsing is a breach of security protocols.,0,NON_COMPLIANT,CE4_AccessControl,Cyber Essentials,admin accounts used for everyday tasks,llm_paraphrase,S0092,The manager uses the admin login for email and browsing the internet.,True,train
P02130,"Personal use of the admin login, including email and internet browsing, is strictly forbidden.",0,NON_COMPLIANT,CE4_AccessControl,Cyber Essentials,admin accounts used for everyday tasks,llm_paraphrase,S0092,The manager uses the admin login for email and browsing the internet.,True,train
P02131,"The manager's use of the admin login for non-work-related activities, such as email and browsing the internet, is unacceptable.",0,NON_COMPLIANT,CE4_AccessControl,Cyber Essentials,admin accounts used for everyday tasks,llm_paraphrase,S0092,The manager uses the admin login for email and browsing the internet.,True,train
P02132,"It is not permitted to use the admin login for email or internet browsing purposes, as this compromises security.",0,NON_COMPLIANT,CE4_AccessControl,Cyber Essentials,admin accounts used for everyday tasks,llm_paraphrase,S0092,The manager uses the admin login for email and browsing the internet.,True,train
P02133,Staff are expected to terminate logins immediately upon leaving the premises,0,NON_COMPLIANT,CE4_AccessControl,Cyber Essentials,former staff accounts still active,llm_paraphrase,S0093,Staff who left the home still have working logins to the care system.,True,train
P02134,All staff must exit the care system upon departure from the home,0,NON_COMPLIANT,CE4_AccessControl,Cyber Essentials,former staff accounts still active,llm_paraphrase,S0093,Staff who left the home still have working logins to the care system.,True,train
P02135,Failure to do so constitutes a breach of home policies,0,NON_COMPLIANT,CE4_AccessControl,Cyber Essentials,former staff accounts still active,llm_paraphrase,S0093,Staff who left the home still have working logins to the care system.,True,train
P02136,Leaving staff must close all care system accounts immediately,0,NON_COMPLIANT,CE4_AccessControl,Cyber Essentials,former staff accounts still active,llm_paraphrase,S0093,Staff who left the home still have working logins to the care system.,True,train
P02137,Staff terminating their employment must cancel their care system access,0,NON_COMPLIANT,CE4_AccessControl,Cyber Essentials,former staff accounts still active,llm_paraphrase,S0093,Staff who left the home still have working logins to the care system.,True,train
P02138,Staff who leave the home must terminate their care system account,0,NON_COMPLIANT,CE4_AccessControl,Cyber Essentials,former staff accounts still active,llm_paraphrase,S0093,Staff who left the home still have working logins to the care system.,True,train
P02139,Accounts are regularly reviewed for removal when no longer required.,0,NON_COMPLIANT,CE4_AccessControl,Cyber Essentials,former staff accounts still active,llm_paraphrase,S0094,Accounts are only removed when someone notices they are no longer needed.,True,train
P02140,Removing accounts is a regular process triggered by staff notification of no longer needed.,0,NON_COMPLIANT,CE4_AccessControl,Cyber Essentials,former staff accounts still active,llm_paraphrase,S0094,Accounts are only removed when someone notices they are no longer needed.,True,train
P02141,All accounts are periodically reviewed and removed when their usage ceases.,0,NON_COMPLIANT,CE4_AccessControl,Cyber Essentials,former staff accounts still active,llm_paraphrase,S0094,Accounts are only removed when someone notices they are no longer needed.,True,train
P02142,Notification from staff confirms account removal is necessary when usage ceases.,0,NON_COMPLIANT,CE4_AccessControl,Cyber Essentials,former staff accounts still active,llm_paraphrase,S0094,Accounts are only removed when someone notices they are no longer needed.,True,train
P02143,Accounts are subject to regular review and removal when staff no longer require their use.,0,NON_COMPLIANT,CE4_AccessControl,Cyber Essentials,former staff accounts still active,llm_paraphrase,S0094,Accounts are only removed when someone notices they are no longer needed.,True,train
P02144,Removal of accounts is triggered by staff notification of no longer required usage.,0,NON_COMPLIANT,CE4_AccessControl,Cyber Essentials,former staff accounts still active,llm_paraphrase,S0094,Accounts are only removed when someone notices they are no longer needed.,True,train
P02145,All staff must use a single login for the care records system to maintain confidentiality and data integrity.,0,NON_COMPLIANT,CE4_AccessControl,Cyber Essentials,shared/generic accounts or shared passwords,llm_paraphrase,S0095,Staff share a single login for the care records system.,True,train
P02146,The staff single login for the care records system is mandatory for all staff members.,0,NON_COMPLIANT,CE4_AccessControl,Cyber Essentials,shared/generic accounts or shared passwords,llm_paraphrase,S0095,Staff share a single login for the care records system.,True,train
P02147,Staff are required to use a single login for the care records system.,0,NON_COMPLIANT,CE4_AccessControl,Cyber Essentials,shared/generic accounts or shared passwords,llm_paraphrase,S0095,Staff share a single login for the care records system.,True,train
P02148,The single login for the care records system is mandatory for all staff to prevent multiple sign-ons.,0,NON_COMPLIANT,CE4_AccessControl,Cyber Essentials,shared/generic accounts or shared passwords,llm_paraphrase,S0095,Staff share a single login for the care records system.,True,train
P02149,Staff are expected to use a single login for the care records system at all times.,0,NON_COMPLIANT,CE4_AccessControl,Cyber Essentials,shared/generic accounts or shared passwords,llm_paraphrase,S0095,Staff share a single login for the care records system.,True,train
P02150,Using a single login for the care records system is compulsory for all staff members.,0,NON_COMPLIANT,CE4_AccessControl,Cyber Essentials,shared/generic accounts or shared passwords,llm_paraphrase,S0095,Staff share a single login for the care records system.,True,train
P02157,Staff record care notes using a shared generic account,0,NON_COMPLIANT,CE4_AccessControl,Cyber Essentials,shared/generic accounts or shared passwords,llm_paraphrase,S0097,Night staff use a shared generic account to record care notes.,True,train
P02158,All night staff must use the same generic account for care note recording,0,NON_COMPLIANT,CE4_AccessControl,Cyber Essentials,shared/generic accounts or shared passwords,llm_paraphrase,S0097,Night staff use a shared generic account to record care notes.,True,train
P02159,The use of a single generic account is mandatory for all night staff recorders of care notes,0,NON_COMPLIANT,CE4_AccessControl,Cyber Essentials,shared/generic accounts or shared passwords,llm_paraphrase,S0097,Night staff use a shared generic account to record care notes.,True,train
P02160,Care notes must be recorded using the shared generic account provided by management,0,NON_COMPLIANT,CE4_AccessControl,Cyber Essentials,shared/generic accounts or shared passwords,llm_paraphrase,S0097,Night staff use a shared generic account to record care notes.,True,train
P02161,Night staff are required to use the same generic account to document all care notes,0,NON_COMPLIANT,CE4_AccessControl,Cyber Essentials,shared/generic accounts or shared passwords,llm_paraphrase,S0097,Night staff use a shared generic account to record care notes.,True,train
P02162,The use of a designated generic account is a mandatory procedure for all night staff when recording care notes,0,NON_COMPLIANT,CE4_AccessControl,Cyber Essentials,shared/generic accounts or shared passwords,llm_paraphrase,S0097,Night staff use a shared generic account to record care notes.,True,train
P02175,Accounts do not lock out after repeated failed login attempts as specified in our IT policy.,0,NON_COMPLIANT,CE4_AccessControl,Cyber Essentials,no password policy / weak or default passwords,llm_paraphrase,S0100,Accounts do not lock out after repeated failed login attempts.,True,train
P02176,All staff are required to comply with our policy of locking out accounts following repeated failed login attempts.,0,NON_COMPLIANT,CE4_AccessControl,Cyber Essentials,no password policy / weak or default passwords,llm_paraphrase,S0100,Accounts do not lock out after repeated failed login attempts.,True,train
P02177,Repeated failed login attempts do not trigger account locking in accordance with our staff handbook guidance.,0,NON_COMPLIANT,CE4_AccessControl,Cyber Essentials,no password policy / weak or default passwords,llm_paraphrase,S0100,Accounts do not lock out after repeated failed login attempts.,True,train
P02178,It is mandatory that our system locks out accounts following multiple unsuccessful login attempts.,0,NON_COMPLIANT,CE4_AccessControl,Cyber Essentials,no password policy / weak or default passwords,llm_paraphrase,S0100,Accounts do not lock out after repeated failed login attempts.,True,train
P02179,Our IT policy states that accounts are not locked out after repeated failed login attempts.,0,NON_COMPLIANT,CE4_AccessControl,Cyber Essentials,no password policy / weak or default passwords,llm_paraphrase,S0100,Accounts do not lock out after repeated failed login attempts.,True,train
P02180,Staff are expected to follow our policy and lock out accounts immediately after three consecutive failed login attempts.,0,NON_COMPLIANT,CE4_AccessControl,Cyber Essentials,no password policy / weak or default passwords,llm_paraphrase,S0100,Accounts do not lock out after repeated failed login attempts.,True,train
P02187,All Windows devices are currently protected by Microsoft Defender.,1,COMPLIANT,CE5_Malware,Cyber Essentials,anti-malware installed and active on all devices,llm_paraphrase,S0102,Microsoft Defender is active on all our Windows devices.,True,train
P02188,Microsoft Defender is enabled on all our Windows devices at all times.,1,COMPLIANT,CE5_Malware,Cyber Essentials,anti-malware installed and active on all devices,llm_paraphrase,S0102,Microsoft Defender is active on all our Windows devices.,True,train
P02189,Our Windows devices are fully protected by Microsoft Defender.,1,COMPLIANT,CE5_Malware,Cyber Essentials,anti-malware installed and active on all devices,llm_paraphrase,S0102,Microsoft Defender is active on all our Windows devices.,True,train
P02190,Microsoft Defender is enabled on every Windows device in our care home.,1,COMPLIANT,CE5_Malware,Cyber Essentials,anti-malware installed and active on all devices,llm_paraphrase,S0102,Microsoft Defender is active on all our Windows devices.,True,train
P02191,All Windows devices in our care home are currently protected by Microsoft Defender.,1,COMPLIANT,CE5_Malware,Cyber Essentials,anti-malware installed and active on all devices,llm_paraphrase,S0102,Microsoft Defender is active on all our Windows devices.,True,train
P02192,"All laptops, including those used remotely, have malware protection activated.",1,COMPLIANT,CE5_Malware,Cyber Essentials,anti-malware installed and active on all devices,llm_paraphrase,S0103,"Every laptop, including those used off-site, has malware protection enabled.",True,train
P02193,Remote laptops have malware protection enabled at all times.,1,COMPLIANT,CE5_Malware,Cyber Essentials,anti-malware installed and active on all devices,llm_paraphrase,S0103,"Every laptop, including those used off-site, has malware protection enabled.",True,train
P02194,Malware protection is required for all laptops used off-site.,1,COMPLIANT,CE5_Malware,Cyber Essentials,anti-malware installed and active on all devices,llm_paraphrase,S0103,"Every laptop, including those used off-site, has malware protection enabled.",True,train
P02195,All laptops used off-site are protected by malware software.,1,COMPLIANT,CE5_Malware,Cyber Essentials,anti-malware installed and active on all devices,llm_paraphrase,S0103,"Every laptop, including those used off-site, has malware protection enabled.",True,train
P02196,Laptops used off-site are not permitted without active malware protection.,1,COMPLIANT,CE5_Malware,Cyber Essentials,anti-malware installed and active on all devices,llm_paraphrase,S0103,"Every laptop, including those used off-site, has malware protection enabled.",True,train
P02197,Remote laptops have malware protection software activated prior to use.,1,COMPLIANT,CE5_Malware,Cyber Essentials,anti-malware installed and active on all devices,llm_paraphrase,S0103,"Every laptop, including those used off-site, has malware protection enabled.",True,train
P02198,Malware definitions are updated daily on all protected devices to ensure timely protection.,1,COMPLIANT,CE5_Malware,Cyber Essentials,malware definitions kept up to date,llm_paraphrase,S0104,Malware definitions are updated daily on all protected devices.,True,train
P02199,Protected devices require daily malware definition updates.,1,COMPLIANT,CE5_Malware,Cyber Essentials,malware definitions kept up to date,llm_paraphrase,S0104,Malware definitions are updated daily on all protected devices.,True,train
P02200,All protected devices have their malware definitions updated daily.,1,COMPLIANT,CE5_Malware,Cyber Essentials,malware definitions kept up to date,llm_paraphrase,S0104,Malware definitions are updated daily on all protected devices.,True,train
P02201,Daily malware definition updates are in place on all protected devices.,1,COMPLIANT,CE5_Malware,Cyber Essentials,malware definitions kept up to date,llm_paraphrase,S0104,Malware definitions are updated daily on all protected devices.,True,train
P02202,Protection on all devices depends on daily malware definition updates.,1,COMPLIANT,CE5_Malware,Cyber Essentials,malware definitions kept up to date,llm_paraphrase,S0104,Malware definitions are updated daily on all protected devices.,True,train
P02203,Daily malware definition updates are compulsory on all protected devices.,1,COMPLIANT,CE5_Malware,Cyber Essentials,malware definitions kept up to date,llm_paraphrase,S0104,Malware definitions are updated daily on all protected devices.,True,train
P02204,Our anti-virus software updates itself automatically daily to maintain current protection levels.,1,COMPLIANT,CE5_Malware,Cyber Essentials,malware definitions kept up to date,llm_paraphrase,S0105,Our anti-virus software updates itself automatically each day.,True,train
P02205,The daily automated update of our anti-virus software ensures ongoing security measures are fully up-to-date.,1,COMPLIANT,CE5_Malware,Cyber Essentials,malware definitions kept up to date,llm_paraphrase,S0105,Our anti-virus software updates itself automatically each day.,True,train
P02206,Compliance requires that our anti-virus software be updated automatically each day.,1,COMPLIANT,CE5_Malware,Cyber Essentials,malware definitions kept up to date,llm_paraphrase,S0105,Our anti-virus software updates itself automatically each day.,True,train
P02207,Daily automatic updates of our anti-virus software are in place for maintaining current protection levels.,1,COMPLIANT,CE5_Malware,Cyber Essentials,malware definitions kept up to date,llm_paraphrase,S0105,Our anti-virus software updates itself automatically each day.,True,train
P02208,The automated daily update of our anti-virus software is a critical component of our security protocol.,1,COMPLIANT,CE5_Malware,Cyber Essentials,malware definitions kept up to date,llm_paraphrase,S0105,Our anti-virus software updates itself automatically each day.,True,train
P02209,All staff are reminded that our anti-virus software are updated automatically each day.,1,COMPLIANT,CE5_Malware,Cyber Essentials,malware definitions kept up to date,llm_paraphrase,S0105,Our anti-virus software updates itself automatically each day.,True,train
P02221,Web filtering ensures staff cannot access malicious websites.,1,COMPLIANT,CE5_Malware,Cyber Essentials,web filtering blocking malicious sites,llm_paraphrase,S0108,Web filtering prevents staff from reaching known malicious websites.,True,train
P02222,The system prevents staff from accessing malicious websites.,1,COMPLIANT,CE5_Malware,Cyber Essentials,web filtering blocking malicious sites,llm_paraphrase,S0108,Web filtering prevents staff from reaching known malicious websites.,True,train
P02223,"To prevent access to malicious sites, web filtering is always in use.",1,COMPLIANT,CE5_Malware,Cyber Essentials,web filtering blocking malicious sites,llm_paraphrase,S0108,Web filtering prevents staff from reaching known malicious websites.,True,train
P02224,Staff cannot access known malicious websites due to web filtering.,1,COMPLIANT,CE5_Malware,Cyber Essentials,web filtering blocking malicious sites,llm_paraphrase,S0108,Web filtering prevents staff from reaching known malicious websites.,True,train
P02225,Web filtering is enforced to block access to malicious websites.,1,COMPLIANT,CE5_Malware,Cyber Essentials,web filtering blocking malicious sites,llm_paraphrase,S0108,Web filtering prevents staff from reaching known malicious websites.,True,train
P02226,All staff are prevented from accessing malicious websites by the active web filtering system.,1,COMPLIANT,CE5_Malware,Cyber Essentials,web filtering blocking malicious sites,llm_paraphrase,S0108,Web filtering prevents staff from reaching known malicious websites.,True,train
P02227,All applications require prior approval before installation.,1,COMPLIANT,CE5_Malware,Cyber Essentials,application allow-listing in place,llm_paraphrase,S0109,Only approved applications are permitted to run on our computers.,True,train
P02228,Running unapproved applications on our computers is strictly prohibited.,1,COMPLIANT,CE5_Malware,Cyber Essentials,application allow-listing in place,llm_paraphrase,S0109,Only approved applications are permitted to run on our computers.,True,train
P02229,Only approved software can be installed on our computers.,1,COMPLIANT,CE5_Malware,Cyber Essentials,application allow-listing in place,llm_paraphrase,S0109,Only approved applications are permitted to run on our computers.,True,train
P02230,Approved applications only can be executed on our computers.,1,COMPLIANT,CE5_Malware,Cyber Essentials,application allow-listing in place,llm_paraphrase,S0109,Only approved applications are permitted to run on our computers.,True,train
P02231,No unapproved applications may be run on our computers.,1,COMPLIANT,CE5_Malware,Cyber Essentials,application allow-listing in place,llm_paraphrase,S0109,Only approved applications are permitted to run on our computers.,True,train
P02232,Real-time scanning is enabled to check files as they are opened in real-time.,1,COMPLIANT,CE5_Malware,Cyber Essentials,real-time scanning enabled,llm_paraphrase,S0110,Real-time scanning is enabled so files are checked as they are opened.,True,train
P02233,Checking files as they are opened is mandated in our system.,1,COMPLIANT,CE5_Malware,Cyber Essentials,real-time scanning enabled,llm_paraphrase,S0110,Real-time scanning is enabled so files are checked as they are opened.,True,train
P02234,All file access is monitored and reviewed in real-time.,1,COMPLIANT,CE5_Malware,Cyber Essentials,real-time scanning enabled,llm_paraphrase,S0110,Real-time scanning is enabled so files are checked as they are opened.,True,train
P02235,Files are checked immediately upon opening as a security measure.,1,COMPLIANT,CE5_Malware,Cyber Essentials,real-time scanning enabled,llm_paraphrase,S0110,Real-time scanning is enabled so files are checked as they are opened.,True,train
P02236,Opening files triggers a real-time security check to ensure compliance.,1,COMPLIANT,CE5_Malware,Cyber Essentials,real-time scanning enabled,llm_paraphrase,S0110,Real-time scanning is enabled so files are checked as they are opened.,True,train
P02237,Real-time file scanning is a mandatory security protocol to ensure files are checked upon opening.,1,COMPLIANT,CE5_Malware,Cyber Essentials,real-time scanning enabled,llm_paraphrase,S0110,Real-time scanning is enabled so files are checked as they are opened.,True,train
P02238,Revisions to anti-malware software detections are monitored by our IT provider.,1,COMPLIANT,CE5_Malware,Cyber Essentials,anti-malware installed and active on all devices,llm_paraphrase,S0111,Detections from the anti-malware software are reviewed by our IT provider.,True,train
P02239,Our IT provider reviews detections from the anti-malware software.,1,COMPLIANT,CE5_Malware,Cyber Essentials,anti-malware installed and active on all devices,llm_paraphrase,S0111,Detections from the anti-malware software are reviewed by our IT provider.,True,train
P02240,All anti-malware software detection results are reviewed and validated by our IT provider.,1,COMPLIANT,CE5_Malware,Cyber Essentials,anti-malware installed and active on all devices,llm_paraphrase,S0111,Detections from the anti-malware software are reviewed by our IT provider.,True,train
P02241,The IT provider is responsible for reviewing all anti-malware software detection alerts.,1,COMPLIANT,CE5_Malware,Cyber Essentials,anti-malware installed and active on all devices,llm_paraphrase,S0111,Detections from the anti-malware software are reviewed by our IT provider.,True,train
P02242,Anti-malware software detection results are subject to regular review by our IT provider.,1,COMPLIANT,CE5_Malware,Cyber Essentials,anti-malware installed and active on all devices,llm_paraphrase,S0111,Detections from the anti-malware software are reviewed by our IT provider.,True,train
P02243,Our IT provider is the designated authority for reviewing and responding to anti-malware software detection incidents.,1,COMPLIANT,CE5_Malware,Cyber Essentials,anti-malware installed and active on all devices,llm_paraphrase,S0111,Detections from the anti-malware software are reviewed by our IT provider.,True,train
P02250,The care record system does not have installed malware protection.,0,NON_COMPLIANT,CE5_Malware,Cyber Essentials,no antivirus/anti-malware on devices,llm_paraphrase,S0113,There is no malware protection on the machine used for care records.,True,train
P02251,No malware protection is currently installed on the care records machine.,0,NON_COMPLIANT,CE5_Malware,Cyber Essentials,no antivirus/anti-malware on devices,llm_paraphrase,S0113,There is no malware protection on the machine used for care records.,True,train
P02252,We have confirmed that malware protection is not installed on the care records equipment.,0,NON_COMPLIANT,CE5_Malware,Cyber Essentials,no antivirus/anti-malware on devices,llm_paraphrase,S0113,There is no malware protection on the machine used for care records.,True,train
P02253,The care records machine does not have any malware protection installed.,0,NON_COMPLIANT,CE5_Malware,Cyber Essentials,no antivirus/anti-malware on devices,llm_paraphrase,S0113,There is no malware protection on the machine used for care records.,True,train
P02254,It has been confirmed that malware protection is not present on the care records computer.,0,NON_COMPLIANT,CE5_Malware,Cyber Essentials,no antivirus/anti-malware on devices,llm_paraphrase,S0113,There is no malware protection on the machine used for care records.,True,train
P02255,The care records system lacks installed malware protection.,0,NON_COMPLIANT,CE5_Malware,Cyber Essentials,no antivirus/anti-malware on devices,llm_paraphrase,S0113,There is no malware protection on the machine used for care records.,True,train
P02256,Staff utilise personal laptops lacking anti-virus software for work purposes,0,NON_COMPLIANT,CE5_Malware,Cyber Essentials,no antivirus/anti-malware on devices,llm_paraphrase,S0114,"Staff use their own laptops, which have no anti-virus protection.",True,train
P02257,Failure to equip personal laptops with anti-virus software is not permitted,0,NON_COMPLIANT,CE5_Malware,Cyber Essentials,no antivirus/anti-malware on devices,llm_paraphrase,S0114,"Staff use their own laptops, which have no anti-virus protection.",True,train
P02258,Personal laptops with no anti-virus protection are not permitted for work use,0,NON_COMPLIANT,CE5_Malware,Cyber Essentials,no antivirus/anti-malware on devices,llm_paraphrase,S0114,"Staff use their own laptops, which have no anti-virus protection.",True,train
P02259,Laptops used for work without anti-virus software are a compliance breach,0,NON_COMPLIANT,CE5_Malware,Cyber Essentials,no antivirus/anti-malware on devices,llm_paraphrase,S0114,"Staff use their own laptops, which have no anti-virus protection.",True,train
P02260,The use of personal laptops without anti-virus software constitutes a compliance failure,0,NON_COMPLIANT,CE5_Malware,Cyber Essentials,no antivirus/anti-malware on devices,llm_paraphrase,S0114,"Staff use their own laptops, which have no anti-virus protection.",True,train
P02261,The absence of anti-virus software on personal laptops used for work purposes is a non-compliant practice,0,NON_COMPLIANT,CE5_Malware,Cyber Essentials,no antivirus/anti-malware on devices,llm_paraphrase,S0114,"Staff use their own laptops, which have no anti-virus protection.",True,train
P02262,The anti-virus software on most devices is not fully up-to-date.,0,NON_COMPLIANT,CE5_Malware,Cyber Essentials,definitions out of date / not maintained,llm_paraphrase,S0115,The anti-virus definitions on most devices are several months out of date.,True,train
P02263,Our anti-virus definitions on most devices are several months past their recommended update date.,0,NON_COMPLIANT,CE5_Malware,Cyber Essentials,definitions out of date / not maintained,llm_paraphrase,S0115,The anti-virus definitions on most devices are several months out of date.,True,train
P02264,All devices have failed to receive the latest anti-virus definition updates.,0,NON_COMPLIANT,CE5_Malware,Cyber Essentials,definitions out of date / not maintained,llm_paraphrase,S0115,The anti-virus definitions on most devices are several months out of date.,True,train
P02265,Most devices have anti-virus definitions that are several months overdue for renewal.,0,NON_COMPLIANT,CE5_Malware,Cyber Essentials,definitions out of date / not maintained,llm_paraphrase,S0115,The anti-virus definitions on most devices are several months out of date.,True,train
P02266,We have identified several devices where anti-virus definitions have not been updated within the recommended timeframe.,0,NON_COMPLIANT,CE5_Malware,Cyber Essentials,definitions out of date / not maintained,llm_paraphrase,S0115,The anti-virus definitions on most devices are several months out of date.,True,train
P02267,"Some devices have anti-virus definitions that are several months out of date, as specified in our IT policy.",0,NON_COMPLIANT,CE5_Malware,Cyber Essentials,definitions out of date / not maintained,llm_paraphrase,S0115,The anti-virus definitions on most devices are several months out of date.,True,train
P02268,Malware protection is installed but has not updated since the last full system review.,0,NON_COMPLIANT,CE5_Malware,Cyber Essentials,definitions out of date / not maintained,llm_paraphrase,S0116,Malware protection is installed but has not updated since last year.,True,train
P02269,Critical: Malware protection has not been updated since the last annual system review.,0,NON_COMPLIANT,CE5_Malware,Cyber Essentials,definitions out of date / not maintained,llm_paraphrase,S0116,Malware protection is installed but has not updated since last year.,True,train
P02270,The installed malware protection system has not been updated since the last full system review.,0,NON_COMPLIANT,CE5_Malware,Cyber Essentials,definitions out of date / not maintained,llm_paraphrase,S0116,Malware protection is installed but has not updated since last year.,True,train
P02271,It is critical that malware protection is updated annually; as it has not been since the last review.,0,NON_COMPLIANT,CE5_Malware,Cyber Essentials,definitions out of date / not maintained,llm_paraphrase,S0116,Malware protection is installed but has not updated since last year.,True,train
P02272,The installed malware protection system has not been updated since the last review period.,0,NON_COMPLIANT,CE5_Malware,Cyber Essentials,definitions out of date / not maintained,llm_paraphrase,S0116,Malware protection is installed but has not updated since last year.,True,train
P02273,"Malware protection has not been updated since the last annual system review, as per policy.",0,NON_COMPLIANT,CE5_Malware,Cyber Essentials,definitions out of date / not maintained,llm_paraphrase,S0116,Malware protection is installed but has not updated since last year.,True,train
P02279,Malicious attachments are not filtered by our email system.,0,NON_COMPLIANT,CE5_Malware,Cyber Essentials,no email filtering for malware/phishing,llm_paraphrase,S0118,Malicious attachments reach staff inboxes because nothing filters them.,True,train
P02280,Staff inboxes are not protected from malicious attachments.,0,NON_COMPLIANT,CE5_Malware,Cyber Essentials,no email filtering for malware/phishing,llm_paraphrase,S0118,Malicious attachments reach staff inboxes because nothing filters them.,True,train
P02281,Our email system fails to filter out malicious attachments.,0,NON_COMPLIANT,CE5_Malware,Cyber Essentials,no email filtering for malware/phishing,llm_paraphrase,S0118,Malicious attachments reach staff inboxes because nothing filters them.,True,train
P02282,Unapproved attachments are not filtered by our system.,0,NON_COMPLIANT,CE5_Malware,Cyber Essentials,no email filtering for malware/phishing,llm_paraphrase,S0118,Malicious attachments reach staff inboxes because nothing filters them.,True,train
P02283,Malicious attachments reach our staff inboxes due to inadequate filtering.,0,NON_COMPLIANT,CE5_Malware,Cyber Essentials,no email filtering for malware/phishing,llm_paraphrase,S0118,Malicious attachments reach staff inboxes because nothing filters them.,True,train
P02284,Our email filters do not detect malicious attachments.,0,NON_COMPLIANT,CE5_Malware,Cyber Essentials,no email filtering for malware/phishing,llm_paraphrase,S0118,Malicious attachments reach staff inboxes because nothing filters them.,True,train
P02285,"Staff are permitted to access any website without filtering, posing a security risk.",0,NON_COMPLIANT,CE5_Malware,Cyber Essentials,"unrestricted web access, no filtering",llm_paraphrase,S0119,Staff can browse any website they like with no filtering in place.,True,train
P02286,All staff are allowed to browse any website without restriction.,0,NON_COMPLIANT,CE5_Malware,Cyber Essentials,"unrestricted web access, no filtering",llm_paraphrase,S0119,Staff can browse any website they like with no filtering in place.,True,train
P02287,The policy permits unfettered access to any website.,0,NON_COMPLIANT,CE5_Malware,Cyber Essentials,"unrestricted web access, no filtering",llm_paraphrase,S0119,Staff can browse any website they like with no filtering in place.,True,train
P02288,No filtering is in place when staff access any website.,0,NON_COMPLIANT,CE5_Malware,Cyber Essentials,"unrestricted web access, no filtering",llm_paraphrase,S0119,Staff can browse any website they like with no filtering in place.,True,train
P02289,Staff have unrestricted access to any website.,0,NON_COMPLIANT,CE5_Malware,Cyber Essentials,"unrestricted web access, no filtering",llm_paraphrase,S0119,Staff can browse any website they like with no filtering in place.,True,train
P02290,"Staff can access any website without filtering, compromising data integrity.",0,NON_COMPLIANT,CE5_Malware,Cyber Essentials,"unrestricted web access, no filtering",llm_paraphrase,S0119,Staff can browse any website they like with no filtering in place.,True,train
P02297,Anti-virus software is not functioning on office PCs as it has been disabled.,0,NON_COMPLIANT,CE5_Malware,Cyber Essentials,anti-malware installed but disabled/unmaintained,llm_paraphrase,S0121,Anti-virus is installed on the office PC but has been disabled.,True,train
P02298,The office PC's anti-virus software is not operational due to recent inactivation.,0,NON_COMPLIANT,CE5_Malware,Cyber Essentials,anti-malware installed but disabled/unmaintained,llm_paraphrase,S0121,Anti-virus is installed on the office PC but has been disabled.,True,train
P02299,It is not compliant with recommended security protocols as the office PC's anti-virus software is currently disabled.,0,NON_COMPLIANT,CE5_Malware,Cyber Essentials,anti-malware installed but disabled/unmaintained,llm_paraphrase,S0121,Anti-virus is installed on the office PC but has been disabled.,True,train
P02300,"Anti-virus software has been deliberately disabled on office PCs, compromising security.",0,NON_COMPLIANT,CE5_Malware,Cyber Essentials,anti-malware installed but disabled/unmaintained,llm_paraphrase,S0121,Anti-virus is installed on the office PC but has been disabled.,True,train
P02301,Compliance with IT security protocols is breached as the office PC's anti-virus software has been disabled.,0,NON_COMPLIANT,CE5_Malware,Cyber Essentials,anti-malware installed but disabled/unmaintained,llm_paraphrase,S0121,Anti-virus is installed on the office PC but has been disabled.,True,train
P02302,Anti-virus software on office PCs is non-functional and so remains disabled.,0,NON_COMPLIANT,CE5_Malware,Cyber Essentials,anti-malware installed but disabled/unmaintained,llm_paraphrase,S0121,Anti-virus is installed on the office PC but has been disabled.,True,train
P02303,Alerts from anti-virus software are not monitored or reviewed.,0,NON_COMPLIANT,CE5_Malware,Cyber Essentials,anti-malware installed but disabled/unmaintained,llm_paraphrase,S0122,Alerts from the anti-virus software are logged but never looked at.,True,train
P02304,Unattended alerts from anti-virus software are recorded but not investigated.,0,NON_COMPLIANT,CE5_Malware,Cyber Essentials,anti-malware installed but disabled/unmaintained,llm_paraphrase,S0122,Alerts from the anti-virus software are logged but never looked at.,True,train
P02305,The anti-virus software logs alerts that are not inspected.,0,NON_COMPLIANT,CE5_Malware,Cyber Essentials,anti-malware installed but disabled/unmaintained,llm_paraphrase,S0122,Alerts from the anti-virus software are logged but never looked at.,True,train
P02306,Unexamined alerts from the anti-virus software are recorded.,0,NON_COMPLIANT,CE5_Malware,Cyber Essentials,anti-malware installed but disabled/unmaintained,llm_paraphrase,S0122,Alerts from the anti-virus software are logged but never looked at.,True,train
P02307,Anti-virus alerts are logged but never reviewed or acted upon.,0,NON_COMPLIANT,CE5_Malware,Cyber Essentials,anti-malware installed but disabled/unmaintained,llm_paraphrase,S0122,Alerts from the anti-virus software are logged but never looked at.,True,train
P02308,Unattended anti-virus alerts are recorded in the system log.,0,NON_COMPLIANT,CE5_Malware,Cyber Essentials,anti-malware installed but disabled/unmaintained,llm_paraphrase,S0122,Alerts from the anti-virus software are logged but never looked at.,True,train
P02321,The designated key holder is responsible for maintaining resident confidentiality.,1,COMPLIANT,DSPT1_ConfidentialData,DSPT,clear accountability for confidential data,llm_paraphrase,S0125,Responsibility for confidential resident information is clearly assigned.,True,train
P02322,Clear lines of responsibility exist regarding resident information.,1,COMPLIANT,DSPT1_ConfidentialData,DSPT,clear accountability for confidential data,llm_paraphrase,S0125,Responsibility for confidential resident information is clearly assigned.,True,train
P02323,Proper segregation of duties is in place for confidential resident data.,1,COMPLIANT,DSPT1_ConfidentialData,DSPT,clear accountability for confidential data,llm_paraphrase,S0125,Responsibility for confidential resident information is clearly assigned.,True,train
P02324,Confidential resident information is clearly attributed to a designated custodian.,1,COMPLIANT,DSPT1_ConfidentialData,DSPT,clear accountability for confidential data,llm_paraphrase,S0125,Responsibility for confidential resident information is clearly assigned.,True,train
P02325,A clear assignment of responsibility for confidential information exists.,1,COMPLIANT,DSPT1_ConfidentialData,DSPT,clear accountability for confidential data,llm_paraphrase,S0125,Responsibility for confidential resident information is clearly assigned.,True,train
P02326,Resident confidentiality is formally assigned to a designated person.,1,COMPLIANT,DSPT1_ConfidentialData,DSPT,clear accountability for confidential data,llm_paraphrase,S0125,Responsibility for confidential resident information is clearly assigned.,True,train
P02327,The registered manager is accountable for data protection obligations.,1,COMPLIANT,DSPT1_ConfidentialData,DSPT,clear accountability for confidential data,llm_paraphrase,S0126,The registered manager holds overall accountability for data protection.,True,train
P02328,The manager is responsible for ensuring data protection compliance.,1,COMPLIANT,DSPT1_ConfidentialData,DSPT,clear accountability for confidential data,llm_paraphrase,S0126,The registered manager holds overall accountability for data protection.,True,train
P02329,Data protection falls within the registered manager's overall remit.,1,COMPLIANT,DSPT1_ConfidentialData,DSPT,clear accountability for confidential data,llm_paraphrase,S0126,The registered manager holds overall accountability for data protection.,True,train
P02330,The manager is the primary point of contact for data protection issues.,1,COMPLIANT,DSPT1_ConfidentialData,DSPT,clear accountability for confidential data,llm_paraphrase,S0126,The registered manager holds overall accountability for data protection.,True,train
P02331,Data protection is within the scope of the manager's responsibilities.,1,COMPLIANT,DSPT1_ConfidentialData,DSPT,clear accountability for confidential data,llm_paraphrase,S0126,The registered manager holds overall accountability for data protection.,True,train
P02332,The manager is accountable for ensuring all data protection protocols are in place.,1,COMPLIANT,DSPT1_ConfidentialData,DSPT,clear accountability for confidential data,llm_paraphrase,S0126,The registered manager holds overall accountability for data protection.,True,train
P02339,Care records are subject to strict confidentiality measures,1,COMPLIANT,DSPT1_ConfidentialData,DSPT,responsible handling of personal confidential data,llm_paraphrase,S0128,Care records are treated as confidential and handled accordingly.,True,train
P02340,All care records are handled in accordance with our data protection policies,1,COMPLIANT,DSPT1_ConfidentialData,DSPT,responsible handling of personal confidential data,llm_paraphrase,S0128,Care records are treated as confidential and handled accordingly.,True,train
P02341,Confidentiality of care records is of utmost importance,1,COMPLIANT,DSPT1_ConfidentialData,DSPT,responsible handling of personal confidential data,llm_paraphrase,S0128,Care records are treated as confidential and handled accordingly.,True,train
P02342,Care records are handled in accordance with our established confidentiality procedures,1,COMPLIANT,DSPT1_ConfidentialData,DSPT,responsible handling of personal confidential data,llm_paraphrase,S0128,Care records are treated as confidential and handled accordingly.,True,train
P02343,Our care records are treated with the utmost care and confidentiality,1,COMPLIANT,DSPT1_ConfidentialData,DSPT,responsible handling of personal confidential data,llm_paraphrase,S0128,Care records are treated as confidential and handled accordingly.,True,train
P02344,Confidentiality of care records is a fundamental aspect of our data handling protocols,1,COMPLIANT,DSPT1_ConfidentialData,DSPT,responsible handling of personal confidential data,llm_paraphrase,S0128,Care records are treated as confidential and handled accordingly.,True,train
P02357,Lack of clarity regarding data protection accountability has raised concerns about compliance.,0,NON_COMPLIANT,DSPT1_ConfidentialData,DSPT,no clarity on who is accountable,llm_paraphrase,S0131,It is unclear who is accountable for data protection at the home.,True,train
P02358,Accountability for data protection in the home remains unassigned.,0,NON_COMPLIANT,DSPT1_ConfidentialData,DSPT,no clarity on who is accountable,llm_paraphrase,S0131,It is unclear who is accountable for data protection at the home.,True,train
P02359,The current data protection arrangement at the home is lacking in clear ownership.,0,NON_COMPLIANT,DSPT1_ConfidentialData,DSPT,no clarity on who is accountable,llm_paraphrase,S0131,It is unclear who is accountable for data protection at the home.,True,train
P02360,A clear point of accountability for data protection has not been defined.,0,NON_COMPLIANT,DSPT1_ConfidentialData,DSPT,no clarity on who is accountable,llm_paraphrase,S0131,It is unclear who is accountable for data protection at the home.,True,train
P02361,Insufficient clarity on data protection ownership is a compliance risk.,0,NON_COMPLIANT,DSPT1_ConfidentialData,DSPT,no clarity on who is accountable,llm_paraphrase,S0131,It is unclear who is accountable for data protection at the home.,True,train
P02362,"Data protection accountability remains undefined, compromising the home's regulatory compliance.",0,NON_COMPLIANT,DSPT1_ConfidentialData,DSPT,no clarity on who is accountable,llm_paraphrase,S0131,It is unclear who is accountable for data protection at the home.,True,train
P02363,No staff member has been formally allocated responsibility for handling confidential information.,0,NON_COMPLIANT,DSPT1_ConfidentialData,DSPT,no clarity on who is accountable,llm_paraphrase,S0132,Nobody has been given responsibility for confidential information.,True,train
P02364,The lack of a designated person for confidential information has been identified as a compliance issue.,0,NON_COMPLIANT,DSPT1_ConfidentialData,DSPT,no clarity on who is accountable,llm_paraphrase,S0132,Nobody has been given responsibility for confidential information.,True,train
P02365,Confidential information handling is not currently a designated role within the care home.,0,NON_COMPLIANT,DSPT1_ConfidentialData,DSPT,no clarity on who is accountable,llm_paraphrase,S0132,Nobody has been given responsibility for confidential information.,True,train
P02366,There is no staff member with formalised responsibility for maintaining confidentiality.,0,NON_COMPLIANT,DSPT1_ConfidentialData,DSPT,no clarity on who is accountable,llm_paraphrase,S0132,Nobody has been given responsibility for confidential information.,True,train
P02367,The policy on confidential information is not currently operational due to a lack of a designated person.,0,NON_COMPLIANT,DSPT1_ConfidentialData,DSPT,no clarity on who is accountable,llm_paraphrase,S0132,Nobody has been given responsibility for confidential information.,True,train
P02368,Confidential information is not being properly managed due to the absence of a designated handler.,0,NON_COMPLIANT,DSPT1_ConfidentialData,DSPT,no clarity on who is accountable,llm_paraphrase,S0132,Nobody has been given responsibility for confidential information.,True,train
P02375,Inadequate record-keeping has resulted in confidential handover notes being left in the staff room overnight.,0,NON_COMPLIANT,DSPT1_ConfidentialData,DSPT,careless or undefined handling of confidential data,llm_paraphrase,S0134,Confidential handover notes were left in the staff room overnight.,True,train
P02376,Confidential handover notes have been left in the staff room overnight.,0,NON_COMPLIANT,DSPT1_ConfidentialData,DSPT,careless or undefined handling of confidential data,llm_paraphrase,S0134,Confidential handover notes were left in the staff room overnight.,True,train
P02377,It is a compliance failure that confidential handover notes were left in the staff room overnight.,0,NON_COMPLIANT,DSPT1_ConfidentialData,DSPT,careless or undefined handling of confidential data,llm_paraphrase,S0134,Confidential handover notes were left in the staff room overnight.,True,train
P02378,Staff have failed to comply with policy by leaving confidential handover notes in the staff room overnight.,0,NON_COMPLIANT,DSPT1_ConfidentialData,DSPT,careless or undefined handling of confidential data,llm_paraphrase,S0134,Confidential handover notes were left in the staff room overnight.,True,train
P02379,Leaving confidential handover notes in the staff room overnight constitutes a compliance breach.,0,NON_COMPLIANT,DSPT1_ConfidentialData,DSPT,careless or undefined handling of confidential data,llm_paraphrase,S0134,Confidential handover notes were left in the staff room overnight.,True,train
P02380,Confidential handover notes have not been removed from the staff room overnight as per policy.,0,NON_COMPLIANT,DSPT1_ConfidentialData,DSPT,careless or undefined handling of confidential data,llm_paraphrase,S0134,Confidential handover notes were left in the staff room overnight.,True,train
P02381,Confidentiality obligations are formalised as part of every member of staff's contract.,1,COMPLIANT,DSPT2_StaffResponsibilities,DSPT,confidentiality/data terms included in staff contracts,llm_paraphrase,S0135,Confidentiality obligations are written into every member of staff's contract.,True,train
P02382,All staff members are contractually required to uphold confidentiality obligations.,1,COMPLIANT,DSPT2_StaffResponsibilities,DSPT,confidentiality/data terms included in staff contracts,llm_paraphrase,S0135,Confidentiality obligations are written into every member of staff's contract.,True,train
P02383,Every member of staff's contract includes a clause specifying their obligations regarding confidentiality.,1,COMPLIANT,DSPT2_StaffResponsibilities,DSPT,confidentiality/data terms included in staff contracts,llm_paraphrase,S0135,Confidentiality obligations are written into every member of staff's contract.,True,train
P02384,It is a contractual requirement that all staff members adhere to confidentiality obligations.,1,COMPLIANT,DSPT2_StaffResponsibilities,DSPT,confidentiality/data terms included in staff contracts,llm_paraphrase,S0135,Confidentiality obligations are written into every member of staff's contract.,True,train
P02385,All new staff members are sign a contract that includes confidentiality obligations.,1,COMPLIANT,DSPT2_StaffResponsibilities,DSPT,confidentiality/data terms included in staff contracts,llm_paraphrase,S0135,Confidentiality obligations are written into every member of staff's contract.,True,train
P02392,Staff sign a confidentiality agreement before commencing employment with our service.,1,COMPLIANT,DSPT2_StaffResponsibilities,DSPT,confidentiality/data terms included in staff contracts,llm_paraphrase,S0137,Staff sign a confidentiality agreement when they join the service.,True,train
P02393,All new staff members are sign a confidentiality agreement before they start work.,1,COMPLIANT,DSPT2_StaffResponsibilities,DSPT,confidentiality/data terms included in staff contracts,llm_paraphrase,S0137,Staff sign a confidentiality agreement when they join the service.,True,train
P02394,The initial onboarding process for all new staff includes signing a confidentiality agreement.,1,COMPLIANT,DSPT2_StaffResponsibilities,DSPT,confidentiality/data terms included in staff contracts,llm_paraphrase,S0137,Staff sign a confidentiality agreement when they join the service.,True,train
P02395,"As a condition of employment, all staff complete and sign a confidentiality agreement.",1,COMPLIANT,DSPT2_StaffResponsibilities,DSPT,confidentiality/data terms included in staff contracts,llm_paraphrase,S0137,Staff sign a confidentiality agreement when they join the service.,True,train
P02396,"Before commencing work, new staff members are sign a confidentiality agreement.",1,COMPLIANT,DSPT2_StaffResponsibilities,DSPT,confidentiality/data terms included in staff contracts,llm_paraphrase,S0137,Staff sign a confidentiality agreement when they join the service.,True,train
P02397,All employees are sign a confidentiality agreement as a condition of their employment with our care home.,1,COMPLIANT,DSPT2_StaffResponsibilities,DSPT,confidentiality/data terms included in staff contracts,llm_paraphrase,S0137,Staff sign a confidentiality agreement when they join the service.,True,train
P02398,"Breaches of our data policy are subject to disciplinary action,",1,COMPLIANT,DSPT2_StaffResponsibilities,DSPT,breaches handled through a defined process,llm_paraphrase,S0138,Breaches of our data policy are dealt with through the disciplinary process.,True,train
P02399,"Disciplinary procedures are applied to individuals who breach our data policy,",1,COMPLIANT,DSPT2_StaffResponsibilities,DSPT,breaches handled through a defined process,llm_paraphrase,S0138,Breaches of our data policy are dealt with through the disciplinary process.,True,train
P02400,"Individuals who breach our data policy are subject to disciplinary measures,",1,COMPLIANT,DSPT2_StaffResponsibilities,DSPT,breaches handled through a defined process,llm_paraphrase,S0138,Breaches of our data policy are dealt with through the disciplinary process.,True,train
P02401,"Data policy breaches are handled through disciplinary action,",1,COMPLIANT,DSPT2_StaffResponsibilities,DSPT,breaches handled through a defined process,llm_paraphrase,S0138,Breaches of our data policy are dealt with through the disciplinary process.,True,train
P02402,"Data policy breaches are subject to disciplinary sanctions,",1,COMPLIANT,DSPT2_StaffResponsibilities,DSPT,breaches handled through a defined process,llm_paraphrase,S0138,Breaches of our data policy are dealt with through the disciplinary process.,True,train
P02403,Disciplinary action is taken against staff who fail to comply with our data policy.,1,COMPLIANT,DSPT2_StaffResponsibilities,DSPT,breaches handled through a defined process,llm_paraphrase,S0138,Breaches of our data policy are dealt with through the disciplinary process.,True,train
P02410,Data protection and confidentiality are not addressed in staff contracts.,0,NON_COMPLIANT,DSPT2_StaffResponsibilities,DSPT,no data responsibilities in contracts,llm_paraphrase,S0140,Staff contracts say nothing about data protection or confidentiality.,True,train
P02411,Staff contracts do not include provisions for data protection or confidentiality.,0,NON_COMPLIANT,DSPT2_StaffResponsibilities,DSPT,no data responsibilities in contracts,llm_paraphrase,S0140,Staff contracts say nothing about data protection or confidentiality.,True,train
P02412,There is no data protection or confidentiality information in staff contracts.,0,NON_COMPLIANT,DSPT2_StaffResponsibilities,DSPT,no data responsibilities in contracts,llm_paraphrase,S0140,Staff contracts say nothing about data protection or confidentiality.,True,train
P02413,Staff contracts are deficient in terms of data protection and confidentiality arrangements.,0,NON_COMPLIANT,DSPT2_StaffResponsibilities,DSPT,no data responsibilities in contracts,llm_paraphrase,S0140,Staff contracts say nothing about data protection or confidentiality.,True,train
P02414,Data protection and confidentiality are absent from staff contracts.,0,NON_COMPLIANT,DSPT2_StaffResponsibilities,DSPT,no data responsibilities in contracts,llm_paraphrase,S0140,Staff contracts say nothing about data protection or confidentiality.,True,train
P02415,Staff contracts fail to specify data protection and confidentiality requirements.,0,NON_COMPLIANT,DSPT2_StaffResponsibilities,DSPT,no data responsibilities in contracts,llm_paraphrase,S0140,Staff contracts say nothing about data protection or confidentiality.,True,train
P02422,A data policy breach has been identified without subsequent corrective action being taken.,0,NON_COMPLIANT,DSPT2_StaffResponsibilities,DSPT,breaches ignored or not acted upon,llm_paraphrase,S0142,Data policy breaches have occurred but no action was taken.,True,train
P02423,Failures in data policy have been recorded but no rectification has occurred.,0,NON_COMPLIANT,DSPT2_StaffResponsibilities,DSPT,breaches ignored or not acted upon,llm_paraphrase,S0142,Data policy breaches have occurred but no action was taken.,True,train
P02424,"There have been breaches of data policy, yet no remedial action has been taken.",0,NON_COMPLIANT,DSPT2_StaffResponsibilities,DSPT,breaches ignored or not acted upon,llm_paraphrase,S0142,Data policy breaches have occurred but no action was taken.,True,train
P02425,"Data policy breaches have been detected, but no subsequent correction has been implemented.",0,NON_COMPLIANT,DSPT2_StaffResponsibilities,DSPT,breaches ignored or not acted upon,llm_paraphrase,S0142,Data policy breaches have occurred but no action was taken.,True,train
P02426,We have identified data policy breaches without subsequently taking corrective action.,0,NON_COMPLIANT,DSPT2_StaffResponsibilities,DSPT,breaches ignored or not acted upon,llm_paraphrase,S0142,Data policy breaches have occurred but no action was taken.,True,train
P02427,Data policy non-compliance has been detected without prompt remediation.,0,NON_COMPLIANT,DSPT2_StaffResponsibilities,DSPT,breaches ignored or not acted upon,llm_paraphrase,S0142,Data policy breaches have occurred but no action was taken.,True,train
P02440,Information governance training is in place for all staff members annually,1,COMPLIANT,DSPT3_Training,DSPT,staff completed annual data security/IG training,llm_paraphrase,S0145,Information governance training is refreshed annually for the whole team.,True,train
P02441,Staff are complete annual information governance training,1,COMPLIANT,DSPT3_Training,DSPT,staff completed annual data security/IG training,llm_paraphrase,S0145,Information governance training is refreshed annually for the whole team.,True,train
P02442,Annual information governance training is compulsory for the entire team,1,COMPLIANT,DSPT3_Training,DSPT,staff completed annual data security/IG training,llm_paraphrase,S0145,Information governance training is refreshed annually for the whole team.,True,train
P02443,All staff undergo annual information governance training,1,COMPLIANT,DSPT3_Training,DSPT,staff completed annual data security/IG training,llm_paraphrase,S0145,Information governance training is refreshed annually for the whole team.,True,train
P02444,Information governance training is in place for all team members on an annual basis,1,COMPLIANT,DSPT3_Training,DSPT,staff completed annual data security/IG training,llm_paraphrase,S0145,Information governance training is refreshed annually for the whole team.,True,train
P02445,Staff are complete a mandatory annual information governance training programme,1,COMPLIANT,DSPT3_Training,DSPT,staff completed annual data security/IG training,llm_paraphrase,S0145,Information governance training is refreshed annually for the whole team.,True,train
P02446,All care home staff completed their data security module in the current calendar year.,1,COMPLIANT,DSPT3_Training,DSPT,staff completed annual data security/IG training,llm_paraphrase,S0146,Every member of staff completed their data security module this year.,True,train
P02447,All staff complete their data security module by the end of the year.,1,COMPLIANT,DSPT3_Training,DSPT,staff completed annual data security/IG training,llm_paraphrase,S0146,Every member of staff completed their data security module this year.,True,train
P02448,The data security module for all care home staff are completed by 31st December.,1,COMPLIANT,DSPT3_Training,DSPT,staff completed annual data security/IG training,llm_paraphrase,S0146,Every member of staff completed their data security module this year.,True,train
P02449,All care home employees are undertake their data security training by the end of the year.,1,COMPLIANT,DSPT3_Training,DSPT,staff completed annual data security/IG training,llm_paraphrase,S0146,Every member of staff completed their data security module this year.,True,train
P02450,It is a regulatory requirement that all staff complete their data security module by the year-end deadline.,1,COMPLIANT,DSPT3_Training,DSPT,staff completed annual data security/IG training,llm_paraphrase,S0146,Every member of staff completed their data security module this year.,True,train
P02451,Staff are complete their data security module in the current calendar year as per the Care Quality Commission guidelines.,1,COMPLIANT,DSPT3_Training,DSPT,staff completed annual data security/IG training,llm_paraphrase,S0146,Every member of staff completed their data security module this year.,True,train
P02452,All new starters undergo data security training as part of their induction process.,1,COMPLIANT,DSPT3_Training,DSPT,training completed at induction,llm_paraphrase,S0147,New starters receive data security training during their induction.,True,train
P02453,New staff members are complete data security training during their induction.,1,COMPLIANT,DSPT3_Training,DSPT,training completed at induction,llm_paraphrase,S0147,New starters receive data security training during their induction.,True,train
P02454,New starters are complete data security training during the induction period.,1,COMPLIANT,DSPT3_Training,DSPT,training completed at induction,llm_paraphrase,S0147,New starters receive data security training during their induction.,True,train
P02455,"As part of the induction process, all new starters are receive data security training.",1,COMPLIANT,DSPT3_Training,DSPT,training completed at induction,llm_paraphrase,S0147,New starters receive data security training during their induction.,True,train
P02456,Data security training is compulsory for all new staff members during the induction period.,1,COMPLIANT,DSPT3_Training,DSPT,training completed at induction,llm_paraphrase,S0147,New starters receive data security training during their induction.,True,train
P02457,"Information governance is part of our induction programme, covered in the first week",1,COMPLIANT,DSPT3_Training,DSPT,training completed at induction,llm_paraphrase,S0148,Information governance is covered in the first week of induction.,True,train
P02458,"During the first week of induction, staff are introduced to information governance",1,COMPLIANT,DSPT3_Training,DSPT,training completed at induction,llm_paraphrase,S0148,Information governance is covered in the first week of induction.,True,train
P02459,"In line with our induction policy, information governance is addressed in the first week",1,COMPLIANT,DSPT3_Training,DSPT,training completed at induction,llm_paraphrase,S0148,Information governance is covered in the first week of induction.,True,train
P02460,Our induction process includes an information governance briefing in the first week,1,COMPLIANT,DSPT3_Training,DSPT,training completed at induction,llm_paraphrase,S0148,Information governance is covered in the first week of induction.,True,train
P02461,The first week of induction includes an information governance briefing,1,COMPLIANT,DSPT3_Training,DSPT,training completed at induction,llm_paraphrase,S0148,Information governance is covered in the first week of induction.,True,train
P02462,"Information governance is integrated into our induction programme, starting with the first week",1,COMPLIANT,DSPT3_Training,DSPT,training completed at induction,llm_paraphrase,S0148,Information governance is covered in the first week of induction.,True,train
P02469,All staff members are fully compliant with data security protocols as per our training matrix.,1,COMPLIANT,DSPT3_Training,DSPT,high completion rates recorded,llm_paraphrase,S0150,Our training matrix shows all staff are up to date on data security.,True,train
P02470,Our training programme ensures all staff are up to date on data security procedures.,1,COMPLIANT,DSPT3_Training,DSPT,high completion rates recorded,llm_paraphrase,S0150,Our training matrix shows all staff are up to date on data security.,True,train
P02471,"Data security training is in place for all staff, and all are current as per our records.",1,COMPLIANT,DSPT3_Training,DSPT,high completion rates recorded,llm_paraphrase,S0150,Our training matrix shows all staff are up to date on data security.,True,train
P02472,Our staff training records confirm that all personnel are compliant with data security requirements.,1,COMPLIANT,DSPT3_Training,DSPT,high completion rates recorded,llm_paraphrase,S0150,Our training matrix shows all staff are up to date on data security.,True,train
P02473,The latest data security training for our staff confirms they are fully compliant with our policies.,1,COMPLIANT,DSPT3_Training,DSPT,high completion rates recorded,llm_paraphrase,S0150,Our training matrix shows all staff are up to date on data security.,True,train
P02474,Our training records show all staff are compliant with data security protocols and procedures.,1,COMPLIANT,DSPT3_Training,DSPT,high completion rates recorded,llm_paraphrase,S0150,Our training matrix shows all staff are up to date on data security.,True,train
P02481,Completion of mandatory data security assessments is recorded for all staff members.,1,COMPLIANT,DSPT3_Training,DSPT,mandatory test passed,llm_paraphrase,S0152,Completion of the mandatory data security assessment is tracked for every member of staff.,True,train
P02482,Mandatory data security assessments are monitored and staff records updated accordingly.,1,COMPLIANT,DSPT3_Training,DSPT,mandatory test passed,llm_paraphrase,S0152,Completion of the mandatory data security assessment is tracked for every member of staff.,True,train
P02483,"All staff complete mandatory data security assessments, which are then recorded in the system.",1,COMPLIANT,DSPT3_Training,DSPT,mandatory test passed,llm_paraphrase,S0152,Completion of the mandatory data security assessment is tracked for every member of staff.,True,train
P02484,Mandatory data security assessments are conducted for every member of staff and their records are updated.,1,COMPLIANT,DSPT3_Training,DSPT,mandatory test passed,llm_paraphrase,S0152,Completion of the mandatory data security assessment is tracked for every member of staff.,True,train
P02485,"All staff are complete mandatory data security assessments, which are then tracked in the system.",1,COMPLIANT,DSPT3_Training,DSPT,mandatory test passed,llm_paraphrase,S0152,Completion of the mandatory data security assessment is tracked for every member of staff.,True,train
P02486,Mandatory data security assessments are completed by all staff and recorded in the staff records.,1,COMPLIANT,DSPT3_Training,DSPT,mandatory test passed,llm_paraphrase,S0152,Completion of the mandatory data security assessment is tracked for every member of staff.,True,train
P02487,Staff undertake regular phishing awareness training to accurately identify and report suspicious emails.,1,COMPLIANT,DSPT3_Training,DSPT,phishing/awareness training delivered,llm_paraphrase,S0153,Staff receive phishing awareness training so they can spot suspicious emails.,True,train
P02488,All staff are receive phishing awareness training to enable them to spot and respond to suspicious emails.,1,COMPLIANT,DSPT3_Training,DSPT,phishing/awareness training delivered,llm_paraphrase,S0153,Staff receive phishing awareness training so they can spot suspicious emails.,True,train
P02489,Phishing awareness training is in place for all staff.,1,COMPLIANT,DSPT3_Training,DSPT,phishing/awareness training delivered,llm_paraphrase,S0153,Staff receive phishing awareness training so they can spot suspicious emails.,True,train
P02490,Staff are complete phishing awareness training to effectively identify and manage suspicious emails.,1,COMPLIANT,DSPT3_Training,DSPT,phishing/awareness training delivered,llm_paraphrase,S0153,Staff receive phishing awareness training so they can spot suspicious emails.,True,train
P02491,"Phishing awareness training is an essential component of staff training, enabling them to distinguish and report suspicious emails.",1,COMPLIANT,DSPT3_Training,DSPT,phishing/awareness training delivered,llm_paraphrase,S0153,Staff receive phishing awareness training so they can spot suspicious emails.,True,train
P02492,All staff are trained in phishing awareness to properly identify and respond to suspicious emails.,1,COMPLIANT,DSPT3_Training,DSPT,phishing/awareness training delivered,llm_paraphrase,S0153,Staff receive phishing awareness training so they can spot suspicious emails.,True,train
P02493,"We conduct regular awareness training sessions on cyber threats to inform our staff,",1,COMPLIANT,DSPT3_Training,DSPT,phishing/awareness training delivered,llm_paraphrase,S0154,We run regular awareness sessions on recognising cyber threats.,True,train
P02494,"Regular awareness training sessions on cyber threats are a mandatory part of our staff induction,",1,COMPLIANT,DSPT3_Training,DSPT,phishing/awareness training delivered,llm_paraphrase,S0154,We run regular awareness sessions on recognising cyber threats.,True,train
P02495,"Our staff undergo regular awareness training on cyber threats as a requirement of their employment,",1,COMPLIANT,DSPT3_Training,DSPT,phishing/awareness training delivered,llm_paraphrase,S0154,We run regular awareness sessions on recognising cyber threats.,True,train
P02496,"We conduct regular awareness sessions on cyber threats to ensure our staff are aware of potential security threats,",1,COMPLIANT,DSPT3_Training,DSPT,phishing/awareness training delivered,llm_paraphrase,S0154,We run regular awareness sessions on recognising cyber threats.,True,train
P02497,"Cyber threat awareness training is a mandatory requirement for all our staff members,",1,COMPLIANT,DSPT3_Training,DSPT,phishing/awareness training delivered,llm_paraphrase,S0154,We run regular awareness sessions on recognising cyber threats.,True,train
P02498,All our staff complete regular cyber threat awareness training sessions as part of our security protocol.,1,COMPLIANT,DSPT3_Training,DSPT,phishing/awareness training delivered,llm_paraphrase,S0154,We run regular awareness sessions on recognising cyber threats.,True,train
P02505,The annual data security training requirement is not met for the team.,0,NON_COMPLIANT,DSPT3_Training,DSPT,staff have not completed training,llm_paraphrase,S0156,There is no annual data security training for the team.,True,train
P02506,Data security training for the team is not currently provided.,0,NON_COMPLIANT,DSPT3_Training,DSPT,staff have not completed training,llm_paraphrase,S0156,There is no annual data security training for the team.,True,train
P02507,There is no provision for annual data security training for staff.,0,NON_COMPLIANT,DSPT3_Training,DSPT,staff have not completed training,llm_paraphrase,S0156,There is no annual data security training for the team.,True,train
P02508,Annual data security training for the team is not implemented.,0,NON_COMPLIANT,DSPT3_Training,DSPT,staff have not completed training,llm_paraphrase,S0156,There is no annual data security training for the team.,True,train
P02509,Staff are not required to receive annual data security training.,0,NON_COMPLIANT,DSPT3_Training,DSPT,staff have not completed training,llm_paraphrase,S0156,There is no annual data security training for the team.,True,train
P02510,Data security training for all team members is not scheduled.,0,NON_COMPLIANT,DSPT3_Training,DSPT,staff have not completed training,llm_paraphrase,S0156,There is no annual data security training for the team.,True,train
P02511,New staff are required to complete a mandatory training programme on information governance before commencing work.,0,NON_COMPLIANT,DSPT3_Training,DSPT,no induction training on data security,llm_paraphrase,S0157,New staff start work without any training on information governance.,True,train
P02512,All new staff members must undergo training on information governance prior to starting their employment.,0,NON_COMPLIANT,DSPT3_Training,DSPT,no induction training on data security,llm_paraphrase,S0157,New staff start work without any training on information governance.,True,train
P02513,New staff start work after completing a mandatory information governance training session as stipulated in the care home's policies.,0,NON_COMPLIANT,DSPT3_Training,DSPT,no induction training on data security,llm_paraphrase,S0157,New staff start work without any training on information governance.,True,train
P02514,Failure to undergo information governance training is unacceptable for new staff before commencing their employment.,0,NON_COMPLIANT,DSPT3_Training,DSPT,no induction training on data security,llm_paraphrase,S0157,New staff start work without any training on information governance.,True,train
P02515,It is a mandatory requirement that new staff undergo training on information governance before starting their duties.,0,NON_COMPLIANT,DSPT3_Training,DSPT,no induction training on data security,llm_paraphrase,S0157,New staff start work without any training on information governance.,True,train
P02516,New staff must complete the mandatory information governance training before beginning their work.,0,NON_COMPLIANT,DSPT3_Training,DSPT,no induction training on data security,llm_paraphrase,S0157,New staff start work without any training on information governance.,True,train
P02517,The handling of confidential data is not covered in the induction process.,0,NON_COMPLIANT,DSPT3_Training,DSPT,no induction training on data security,llm_paraphrase,S0158,Induction does not include anything about handling confidential data.,True,train
P02518,Confidential data handling is not a part of the induction procedure.,0,NON_COMPLIANT,DSPT3_Training,DSPT,no induction training on data security,llm_paraphrase,S0158,Induction does not include anything about handling confidential data.,True,train
P02519,Induction does not include training on handling sensitive information.,0,NON_COMPLIANT,DSPT3_Training,DSPT,no induction training on data security,llm_paraphrase,S0158,Induction does not include anything about handling confidential data.,True,train
P02520,Sensitive information handling is not addressed in the induction process.,0,NON_COMPLIANT,DSPT3_Training,DSPT,no induction training on data security,llm_paraphrase,S0158,Induction does not include anything about handling confidential data.,True,train
P02521,"The induction does not cover confidentiality, including data handling.",0,NON_COMPLIANT,DSPT3_Training,DSPT,no induction training on data security,llm_paraphrase,S0158,Induction does not include anything about handling confidential data.,True,train
P02522,Confidential data handling is excluded from the induction process.,0,NON_COMPLIANT,DSPT3_Training,DSPT,no induction training on data security,llm_paraphrase,S0158,Induction does not include anything about handling confidential data.,True,train
P02523,"Only thirty per cent of staff have completed the data security module, which is not compliant with current policy.",0,NON_COMPLIANT,DSPT3_Training,DSPT,low or unrecorded completion rates,llm_paraphrase,S0159,Only thirty per cent of staff have completed the data security module.,True,train
P02524,"Thirty per cent of staff have not completed the data security module, highlighting a major compliance breach.",0,NON_COMPLIANT,DSPT3_Training,DSPT,low or unrecorded completion rates,llm_paraphrase,S0159,Only thirty per cent of staff have completed the data security module.,True,train
P02525,"Staff have failed to complete the data security module, with only thirty per cent meeting the required standard.",0,NON_COMPLIANT,DSPT3_Training,DSPT,low or unrecorded completion rates,llm_paraphrase,S0159,Only thirty per cent of staff have completed the data security module.,True,train
P02526,"The data security module has not been completed by thirty per cent of staff, resulting in a significant compliance issue.",0,NON_COMPLIANT,DSPT3_Training,DSPT,low or unrecorded completion rates,llm_paraphrase,S0159,Only thirty per cent of staff have completed the data security module.,True,train
P02527,"Staff have not met the data security module requirement, with only thirty per cent of staff having completed it.",0,NON_COMPLIANT,DSPT3_Training,DSPT,low or unrecorded completion rates,llm_paraphrase,S0159,Only thirty per cent of staff have completed the data security module.,True,train
P02528,"Thirty per cent of staff have not fulfilled the data security module obligation, leading to a critical compliance failure.",0,NON_COMPLIANT,DSPT3_Training,DSPT,low or unrecorded completion rates,llm_paraphrase,S0159,Only thirty per cent of staff have completed the data security module.,True,train
P02535,The registered manager is the only staff member to have received information governance training.,0,NON_COMPLIANT,DSPT3_Training,DSPT,low or unrecorded completion rates,llm_paraphrase,S0161,Only the registered manager has received information governance training.,True,train
P02536,The information governance training is solely recorded as having been received by the registered manager.,0,NON_COMPLIANT,DSPT3_Training,DSPT,low or unrecorded completion rates,llm_paraphrase,S0161,Only the registered manager has received information governance training.,True,train
P02537,The registered manager is the only staff member who has completed the required information governance training.,0,NON_COMPLIANT,DSPT3_Training,DSPT,low or unrecorded completion rates,llm_paraphrase,S0161,Only the registered manager has received information governance training.,True,train
P02538,It is the responsibility of the registered manager to have received information governance training.,0,NON_COMPLIANT,DSPT3_Training,DSPT,low or unrecorded completion rates,llm_paraphrase,S0161,Only the registered manager has received information governance training.,True,train
P02539,Information governance training is only credited to the registered manager in our system.,0,NON_COMPLIANT,DSPT3_Training,DSPT,low or unrecorded completion rates,llm_paraphrase,S0161,Only the registered manager has received information governance training.,True,train
P02540,The registered manager's completion of information governance training is the only instance recorded in our training records.,0,NON_COMPLIANT,DSPT3_Training,DSPT,low or unrecorded completion rates,llm_paraphrase,S0161,Only the registered manager has received information governance training.,True,train
P02547,Data security training is compulsory for all staff due to high staff uptake,0,NON_COMPLIANT,DSPT3_Training,DSPT,training not tested or not mandatory,llm_paraphrase,S0163,Data security training is optional and few staff have taken it.,True,train
P02548,It is mandatory for all staff to undergo data security training,0,NON_COMPLIANT,DSPT3_Training,DSPT,training not tested or not mandatory,llm_paraphrase,S0163,Data security training is optional and few staff have taken it.,True,train
P02549,All staff must undergo data security training before being appointed,0,NON_COMPLIANT,DSPT3_Training,DSPT,training not tested or not mandatory,llm_paraphrase,S0163,Data security training is optional and few staff have taken it.,True,train
P02550,Staff are expected to complete data security training before commencing work,0,NON_COMPLIANT,DSPT3_Training,DSPT,training not tested or not mandatory,llm_paraphrase,S0163,Data security training is optional and few staff have taken it.,True,train
P02551,All staff are required to attend data security training sessions at least annually,0,NON_COMPLIANT,DSPT3_Training,DSPT,training not tested or not mandatory,llm_paraphrase,S0163,Data security training is optional and few staff have taken it.,True,train
P02552,Staff are expected to complete data security training as part of their induction process,0,NON_COMPLIANT,DSPT3_Training,DSPT,training not tested or not mandatory,llm_paraphrase,S0163,Data security training is optional and few staff have taken it.,True,train
P02553,Staff have not received necessary training on identifying phishing emails,0,NON_COMPLIANT,DSPT3_Training,DSPT,no awareness training provided,llm_paraphrase,S0164,Staff have had no training on recognising phishing emails.,True,train
P02554,Phishing email recognition training has not been provided to staff,0,NON_COMPLIANT,DSPT3_Training,DSPT,no awareness training provided,llm_paraphrase,S0164,Staff have had no training on recognising phishing emails.,True,train
P02555,Staff are not adequately equipped to identify phishing emails due to lack of training,0,NON_COMPLIANT,DSPT3_Training,DSPT,no awareness training provided,llm_paraphrase,S0164,Staff have had no training on recognising phishing emails.,True,train
P02556,The absence of phishing email recognition training renders staff unable to identify phishing emails,0,NON_COMPLIANT,DSPT3_Training,DSPT,no awareness training provided,llm_paraphrase,S0164,Staff have had no training on recognising phishing emails.,True,train
P02557,It has been confirmed that staff have not received training on phishing email recognition,0,NON_COMPLIANT,DSPT3_Training,DSPT,no awareness training provided,llm_paraphrase,S0164,Staff have had no training on recognising phishing emails.,True,train
P02558,There has been no provision of training on phishing email recognition for staff members,0,NON_COMPLIANT,DSPT3_Training,DSPT,no awareness training provided,llm_paraphrase,S0164,Staff have had no training on recognising phishing emails.,True,train
P02559,Lack of cyber awareness training is a critical omission for this service.,0,NON_COMPLIANT,DSPT3_Training,DSPT,no awareness training provided,llm_paraphrase,S0165,There is no cyber awareness training of any kind at the service.,True,train
P02560,Cyber awareness training is a mandatory requirement for all staff members.,0,NON_COMPLIANT,DSPT3_Training,DSPT,no awareness training provided,llm_paraphrase,S0165,There is no cyber awareness training of any kind at the service.,True,train
P02561,It is a regulatory requirement that this service provides cyber awareness training to all employees.,0,NON_COMPLIANT,DSPT3_Training,DSPT,no awareness training provided,llm_paraphrase,S0165,There is no cyber awareness training of any kind at the service.,True,train
P02562,Inadequate training on cyber security protocols is a significant failing of this service.,0,NON_COMPLIANT,DSPT3_Training,DSPT,no awareness training provided,llm_paraphrase,S0165,There is no cyber awareness training of any kind at the service.,True,train
P02563,The service has failed to implement cyber awareness training as per industry standards.,0,NON_COMPLIANT,DSPT3_Training,DSPT,no awareness training provided,llm_paraphrase,S0165,There is no cyber awareness training of any kind at the service.,True,train
P02564,This service is not compliant with best practice guidelines for cyber awareness training provision.,0,NON_COMPLIANT,DSPT3_Training,DSPT,no awareness training provided,llm_paraphrase,S0165,There is no cyber awareness training of any kind at the service.,True,train
P02565,Access to care records is strictly limited to those who require it for their role.,1,COMPLIANT,DSPT4_DataAccess,DSPT,access restricted to staff who need it,llm_paraphrase,S0166,Access to care records is restricted to staff who need it for their role.,True,train
P02566,Only personnel directly involved in patient care may access care records.,1,COMPLIANT,DSPT4_DataAccess,DSPT,access restricted to staff who need it,llm_paraphrase,S0166,Access to care records is restricted to staff who need it for their role.,True,train
P02567,Care records can only be accessed by staff whose role necessitates this information.,1,COMPLIANT,DSPT4_DataAccess,DSPT,access restricted to staff who need it,llm_paraphrase,S0166,Access to care records is restricted to staff who need it for their role.,True,train
P02568,Staff accessing care records are directly involved in patient care.,1,COMPLIANT,DSPT4_DataAccess,DSPT,access restricted to staff who need it,llm_paraphrase,S0166,Access to care records is restricted to staff who need it for their role.,True,train
P02569,Care records are accessible only to those whose role involves patient care activities.,1,COMPLIANT,DSPT4_DataAccess,DSPT,access restricted to staff who need it,llm_paraphrase,S0166,Access to care records is restricted to staff who need it for their role.,True,train
P02570,Only personnel with a legitimate need for it to perform their duties may view care records.,1,COMPLIANT,DSPT4_DataAccess,DSPT,access restricted to staff who need it,llm_paraphrase,S0166,Access to care records is restricted to staff who need it for their role.,True,train
P02577,Access to personal data is removed as soon as its legitimate business need ends.,1,COMPLIANT,DSPT4_DataAccess,DSPT,access removed when role changes/ends,llm_paraphrase,S0168,Access to personal data is removed as soon as it is no longer needed for the role.,True,train
P02578,All personal data is de-identified and discarded when no longer required for operational purposes.,1,COMPLIANT,DSPT4_DataAccess,DSPT,access removed when role changes/ends,llm_paraphrase,S0168,Access to personal data is removed as soon as it is no longer needed for the role.,True,train
P02579,"Personal data is subject to a 'live for 12 months' retention policy, after which it is securely disposed of.",1,COMPLIANT,DSPT4_DataAccess,DSPT,access removed when role changes/ends,llm_paraphrase,S0168,Access to personal data is removed as soon as it is no longer needed for the role.,True,train
P02580,All staff are informed to promptly destroy personal data once its functional purpose has expired.,1,COMPLIANT,DSPT4_DataAccess,DSPT,access removed when role changes/ends,llm_paraphrase,S0168,Access to personal data is removed as soon as it is no longer needed for the role.,True,train
P02581,"Personal data is securely archived for a maximum of 12 months, thereafter disposed of in accordance with data protection regulations.",1,COMPLIANT,DSPT4_DataAccess,DSPT,access removed when role changes/ends,llm_paraphrase,S0168,Access to personal data is removed as soon as it is no longer needed for the role.,True,train
P02582,Data protection officers ensure all staff destroy personal data as soon as its operational utility has ceased.,1,COMPLIANT,DSPT4_DataAccess,DSPT,access removed when role changes/ends,llm_paraphrase,S0168,Access to personal data is removed as soon as it is no longer needed for the role.,True,train
P02583,Staff access rights are updated in accordance with organisational change protocols upon role transition.,1,COMPLIANT,DSPT4_DataAccess,DSPT,access removed when role changes/ends,llm_paraphrase,S0169,"When staff change roles, their access rights are updated to match.",True,train
P02584,Role changes necessitate a concurrent update to staff access rights.,1,COMPLIANT,DSPT4_DataAccess,DSPT,access removed when role changes/ends,llm_paraphrase,S0169,"When staff change roles, their access rights are updated to match.",True,train
P02585,The update of staff access rights upon role change is a critical control measure.,1,COMPLIANT,DSPT4_DataAccess,DSPT,access removed when role changes/ends,llm_paraphrase,S0169,"When staff change roles, their access rights are updated to match.",True,train
P02586,"During staff role changes, access rights are updated in line with company policy.",1,COMPLIANT,DSPT4_DataAccess,DSPT,access removed when role changes/ends,llm_paraphrase,S0169,"When staff change roles, their access rights are updated to match.",True,train
P02587,"On staff role changes, access rights are automatically updated to ensure system integrity.",1,COMPLIANT,DSPT4_DataAccess,DSPT,access removed when role changes/ends,llm_paraphrase,S0169,"When staff change roles, their access rights are updated to match.",True,train
P02588,"A role change triggers an immediate update to staff access rights, conforming to established protocols.",1,COMPLIANT,DSPT4_DataAccess,DSPT,access removed when role changes/ends,llm_paraphrase,S0169,"When staff change roles, their access rights are updated to match.",True,train
P02589,"All resident records accesses are tracked through a single, centralised point",1,COMPLIANT,DSPT4_DataAccess,DSPT,access attributable to individuals,llm_paraphrase,S0170,Every access to a resident's record can be traced back to an individual.,True,train
P02590,All record accesses are traceable via a single tracking system,1,COMPLIANT,DSPT4_DataAccess,DSPT,access attributable to individuals,llm_paraphrase,S0170,Every access to a resident's record can be traced back to an individual.,True,train
P02591,Each resident record access is logged and retrievable via a single entry point,1,COMPLIANT,DSPT4_DataAccess,DSPT,access attributable to individuals,llm_paraphrase,S0170,Every access to a resident's record can be traced back to an individual.,True,train
P02592,Record access is fully traceable via a single tracking system,1,COMPLIANT,DSPT4_DataAccess,DSPT,access attributable to individuals,llm_paraphrase,S0170,Every access to a resident's record can be traced back to an individual.,True,train
P02593,Access to resident records can always be traced back to an individual point of origin,1,COMPLIANT,DSPT4_DataAccess,DSPT,access attributable to individuals,llm_paraphrase,S0170,Every access to a resident's record can be traced back to an individual.,True,train
P02594,"Each record access is linked to a single, identifiable point of entry",1,COMPLIANT,DSPT4_DataAccess,DSPT,access attributable to individuals,llm_paraphrase,S0170,Every access to a resident's record can be traced back to an individual.,True,train
P02607,Access permissions are set in line with job role specifications and reviewed regularly,1,COMPLIANT,DSPT4_DataAccess,DSPT,role-based access enforced,llm_paraphrase,S0173,Access permissions are set according to job role and reviewed regularly.,True,train
P02608,Job role-specific access permissions are set and reviewed at regular intervals,1,COMPLIANT,DSPT4_DataAccess,DSPT,role-based access enforced,llm_paraphrase,S0173,Access permissions are set according to job role and reviewed regularly.,True,train
P02609,"Staff are access system functions according to their approved job role, with regular review",1,COMPLIANT,DSPT4_DataAccess,DSPT,role-based access enforced,llm_paraphrase,S0173,Access permissions are set according to job role and reviewed regularly.,True,train
P02610,All access permissions are reviewed and updated according to individual job role specifications,1,COMPLIANT,DSPT4_DataAccess,DSPT,role-based access enforced,llm_paraphrase,S0173,Access permissions are set according to job role and reviewed regularly.,True,train
P02611,"Access permissions are managed in accordance with job role definitions, with regular review and update",1,COMPLIANT,DSPT4_DataAccess,DSPT,role-based access enforced,llm_paraphrase,S0173,Access permissions are set according to job role and reviewed regularly.,True,train
P02612,Staff are access system functions,1,COMPLIANT,DSPT4_DataAccess,DSPT,role-based access enforced,llm_paraphrase,S0173,Access permissions are set according to job role and reviewed regularly.,True,train
P02613,Staff are prohibited from accessing resident records unrelated to their designated role.,0,NON_COMPLIANT,DSPT4_DataAccess,DSPT,data accessible to staff who don't need it,llm_paraphrase,S0174,Staff can access resident records that have nothing to do with their role.,True,train
P02614,Inappropriate access to resident records by staff without a legitimate reason is strictly forbidden.,0,NON_COMPLIANT,DSPT4_DataAccess,DSPT,data accessible to staff who don't need it,llm_paraphrase,S0174,Staff can access resident records that have nothing to do with their role.,True,train
P02615,All staff are required to maintain confidentiality and only access resident records relevant to their job duties.,0,NON_COMPLIANT,DSPT4_DataAccess,DSPT,data accessible to staff who don't need it,llm_paraphrase,S0174,Staff can access resident records that have nothing to do with their role.,True,train
P02616,Staff will not be permitted to access resident records outside of their designated role.,0,NON_COMPLIANT,DSPT4_DataAccess,DSPT,data accessible to staff who don't need it,llm_paraphrase,S0174,Staff can access resident records that have nothing to do with their role.,True,train
P02617,Resident records must only be accessed by staff with a legitimate purpose directly related to their job specification.,0,NON_COMPLIANT,DSPT4_DataAccess,DSPT,data accessible to staff who don't need it,llm_paraphrase,S0174,Staff can access resident records that have nothing to do with their role.,True,train
P02618,Staff will not be allowed to access resident records that do not pertain to their designated role or responsibilities.,0,NON_COMPLIANT,DSPT4_DataAccess,DSPT,data accessible to staff who don't need it,llm_paraphrase,S0174,Staff can access resident records that have nothing to do with their role.,True,train
P02631,Staff should not retain access to payroll data,0,NON_COMPLIANT,DSPT4_DataAccess,DSPT,access retained after it is no longer needed,llm_paraphrase,S0177,A member of staff retained access to payroll data after moving to a care role.,True,train
P02632,Access to payroll data must not be granted to staff after joining a care role,0,NON_COMPLIANT,DSPT4_DataAccess,DSPT,access retained after it is no longer needed,llm_paraphrase,S0177,A member of staff retained access to payroll data after moving to a care role.,True,train
P02633,Payroll data access is restricted to staff who have completed a satisfactory probation period,0,NON_COMPLIANT,DSPT4_DataAccess,DSPT,access retained after it is no longer needed,llm_paraphrase,S0177,A member of staff retained access to payroll data after moving to a care role.,True,train
P02634,Staff accessing payroll data after joining a care role is a breach of policy,0,NON_COMPLIANT,DSPT4_DataAccess,DSPT,access retained after it is no longer needed,llm_paraphrase,S0177,A member of staff retained access to payroll data after moving to a care role.,True,train
P02635,Retaining access to payroll data by staff after starting a care role is a serious compliance issue,0,NON_COMPLIANT,DSPT4_DataAccess,DSPT,access retained after it is no longer needed,llm_paraphrase,S0177,A member of staff retained access to payroll data after moving to a care role.,True,train
P02636,Staff should not have access to payroll data unless they have completed a satisfactory induction process,0,NON_COMPLIANT,DSPT4_DataAccess,DSPT,access retained after it is no longer needed,llm_paraphrase,S0177,A member of staff retained access to payroll data after moving to a care role.,True,train
P02637,"Due to shared logins, it is not possible to identify who accessed a record.",0,NON_COMPLIANT,DSPT4_DataAccess,DSPT,access not attributable (shared logins),llm_paraphrase,S0178,"Because logins are shared, it is not possible to tell who viewed a record.",True,train
P02638,Shared logins mean the viewer's identity cannot be traced for any record accessed.,0,NON_COMPLIANT,DSPT4_DataAccess,DSPT,access not attributable (shared logins),llm_paraphrase,S0178,"Because logins are shared, it is not possible to tell who viewed a record.",True,train
P02639,The use of shared logins renders it impossible to determine who viewed a specific record.,0,NON_COMPLIANT,DSPT4_DataAccess,DSPT,access not attributable (shared logins),llm_paraphrase,S0178,"Because logins are shared, it is not possible to tell who viewed a record.",True,train
P02640,Shared logins compromise record access auditability.,0,NON_COMPLIANT,DSPT4_DataAccess,DSPT,access not attributable (shared logins),llm_paraphrase,S0178,"Because logins are shared, it is not possible to tell who viewed a record.",True,train
P02641,Shared logins cannot be used to track individual record access.,0,NON_COMPLIANT,DSPT4_DataAccess,DSPT,access not attributable (shared logins),llm_paraphrase,S0178,"Because logins are shared, it is not possible to tell who viewed a record.",True,train
P02642,Shared logins preclude the tracing of record views.,0,NON_COMPLIANT,DSPT4_DataAccess,DSPT,access not attributable (shared logins),llm_paraphrase,S0178,"Because logins are shared, it is not possible to tell who viewed a record.",True,train
P02649,No role-based access controls are in place for the care records system,0,NON_COMPLIANT,DSPT4_DataAccess,DSPT,no role-based restrictions,llm_paraphrase,S0180,There are no role-based restrictions on the care records system.,True,train
P02650,The care records system does not restrict access based on role,0,NON_COMPLIANT,DSPT4_DataAccess,DSPT,no role-based restrictions,llm_paraphrase,S0180,There are no role-based restrictions on the care records system.,True,train
P02651,All staff have unrestricted access to the care records system,0,NON_COMPLIANT,DSPT4_DataAccess,DSPT,no role-based restrictions,llm_paraphrase,S0180,There are no role-based restrictions on the care records system.,True,train
P02652,There are no role-based controls limiting access to the care records system,0,NON_COMPLIANT,DSPT4_DataAccess,DSPT,no role-based restrictions,llm_paraphrase,S0180,There are no role-based restrictions on the care records system.,True,train
P02653,Role-based access controls are not implemented for the care records system,0,NON_COMPLIANT,DSPT4_DataAccess,DSPT,no role-based restrictions,llm_paraphrase,S0180,There are no role-based restrictions on the care records system.,True,train
P02654,"Staff have unfettered access to the care records system, with no role-based restrictions",0,NON_COMPLIANT,DSPT4_DataAccess,DSPT,no role-based restrictions,llm_paraphrase,S0180,There are no role-based restrictions on the care records system.,True,train
P02655,"The provider's data access controls were inadequate, failing to implement a robust system for managing access to sensitive information.",0,NON_COMPLIANT,DSPT4_DataAccess,DSPT,no role-based restrictions,llm_paraphrase,S0181,The provider had no system for managing who could access sensitive data.,True,train
P02656,"The provider's data handling policies were insufficient, as no mechanism existed for authorising personnel access to confidential data.",0,NON_COMPLIANT,DSPT4_DataAccess,DSPT,no role-based restrictions,llm_paraphrase,S0181,The provider had no system for managing who could access sensitive data.,True,train
P02657,"Inadequate controls were in place regarding data access, with no formal procedure for managing access to sensitive information.",0,NON_COMPLIANT,DSPT4_DataAccess,DSPT,no role-based restrictions,llm_paraphrase,S0181,The provider had no system for managing who could access sensitive data.,True,train
P02658,"Data access controls were substandard, as the provider failed to establish a reliable system for managing access to confidential data.",0,NON_COMPLIANT,DSPT4_DataAccess,DSPT,no role-based restrictions,llm_paraphrase,S0181,The provider had no system for managing who could access sensitive data.,True,train
P02659,"The provider's data management processes were deficient, specifically in regards to authorisation and access control for sensitive information.",0,NON_COMPLIANT,DSPT4_DataAccess,DSPT,no role-based restrictions,llm_paraphrase,S0181,The provider had no system for managing who could access sensitive data.,True,train
P02660,"No effective system existed for managing access to sensitive data, compromising the provider's data protection obligations.",0,NON_COMPLIANT,DSPT4_DataAccess,DSPT,no role-based restrictions,llm_paraphrase,S0181,The provider had no system for managing who could access sensitive data.,True,train
P02661,Our data handling processes are subject to annual review and audit.,1,COMPLIANT,DSPT5_ProcessReviews,DSPT,processes reviewed at least annually,llm_paraphrase,S0182,Our data handling processes are reviewed at least once a year.,True,train
P02662,We conduct a minimum of one annual review of our data handling processes.,1,COMPLIANT,DSPT5_ProcessReviews,DSPT,processes reviewed at least annually,llm_paraphrase,S0182,Our data handling processes are reviewed at least once a year.,True,train
P02663,Our data handling processes undergo a formal review at least once a year.,1,COMPLIANT,DSPT5_ProcessReviews,DSPT,processes reviewed at least annually,llm_paraphrase,S0182,Our data handling processes are reviewed at least once a year.,True,train
P02664,Annual review of our data handling processes is a mandatory requirement.,1,COMPLIANT,DSPT5_ProcessReviews,DSPT,processes reviewed at least annually,llm_paraphrase,S0182,Our data handling processes are reviewed at least once a year.,True,train
P02665,Compliance with our data handling processes is verified through at least one annual review.,1,COMPLIANT,DSPT5_ProcessReviews,DSPT,processes reviewed at least annually,llm_paraphrase,S0182,Our data handling processes are reviewed at least once a year.,True,train
P02666,Our data handling processes are audited a minimum of once a year.,1,COMPLIANT,DSPT5_ProcessReviews,DSPT,processes reviewed at least annually,llm_paraphrase,S0182,Our data handling processes are reviewed at least once a year.,True,train
P02673,We conduct workshops following near misses to enhance the process,1,COMPLIANT,DSPT5_ProcessReviews,DSPT,reviews used to improve after breaches/near misses,llm_paraphrase,S0184,We hold workshops after any near miss to improve the process involved.,True,train
P02674,Workshops are held after near misses to improve the process,1,COMPLIANT,DSPT5_ProcessReviews,DSPT,reviews used to improve after breaches/near misses,llm_paraphrase,S0184,We hold workshops after any near miss to improve the process involved.,True,train
P02675,"Upon occurrence of a near miss, we conduct a workshop to strengthen the process",1,COMPLIANT,DSPT5_ProcessReviews,DSPT,reviews used to improve after breaches/near misses,llm_paraphrase,S0184,We hold workshops after any near miss to improve the process involved.,True,train
P02676,"Following a near miss, we hold a workshop to refine the process",1,COMPLIANT,DSPT5_ProcessReviews,DSPT,reviews used to improve after breaches/near misses,llm_paraphrase,S0184,We hold workshops after any near miss to improve the process involved.,True,train
P02677,"In response to a near miss, we organise a workshop to develop the process",1,COMPLIANT,DSPT5_ProcessReviews,DSPT,reviews used to improve after breaches/near misses,llm_paraphrase,S0184,We hold workshops after any near miss to improve the process involved.,True,train
P02678,We deliver workshops following near misses to reinforce the process,1,COMPLIANT,DSPT5_ProcessReviews,DSPT,reviews used to improve after breaches/near misses,llm_paraphrase,S0184,We hold workshops after any near miss to improve the process involved.,True,train
P02679,Lessons learned from previous incidents inform our ongoing process improvements.,1,COMPLIANT,DSPT5_ProcessReviews,DSPT,reviews used to improve after breaches/near misses,llm_paraphrase,S0185,Lessons from previous incidents are used to change how we work.,True,train
P02680,We continually apply the insights gained from past incidents to enhance our operational procedures.,1,COMPLIANT,DSPT5_ProcessReviews,DSPT,reviews used to improve after breaches/near misses,llm_paraphrase,S0185,Lessons from previous incidents are used to change how we work.,True,train
P02681,Incident analysis is integrated into our ongoing quality improvement initiatives.,1,COMPLIANT,DSPT5_ProcessReviews,DSPT,reviews used to improve after breaches/near misses,llm_paraphrase,S0185,Lessons from previous incidents are used to change how we work.,True,train
P02682,Past incidents are used to inform and refine our work processes.,1,COMPLIANT,DSPT5_ProcessReviews,DSPT,reviews used to improve after breaches/near misses,llm_paraphrase,S0185,Lessons from previous incidents are used to change how we work.,True,train
P02683,Our response to past incidents is informing ongoing improvements to our procedures.,1,COMPLIANT,DSPT5_ProcessReviews,DSPT,reviews used to improve after breaches/near misses,llm_paraphrase,S0185,Lessons from previous incidents are used to change how we work.,True,train
P02684,Insights from previous incidents are used to update and enhance our operational procedures.,1,COMPLIANT,DSPT5_ProcessReviews,DSPT,reviews used to improve after breaches/near misses,llm_paraphrase,S0185,Lessons from previous incidents are used to change how we work.,True,train
P02691,Our data handling processes have not been subject to review since their implementation.,0,NON_COMPLIANT,DSPT5_ProcessReviews,DSPT,processes never reviewed,llm_paraphrase,S0187,Our data handling processes have never been reviewed.,True,train
P02692,No external review has been conducted on our data handling processes.,0,NON_COMPLIANT,DSPT5_ProcessReviews,DSPT,processes never reviewed,llm_paraphrase,S0187,Our data handling processes have never been reviewed.,True,train
P02693,Our data handling processes have not been audited or reviewed for compliance.,0,NON_COMPLIANT,DSPT5_ProcessReviews,DSPT,processes never reviewed,llm_paraphrase,S0187,Our data handling processes have never been reviewed.,True,train
P02694,A review of our data handling processes has not been conducted since they were put in place.,0,NON_COMPLIANT,DSPT5_ProcessReviews,DSPT,processes never reviewed,llm_paraphrase,S0187,Our data handling processes have never been reviewed.,True,train
P02695,Our data handling processes have not been subject to a formal review for regulatory compliance.,0,NON_COMPLIANT,DSPT5_ProcessReviews,DSPT,processes never reviewed,llm_paraphrase,S0187,Our data handling processes have never been reviewed.,True,train
P02696,Our data handling processes have not undergone a review for audit and compliance purposes.,0,NON_COMPLIANT,DSPT5_ProcessReviews,DSPT,processes never reviewed,llm_paraphrase,S0187,Our data handling processes have never been reviewed.,True,train
P02703,"Near misses are not recorded or discussed, resulting in no corrective action being implemented.",0,NON_COMPLIANT,DSPT5_ProcessReviews,DSPT,no learning from breaches or near misses,llm_paraphrase,S0189,Near misses are not discussed and nothing changes as a result.,True,train
P02704,Failure to discuss near misses leads to no change in practice or policy.,0,NON_COMPLIANT,DSPT5_ProcessReviews,DSPT,no learning from breaches or near misses,llm_paraphrase,S0189,Near misses are not discussed and nothing changes as a result.,True,train
P02705,"Near misses are not logged or addressed, meaning no improvement is made.",0,NON_COMPLIANT,DSPT5_ProcessReviews,DSPT,no learning from breaches or near misses,llm_paraphrase,S0189,Near misses are not discussed and nothing changes as a result.,True,train
P02706,"The policy requires discussion of near misses, yet none occur, leading to stagnation.",0,NON_COMPLIANT,DSPT5_ProcessReviews,DSPT,no learning from breaches or near misses,llm_paraphrase,S0189,Near misses are not discussed and nothing changes as a result.,True,train
P02707,"Near misses are not reviewed or acted upon, so no adjustments are made.",0,NON_COMPLIANT,DSPT5_ProcessReviews,DSPT,no learning from breaches or near misses,llm_paraphrase,S0189,Near misses are not discussed and nothing changes as a result.,True,train
P02708,"Ignoring near misses means no follow-up action is taken, resulting in no enhancement to care.",0,NON_COMPLIANT,DSPT5_ProcessReviews,DSPT,no learning from breaches or near misses,llm_paraphrase,S0189,Near misses are not discussed and nothing changes as a result.,True,train
P02709,Previous data breaches have not resulted in any changes to our practices.,0,NON_COMPLIANT,DSPT5_ProcessReviews,DSPT,no learning from breaches or near misses,llm_paraphrase,S0190,Previous data breaches did not lead to any change in practice.,True,train
P02710,No breaches have prompted a revision of our procedures.,0,NON_COMPLIANT,DSPT5_ProcessReviews,DSPT,no learning from breaches or near misses,llm_paraphrase,S0190,Previous data breaches did not lead to any change in practice.,True,train
P02711,Our incident response plan has not been altered since previous breaches occurred.,0,NON_COMPLIANT,DSPT5_ProcessReviews,DSPT,no learning from breaches or near misses,llm_paraphrase,S0190,Previous data breaches did not lead to any change in practice.,True,train
P02712,The breaches did not lead to a change in how we manage incidents.,0,NON_COMPLIANT,DSPT5_ProcessReviews,DSPT,no learning from breaches or near misses,llm_paraphrase,S0190,Previous data breaches did not lead to any change in practice.,True,train
P02713,We have not revised our protocols following previous data breaches.,0,NON_COMPLIANT,DSPT5_ProcessReviews,DSPT,no learning from breaches or near misses,llm_paraphrase,S0190,Previous data breaches did not lead to any change in practice.,True,train
P02714,We maintain the same practices despite previous data breaches.,0,NON_COMPLIANT,DSPT5_ProcessReviews,DSPT,no learning from breaches or near misses,llm_paraphrase,S0190,Previous data breaches did not lead to any change in practice.,True,train
P02733,All data breaches are formally reported to the Information Commissioner's Office within the required timeframe of 72 hours.,1,COMPLIANT,DSPT6_Incidents,DSPT,breaches reported to ICO within 72 hours,llm_paraphrase,S0194,Data breaches are reported to the Information Commissioner's Office within 72 hours.,True,train
P02734,Data breaches is reported to the Information Commissioner's Office within 72 hours as a regulatory requirement.,1,COMPLIANT,DSPT6_Incidents,DSPT,breaches reported to ICO within 72 hours,llm_paraphrase,S0194,Data breaches are reported to the Information Commissioner's Office within 72 hours.,True,train
P02735,"In the event of a data breach, it is compulsory to notify the Information Commissioner's Office within 72 hours.",1,COMPLIANT,DSPT6_Incidents,DSPT,breaches reported to ICO within 72 hours,llm_paraphrase,S0194,Data breaches are reported to the Information Commissioner's Office within 72 hours.,True,train
P02736,"When a data breach occurs, it is an absolute necessity to inform the Information Commissioner's Office within 72 hours.",1,COMPLIANT,DSPT6_Incidents,DSPT,breaches reported to ICO within 72 hours,llm_paraphrase,S0194,Data breaches are reported to the Information Commissioner's Office within 72 hours.,True,train
P02737,Data breaches are formally mandated to be reported to the Information Commissioner's Office within 72 hours.,1,COMPLIANT,DSPT6_Incidents,DSPT,breaches reported to ICO within 72 hours,llm_paraphrase,S0194,Data breaches are reported to the Information Commissioner's Office within 72 hours.,True,train
P02738,It is strictly enforced that all data breaches are reported to the Information Commissioner's Office within 72 hours.,1,COMPLIANT,DSPT6_Incidents,DSPT,breaches reported to ICO within 72 hours,llm_paraphrase,S0194,Data breaches are reported to the Information Commissioner's Office within 72 hours.,True,train
P02739,All reportable breaches are notified to the ICO within the stipulated deadline.,1,COMPLIANT,DSPT6_Incidents,DSPT,breaches reported to ICO within 72 hours,llm_paraphrase,S0195,Any reportable breach is notified to the ICO within the required timeframe.,True,train
P02740,It is compulsory to inform the ICO of any reportable breach within the prescribed timeframe.,1,COMPLIANT,DSPT6_Incidents,DSPT,breaches reported to ICO within 72 hours,llm_paraphrase,S0195,Any reportable breach is notified to the ICO within the required timeframe.,True,train
P02741,Reportable breaches is reported to the ICO by the specified cut-off date.,1,COMPLIANT,DSPT6_Incidents,DSPT,breaches reported to ICO within 72 hours,llm_paraphrase,S0195,Any reportable breach is notified to the ICO within the required timeframe.,True,train
P02742,The ICO is informed of all reportable breaches within the timeframe as outlined.,1,COMPLIANT,DSPT6_Incidents,DSPT,breaches reported to ICO within 72 hours,llm_paraphrase,S0195,Any reportable breach is notified to the ICO within the required timeframe.,True,train
P02743,It is in place to notify the ICO of any reportable breach.,1,COMPLIANT,DSPT6_Incidents,DSPT,breaches reported to ICO within 72 hours,llm_paraphrase,S0195,Any reportable breach is notified to the ICO within the required timeframe.,True,train
P02744,Any reportable breach is reported to the ICO by the notification deadline.,1,COMPLIANT,DSPT6_Incidents,DSPT,breaches reported to ICO within 72 hours,llm_paraphrase,S0195,Any reportable breach is notified to the ICO within the required timeframe.,True,train
P02745,All incidents and near misses are recorded in our incident log immediately upon occurrence.,1,COMPLIANT,DSPT6_Incidents,DSPT,incidents logged and reviewed,llm_paraphrase,S0196,All incidents and near misses are recorded in our incident log.,True,train
P02746,Our policy requires all incidents and near misses to be logged in the incident log.,1,COMPLIANT,DSPT6_Incidents,DSPT,incidents logged and reviewed,llm_paraphrase,S0196,All incidents and near misses are recorded in our incident log.,True,train
P02747,Incidents and near misses is accurately and fully recorded in our incident log as soon as they happen.,1,COMPLIANT,DSPT6_Incidents,DSPT,incidents logged and reviewed,llm_paraphrase,S0196,All incidents and near misses are recorded in our incident log.,True,train
P02748,All incidents and near misses are recorded in the incident log upon occurrence.,1,COMPLIANT,DSPT6_Incidents,DSPT,incidents logged and reviewed,llm_paraphrase,S0196,All incidents and near misses are recorded in our incident log.,True,train
P02749,Incidents and near misses are a critical part of our compliance and is recorded in the incident log promptly.,1,COMPLIANT,DSPT6_Incidents,DSPT,incidents logged and reviewed,llm_paraphrase,S0196,All incidents and near misses are recorded in our incident log.,True,train
P02750,Our incident log is a mandatory record-keeping requirement for all incidents and near misses.,1,COMPLIANT,DSPT6_Incidents,DSPT,incidents logged and reviewed,llm_paraphrase,S0196,All incidents and near misses are recorded in our incident log.,True,train
P02751,The management team reviews the incident log on a monthly basis.,1,COMPLIANT,DSPT6_Incidents,DSPT,incidents logged and reviewed,llm_paraphrase,S0197,The incident log is reviewed by the management team each month.,True,train
P02752,Incident logs are formally reviewed by management on a monthly cycle.,1,COMPLIANT,DSPT6_Incidents,DSPT,incidents logged and reviewed,llm_paraphrase,S0197,The incident log is reviewed by the management team each month.,True,train
P02753,Monthly management review of incident logs is a mandatory procedure.,1,COMPLIANT,DSPT6_Incidents,DSPT,incidents logged and reviewed,llm_paraphrase,S0197,The incident log is reviewed by the management team each month.,True,train
P02754,All incident logs are subject to regular review by the management team.,1,COMPLIANT,DSPT6_Incidents,DSPT,incidents logged and reviewed,llm_paraphrase,S0197,The incident log is reviewed by the management team each month.,True,train
P02755,The management team is responsible for reviewing incident logs on a monthly schedule.,1,COMPLIANT,DSPT6_Incidents,DSPT,incidents logged and reviewed,llm_paraphrase,S0197,The incident log is reviewed by the management team each month.,True,train
P02756,Incident logs are formally reviewed by management as part of our monthly oversight process.,1,COMPLIANT,DSPT6_Incidents,DSPT,incidents logged and reviewed,llm_paraphrase,S0197,The incident log is reviewed by the management team each month.,True,train
P02757,Staff are aware of the procedures to report a data breach to the relevant authorities.,1,COMPLIANT,DSPT6_Incidents,DSPT,staff know how to report incidents,llm_paraphrase,S0198,Staff know who to tell if they think a data breach has happened.,True,train
P02758,"If a data breach is suspected, staff inform the designated breach reporting contact.",1,COMPLIANT,DSPT6_Incidents,DSPT,staff know how to report incidents,llm_paraphrase,S0198,Staff know who to tell if they think a data breach has happened.,True,train
P02759,All staff are trained to identify and report data breaches in accordance with established protocols.,1,COMPLIANT,DSPT6_Incidents,DSPT,staff know how to report incidents,llm_paraphrase,S0198,Staff know who to tell if they think a data breach has happened.,True,train
P02760,"In the event of a suspected data breach, staff are notify the designated breach reporting contact immediately.",1,COMPLIANT,DSPT6_Incidents,DSPT,staff know how to report incidents,llm_paraphrase,S0198,Staff know who to tell if they think a data breach has happened.,True,train
P02761,Staff who identify a potential data breach initiate the formal reporting process without delay.,1,COMPLIANT,DSPT6_Incidents,DSPT,staff know how to report incidents,llm_paraphrase,S0198,Staff know who to tell if they think a data breach has happened.,True,train
P02762,Staff are notify the data protection officer and relevant authorities in the event of a suspected data breach.,1,COMPLIANT,DSPT6_Incidents,DSPT,staff know how to report incidents,llm_paraphrase,S0198,Staff know who to tell if they think a data breach has happened.,True,train
P02769,We acknowledge and implement all issued security advisories.,1,COMPLIANT,DSPT6_Incidents,DSPT,security advisories acted upon,llm_paraphrase,S0200,We act on security advisories when they are issued.,True,train
P02770,Security advisories received are promptly addressed and resolved.,1,COMPLIANT,DSPT6_Incidents,DSPT,security advisories acted upon,llm_paraphrase,S0200,We act on security advisories when they are issued.,True,train
P02771,All security advisories are acted upon in a timely and effective manner.,1,COMPLIANT,DSPT6_Incidents,DSPT,security advisories acted upon,llm_paraphrase,S0200,We act on security advisories when they are issued.,True,train
P02772,Security advisories issued by reputable sources are implemented without delay.,1,COMPLIANT,DSPT6_Incidents,DSPT,security advisories acted upon,llm_paraphrase,S0200,We act on security advisories when they are issued.,True,train
P02773,We actively manage and address all issued security advisories.,1,COMPLIANT,DSPT6_Incidents,DSPT,security advisories acted upon,llm_paraphrase,S0200,We act on security advisories when they are issued.,True,train
P02774,All security advisories received are thoroughly investigated and implemented.,1,COMPLIANT,DSPT6_Incidents,DSPT,security advisories acted upon,llm_paraphrase,S0200,We act on security advisories when they are issued.,True,train
P02775,There is no documented procedure for responding to data security incidents.,0,NON_COMPLIANT,DSPT6_Incidents,DSPT,no incident response procedure,llm_paraphrase,S0201,There is no procedure for responding to a data security incident.,True,train
P02776,We do not have a recognised procedure for handling data breaches.,0,NON_COMPLIANT,DSPT6_Incidents,DSPT,no incident response procedure,llm_paraphrase,S0201,There is no procedure for responding to a data security incident.,True,train
P02777,A procedure for responding to data security incidents is currently lacking in our policies.,0,NON_COMPLIANT,DSPT6_Incidents,DSPT,no incident response procedure,llm_paraphrase,S0201,There is no procedure for responding to a data security incident.,True,train
P02778,Our IT policy fails to outline a procedure for responding to data security incidents.,0,NON_COMPLIANT,DSPT6_Incidents,DSPT,no incident response procedure,llm_paraphrase,S0201,There is no procedure for responding to a data security incident.,True,train
P02779,There is no existing framework for managing data security incidents in place.,0,NON_COMPLIANT,DSPT6_Incidents,DSPT,no incident response procedure,llm_paraphrase,S0201,There is no procedure for responding to a data security incident.,True,train
P02780,We are not compliant with data security incident response procedures.,0,NON_COMPLIANT,DSPT6_Incidents,DSPT,no incident response procedure,llm_paraphrase,S0201,There is no procedure for responding to a data security incident.,True,train
P02793,This breach was immediately reported to the regulator upon discovery.,0,NON_COMPLIANT,DSPT6_Incidents,DSPT,breaches not reported / reported late,llm_paraphrase,S0204,The breach was reported to the regulator several weeks after it was discovered.,True,train
P02794,The breach was reported to the regulator as soon as it was identified.,0,NON_COMPLIANT,DSPT6_Incidents,DSPT,breaches not reported / reported late,llm_paraphrase,S0204,The breach was reported to the regulator several weeks after it was discovered.,True,train
P02795,Failure to report the breach to the regulator in a timely manner has occurred.,0,NON_COMPLIANT,DSPT6_Incidents,DSPT,breaches not reported / reported late,llm_paraphrase,S0204,The breach was reported to the regulator several weeks after it was discovered.,True,train
P02796,A breach was reported to the regulator several weeks after it was identified.,0,NON_COMPLIANT,DSPT6_Incidents,DSPT,breaches not reported / reported late,llm_paraphrase,S0204,The breach was reported to the regulator several weeks after it was discovered.,True,train
P02797,The regulator was notified promptly of the breach upon its discovery.,0,NON_COMPLIANT,DSPT6_Incidents,DSPT,breaches not reported / reported late,llm_paraphrase,S0204,The breach was reported to the regulator several weeks after it was discovered.,True,train
P02798,A breach was discovered but not reported to the regulator until several weeks later.,0,NON_COMPLIANT,DSPT6_Incidents,DSPT,breaches not reported / reported late,llm_paraphrase,S0204,The breach was reported to the regulator several weeks after it was discovered.,True,train
P02799,Incidents are not formally documented or recorded in our incident reporting system.,0,NON_COMPLIANT,DSPT6_Incidents,DSPT,incidents not recorded,llm_paraphrase,S0205,Incidents are dealt with informally and not written down anywhere.,True,train
P02800,Informal incident management practices are not in line with our policies.,0,NON_COMPLIANT,DSPT6_Incidents,DSPT,incidents not recorded,llm_paraphrase,S0205,Incidents are dealt with informally and not written down anywhere.,True,train
P02801,All incidents are verbally discussed with staff members and not recorded in the incident log.,0,NON_COMPLIANT,DSPT6_Incidents,DSPT,incidents not recorded,llm_paraphrase,S0205,Incidents are dealt with informally and not written down anywhere.,True,train
P02802,Failure to formally document incidents is a breach of our incident management protocol.,0,NON_COMPLIANT,DSPT6_Incidents,DSPT,incidents not recorded,llm_paraphrase,S0205,Incidents are dealt with informally and not written down anywhere.,True,train
P02803,"Our incident response procedures require formal recording, but this is not always observed.",0,NON_COMPLIANT,DSPT6_Incidents,DSPT,incidents not recorded,llm_paraphrase,S0205,Incidents are dealt with informally and not written down anywhere.,True,train
P02804,Incident reporting and recording are essential but are not being fully adhered to.,0,NON_COMPLIANT,DSPT6_Incidents,DSPT,incidents not recorded,llm_paraphrase,S0205,Incidents are dealt with informally and not written down anywhere.,True,train
P02811,Staff's failure to report suspected data breaches is a breach of our information governance policy.,0,NON_COMPLIANT,DSPT6_Incidents,DSPT,staff don't know how to report incidents,llm_paraphrase,S0207,Staff did not know how to report a suspected data breach.,True,train
P02812,Not reporting a data breach is a serious breach of our data protection procedures.,0,NON_COMPLIANT,DSPT6_Incidents,DSPT,staff don't know how to report incidents,llm_paraphrase,S0207,Staff did not know how to report a suspected data breach.,True,train
P02813,Our staff's failure to report a data breach is a critical lapse in our compliance obligations.,0,NON_COMPLIANT,DSPT6_Incidents,DSPT,staff don't know how to report incidents,llm_paraphrase,S0207,Staff did not know how to report a suspected data breach.,True,train
P02814,This omission of reporting a suspected data breach is unacceptable and contravenes our data protection protocol.,0,NON_COMPLIANT,DSPT6_Incidents,DSPT,staff don't know how to report incidents,llm_paraphrase,S0207,Staff did not know how to report a suspected data breach.,True,train
P02815,Staff's failure to report a data breach is a clear contravention of our information governance policy framework.,0,NON_COMPLIANT,DSPT6_Incidents,DSPT,staff don't know how to report incidents,llm_paraphrase,S0207,Staff did not know how to report a suspected data breach.,True,train
P02816,Not reporting a data breach constitutes a serious breach of our data protection regulations and protocols.,0,NON_COMPLIANT,DSPT6_Incidents,DSPT,staff don't know how to report incidents,llm_paraphrase,S0207,Staff did not know how to report a suspected data breach.,True,train
P02817,Security warnings from our supplier are not being adequately escalated to the duty officer.,0,NON_COMPLIANT,DSPT6_Incidents,DSPT,security advice ignored,llm_paraphrase,S0208,Security warnings from our supplier are received but not acted on.,True,train
P02818,We have not implemented our security protocol for supplier alerts.,0,NON_COMPLIANT,DSPT6_Incidents,DSPT,security advice ignored,llm_paraphrase,S0208,Security warnings from our supplier are received but not acted on.,True,train
P02819,Staff are required to escalate security warnings from our supplier to the duty officer immediately.,0,NON_COMPLIANT,DSPT6_Incidents,DSPT,security advice ignored,llm_paraphrase,S0208,Security warnings from our supplier are received but not acted on.,True,train
P02820,It has not been established that our supplier security warnings are being effectively managed.,0,NON_COMPLIANT,DSPT6_Incidents,DSPT,security advice ignored,llm_paraphrase,S0208,Security warnings from our supplier are received but not acted on.,True,train
P02821,There is a failure to implement our supplier security warning protocol in accordance with our policies.,0,NON_COMPLIANT,DSPT6_Incidents,DSPT,security advice ignored,llm_paraphrase,S0208,Security warnings from our supplier are received but not acted on.,True,train
P02822,Our supplier's security warnings are not being properly reported and addressed as per our quality assurance protocols.,0,NON_COMPLIANT,DSPT6_Incidents,DSPT,security advice ignored,llm_paraphrase,S0208,Security warnings from our supplier are received but not acted on.,True,train
P02823,A business continuity plan is in place to ensure our operations continue uninterrupted in the event of a system failure.,1,COMPLIANT,DSPT7_Continuity,DSPT,a business continuity plan in place,llm_paraphrase,S0209,A business continuity plan covers what we do if our IT systems fail.,True,train
P02824,We have a robust business continuity plan which addresses IT system failure and related operational disruptions.,1,COMPLIANT,DSPT7_Continuity,DSPT,a business continuity plan in place,llm_paraphrase,S0209,A business continuity plan covers what we do if our IT systems fail.,True,train
P02825,"Failure of our IT systems triggers our business continuity plan, which ensures continuity of care services.",1,COMPLIANT,DSPT7_Continuity,DSPT,a business continuity plan in place,llm_paraphrase,S0209,A business continuity plan covers what we do if our IT systems fail.,True,train
P02826,Our IT system failure response plan is a critical component of our overall business continuity strategy.,1,COMPLIANT,DSPT7_Continuity,DSPT,a business continuity plan in place,llm_paraphrase,S0209,A business continuity plan covers what we do if our IT systems fail.,True,train
P02827,"In the event of an IT system failure, our business continuity plan takes immediate effect to safeguard our service delivery.",1,COMPLIANT,DSPT7_Continuity,DSPT,a business continuity plan in place,llm_paraphrase,S0209,A business continuity plan covers what we do if our IT systems fail.,True,train
P02828,"When our IT systems fail, we activate our business continuity plan to maintain continuity of care services and support our residents' needs.",1,COMPLIANT,DSPT7_Continuity,DSPT,a business continuity plan in place,llm_paraphrase,S0209,A business continuity plan covers what we do if our IT systems fail.,True,train
P02835,Daily back-up of care records is in place.,1,COMPLIANT,DSPT7_Continuity,DSPT,backups taken regularly,llm_paraphrase,S0211,Care records are backed up every night.,True,train
P02836,Care records are backed up nightly to prevent loss of important information.,1,COMPLIANT,DSPT7_Continuity,DSPT,backups taken regularly,llm_paraphrase,S0211,Care records are backed up every night.,True,train
P02837,Compliance requires the automatic daily back-up of all care records.,1,COMPLIANT,DSPT7_Continuity,DSPT,backups taken regularly,llm_paraphrase,S0211,Care records are backed up every night.,True,train
P02838,"In accordance with policy, care records are nightly backed up.",1,COMPLIANT,DSPT7_Continuity,DSPT,backups taken regularly,llm_paraphrase,S0211,Care records are backed up every night.,True,train
P02839,Nightly back-up of care records is essential for maintaining confidentiality and data security.,1,COMPLIANT,DSPT7_Continuity,DSPT,backups taken regularly,llm_paraphrase,S0211,Care records are backed up every night.,True,train
P02840,All care records are backed up every night.,1,COMPLIANT,DSPT7_Continuity,DSPT,backups taken regularly,llm_paraphrase,S0211,Care records are backed up every night.,True,train
P02841,Daily automatic backups of all electronic records are in place.,1,COMPLIANT,DSPT7_Continuity,DSPT,backups taken regularly,llm_paraphrase,S0212,Backups of all electronic records run automatically each day.,True,train
P02842,All electronic records have daily automatic backups.,1,COMPLIANT,DSPT7_Continuity,DSPT,backups taken regularly,llm_paraphrase,S0212,Backups of all electronic records run automatically each day.,True,train
P02843,Electronic records are backed up automatically every day.,1,COMPLIANT,DSPT7_Continuity,DSPT,backups taken regularly,llm_paraphrase,S0212,Backups of all electronic records run automatically each day.,True,train
P02844,Automatic daily backups of all electronic records are a mandatory requirement.,1,COMPLIANT,DSPT7_Continuity,DSPT,backups taken regularly,llm_paraphrase,S0212,Backups of all electronic records run automatically each day.,True,train
P02845,Daily automatic backups of all electronic records are compulsory.,1,COMPLIANT,DSPT7_Continuity,DSPT,backups taken regularly,llm_paraphrase,S0212,Backups of all electronic records run automatically each day.,True,train
P02846,We conduct quarterly data recovery tests to validate our backup system's integrity.,1,COMPLIANT,DSPT7_Continuity,DSPT,backups tested for successful recovery,llm_paraphrase,S0213,We test our backups quarterly to confirm data can be restored.,True,train
P02847,Our backup system is subject to quarterly data recovery tests to ensure it can be restored.,1,COMPLIANT,DSPT7_Continuity,DSPT,backups tested for successful recovery,llm_paraphrase,S0213,We test our backups quarterly to confirm data can be restored.,True,train
P02848,Quarterly data recovery tests are conducted to verify our backup system's functionality.,1,COMPLIANT,DSPT7_Continuity,DSPT,backups tested for successful recovery,llm_paraphrase,S0213,We test our backups quarterly to confirm data can be restored.,True,train
P02849,All quarterly backup data recovery tests confirm that our system can restore data successfully.,1,COMPLIANT,DSPT7_Continuity,DSPT,backups tested for successful recovery,llm_paraphrase,S0213,We test our backups quarterly to confirm data can be restored.,True,train
P02850,Regular quarterly data recovery tests are performed to confirm the integrity of our backup system.,1,COMPLIANT,DSPT7_Continuity,DSPT,backups tested for successful recovery,llm_paraphrase,S0213,We test our backups quarterly to confirm data can be restored.,True,train
P02851,Our quarterly backup data recovery tests ensure that data can be restored from our system.,1,COMPLIANT,DSPT7_Continuity,DSPT,backups tested for successful recovery,llm_paraphrase,S0213,We test our backups quarterly to confirm data can be restored.,True,train
P02852,A restore test confirms backups function correctly.,1,COMPLIANT,DSPT7_Continuity,DSPT,backups tested for successful recovery,llm_paraphrase,S0214,A restore test is carried out to make sure the backups actually work.,True,train
P02853,Backups are verified via regular restore tests.,1,COMPLIANT,DSPT7_Continuity,DSPT,backups tested for successful recovery,llm_paraphrase,S0214,A restore test is carried out to make sure the backups actually work.,True,train
P02854,"During the restore process, we confirm backups are recoverable.",1,COMPLIANT,DSPT7_Continuity,DSPT,backups tested for successful recovery,llm_paraphrase,S0214,A restore test is carried out to make sure the backups actually work.,True,train
P02855,Restore tests are in place to verify the integrity of our backups.,1,COMPLIANT,DSPT7_Continuity,DSPT,backups tested for successful recovery,llm_paraphrase,S0214,A restore test is carried out to make sure the backups actually work.,True,train
P02856,A restore test is conducted to confirm backups are functioning correctly.,1,COMPLIANT,DSPT7_Continuity,DSPT,backups tested for successful recovery,llm_paraphrase,S0214,A restore test is carried out to make sure the backups actually work.,True,train
P02857,Backup integrity is confirmed through regular restore tests.,1,COMPLIANT,DSPT7_Continuity,DSPT,backups tested for successful recovery,llm_paraphrase,S0214,A restore test is carried out to make sure the backups actually work.,True,train
P02870,The continuity plan is annually reviewed and updated in line with regulatory requirements.,1,COMPLIANT,DSPT7_Continuity,DSPT,continuity plan reviewed,llm_paraphrase,S0217,The continuity plan is reviewed and updated every year.,True,train
P02871,Review and update of the continuity plan is mandated to occur every year.,1,COMPLIANT,DSPT7_Continuity,DSPT,continuity plan reviewed,llm_paraphrase,S0217,The continuity plan is reviewed and updated every year.,True,train
P02872,"The continuity plan is reviewed and updated annually, as stipulated in our regulatory framework.",1,COMPLIANT,DSPT7_Continuity,DSPT,continuity plan reviewed,llm_paraphrase,S0217,The continuity plan is reviewed and updated every year.,True,train
P02873,The continuity plan be reviewed and updated every 12 months.,1,COMPLIANT,DSPT7_Continuity,DSPT,continuity plan reviewed,llm_paraphrase,S0217,The continuity plan is reviewed and updated every year.,True,train
P02874,"The continuity plan is subject to annual review and update, as a statutory obligation.",1,COMPLIANT,DSPT7_Continuity,DSPT,continuity plan reviewed,llm_paraphrase,S0217,The continuity plan is reviewed and updated every year.,True,train
P02875,The continuity plan is reviewed and updated every 12 months.,1,COMPLIANT,DSPT7_Continuity,DSPT,continuity plan reviewed,llm_paraphrase,S0217,The continuity plan is reviewed and updated every year.,True,train
P02876,There is no approved continuity plan in place to ensure continuity of operations in the event of a systems failure.,0,NON_COMPLIANT,DSPT7_Continuity,DSPT,no continuity plan,llm_paraphrase,S0218,There is no continuity plan for what happens if our systems go down.,True,train
P02877,It is mandatory that a continuity plan is in place before systems go down.,0,NON_COMPLIANT,DSPT7_Continuity,DSPT,no continuity plan,llm_paraphrase,S0218,There is no continuity plan for what happens if our systems go down.,True,train
P02878,Our systems downtime procedures do not include a formalised continuity plan.,0,NON_COMPLIANT,DSPT7_Continuity,DSPT,no continuity plan,llm_paraphrase,S0218,There is no continuity plan for what happens if our systems go down.,True,train
P02879,A recognised continuity plan must be in place prior to our systems experiencing a failure.,0,NON_COMPLIANT,DSPT7_Continuity,DSPT,no continuity plan,llm_paraphrase,S0218,There is no continuity plan for what happens if our systems go down.,True,train
P02880,All systems downtime requires a continuity plan to be in place to ensure minimal disruption.,0,NON_COMPLIANT,DSPT7_Continuity,DSPT,no continuity plan,llm_paraphrase,S0218,There is no continuity plan for what happens if our systems go down.,True,train
P02881,"Prior to systems failure, a fully-approved continuity plan must be in place to prevent uncontrolled downtime.",0,NON_COMPLIANT,DSPT7_Continuity,DSPT,no continuity plan,llm_paraphrase,S0218,There is no continuity plan for what happens if our systems go down.,True,train
P02888,Electronic care records are not backed up in accordance with the relevant regulatory requirements.,0,NON_COMPLIANT,DSPT7_Continuity,DSPT,no backups taken,llm_paraphrase,S0220,Electronic care records are not backed up at all.,True,train
P02889,The care home does not maintain a process for regular backup of electronic care records.,0,NON_COMPLIANT,DSPT7_Continuity,DSPT,no backups taken,llm_paraphrase,S0220,Electronic care records are not backed up at all.,True,train
P02890,A fail-to-backup electronic care records policy is not in place.,0,NON_COMPLIANT,DSPT7_Continuity,DSPT,no backups taken,llm_paraphrase,S0220,Electronic care records are not backed up at all.,True,train
P02891,Compliance with electronic care record backup regulations is currently not being met.,0,NON_COMPLIANT,DSPT7_Continuity,DSPT,no backups taken,llm_paraphrase,S0220,Electronic care records are not backed up at all.,True,train
P02892,Electronic care records are not being adequately protected in line with best practice and regulatory standards.,0,NON_COMPLIANT,DSPT7_Continuity,DSPT,no backups taken,llm_paraphrase,S0220,Electronic care records are not backed up at all.,True,train
P02893,The system does not have a scheduled backup process in place for electronic care records.,0,NON_COMPLIANT,DSPT7_Continuity,DSPT,no backups taken,llm_paraphrase,S0220,Electronic care records are not backed up at all.,True,train
P02894,Failure to back up office computer data is unacceptable and must be addressed immediately,0,NON_COMPLIANT,DSPT7_Continuity,DSPT,no backups taken,llm_paraphrase,S0221,There is no backup of the information held on the office computer.,True,train
P02895,Proper data backup procedures are not in place on the office computer,0,NON_COMPLIANT,DSPT7_Continuity,DSPT,no backups taken,llm_paraphrase,S0221,There is no backup of the information held on the office computer.,True,train
P02896,No backup system exists on the office computer for critical data,0,NON_COMPLIANT,DSPT7_Continuity,DSPT,no backups taken,llm_paraphrase,S0221,There is no backup of the information held on the office computer.,True,train
P02897,The office computer is not equipped with adequate data backup measures,0,NON_COMPLIANT,DSPT7_Continuity,DSPT,no backups taken,llm_paraphrase,S0221,There is no backup of the information held on the office computer.,True,train
P02898,Data backup for the office computer is woefully inadequate,0,NON_COMPLIANT,DSPT7_Continuity,DSPT,no backups taken,llm_paraphrase,S0221,There is no backup of the information held on the office computer.,True,train
P02899,Compliance failure: no backup of office computer data is permissible,0,NON_COMPLIANT,DSPT7_Continuity,DSPT,no backups taken,llm_paraphrase,S0221,There is no backup of the information held on the office computer.,True,train
P02900,The backup procedure has not been verified for its restore capability.,0,NON_COMPLIANT,DSPT7_Continuity,DSPT,backups never tested,llm_paraphrase,S0222,The backups have never been tested to see if they would restore.,True,train
P02901,It has been determined that the backup system has not been tested for recovery.,0,NON_COMPLIANT,DSPT7_Continuity,DSPT,backups never tested,llm_paraphrase,S0222,The backups have never been tested to see if they would restore.,True,train
P02902,The backup protocol has not been validated for restore functionality.,0,NON_COMPLIANT,DSPT7_Continuity,DSPT,backups never tested,llm_paraphrase,S0222,The backups have never been tested to see if they would restore.,True,train
P02903,Backups have not been checked to ensure they can be restored.,0,NON_COMPLIANT,DSPT7_Continuity,DSPT,backups never tested,llm_paraphrase,S0222,The backups have never been tested to see if they would restore.,True,train
P02904,The backup system has not undergone testing to verify its restore capability.,0,NON_COMPLIANT,DSPT7_Continuity,DSPT,backups never tested,llm_paraphrase,S0222,The backups have never been tested to see if they would restore.,True,train
P02905,The procedure for restoring from backup has not been tested or validated.,0,NON_COMPLIANT,DSPT7_Continuity,DSPT,backups never tested,llm_paraphrase,S0222,The backups have never been tested to see if they would restore.,True,train
P02906,"We assume our backup system is operational, but we have not conducted a recent integrity check.",0,NON_COMPLIANT,DSPT7_Continuity,DSPT,backups never tested,llm_paraphrase,S0223,We assume the backup works but have never checked.,True,train
P02907,"Our backup system is assumed to be functioning correctly, but we have not verified its integrity recently.",0,NON_COMPLIANT,DSPT7_Continuity,DSPT,backups never tested,llm_paraphrase,S0223,We assume the backup works but have never checked.,True,train
P02908,"We rely on the assumption that our backup system is working, but have not recently tested its functionality.",0,NON_COMPLIANT,DSPT7_Continuity,DSPT,backups never tested,llm_paraphrase,S0223,We assume the backup works but have never checked.,True,train
P02909,"The integrity of our backup system is assumed intact, but we have not conducted a thorough verification.",0,NON_COMPLIANT,DSPT7_Continuity,DSPT,backups never tested,llm_paraphrase,S0223,We assume the backup works but have never checked.,True,train
P02910,"We assume our backup system is operational, but a recent check has not been carried out.",0,NON_COMPLIANT,DSPT7_Continuity,DSPT,backups never tested,llm_paraphrase,S0223,We assume the backup works but have never checked.,True,train
P02911,"Our backup system is assumed to be operational, pending a recent integrity verification.",0,NON_COMPLIANT,DSPT7_Continuity,DSPT,backups never tested,llm_paraphrase,S0223,We assume the backup works but have never checked.,True,train
P02924,The continuity plan has not been reviewed in line with its prescribed timeframe.,0,NON_COMPLIANT,DSPT7_Continuity,DSPT,continuity plan outdated or absent,llm_paraphrase,S0226,The continuity plan was written years ago and has not been looked at since.,True,train
P02925,It has been an extended period since the continuity plan was last scrutinised.,0,NON_COMPLIANT,DSPT7_Continuity,DSPT,continuity plan outdated or absent,llm_paraphrase,S0226,The continuity plan was written years ago and has not been looked at since.,True,train
P02926,The plan remains unreviewed and out of date according to its original inception date.,0,NON_COMPLIANT,DSPT7_Continuity,DSPT,continuity plan outdated or absent,llm_paraphrase,S0226,The continuity plan was written years ago and has not been looked at since.,True,train
P02927,The continuity plan is no longer being regularly assessed as per its intended schedule.,0,NON_COMPLIANT,DSPT7_Continuity,DSPT,continuity plan outdated or absent,llm_paraphrase,S0226,The continuity plan was written years ago and has not been looked at since.,True,train
P02928,The plan has fallen outside its scheduled review period and has not been subject to recent examination.,0,NON_COMPLIANT,DSPT7_Continuity,DSPT,continuity plan outdated or absent,llm_paraphrase,S0226,The continuity plan was written years ago and has not been looked at since.,True,train
P02929,The plan's intended review cycle has been breached as no formal assessment has taken place in an appropriate timeframe.,0,NON_COMPLIANT,DSPT7_Continuity,DSPT,continuity plan outdated or absent,llm_paraphrase,S0226,The continuity plan was written years ago and has not been looked at since.,True,train
P02942,Our systems are subject to regular vendor support updates to ensure all browsers and applications are within the designated support period.,1,COMPLIANT,DSPT8_UnsupportedSystems,DSPT,only supported systems in use,llm_paraphrase,S0229,Our browsers and applications all remain within vendor support.,True,train
P02943,All browsers and applications within our systems are kept up-to-date with vendor support to guarantee compliance.,1,COMPLIANT,DSPT8_UnsupportedSystems,DSPT,only supported systems in use,llm_paraphrase,S0229,Our browsers and applications all remain within vendor support.,True,train
P02944,"As per policy, our IT team ensures all browsers and applications are within the vendor's official support window.",1,COMPLIANT,DSPT8_UnsupportedSystems,DSPT,only supported systems in use,llm_paraphrase,S0229,Our browsers and applications all remain within vendor support.,True,train
P02945,We maintain a strict policy of keeping all browsers and applications within the vendor's designated support period to prevent issues.,1,COMPLIANT,DSPT8_UnsupportedSystems,DSPT,only supported systems in use,llm_paraphrase,S0229,Our browsers and applications all remain within vendor support.,True,train
P02946,Our system administrators are regularly check and update browsers and applications.,1,COMPLIANT,DSPT8_UnsupportedSystems,DSPT,only supported systems in use,llm_paraphrase,S0229,Our browsers and applications all remain within vendor support.,True,train
P02947,All browsers and applications in our systems are regularly verified to be within the vendor's supported version range.,1,COMPLIANT,DSPT8_UnsupportedSystems,DSPT,only supported systems in use,llm_paraphrase,S0229,Our browsers and applications all remain within vendor support.,True,train
P02948,"Where an older system is still required, its risk is formally recorded and addressed in line with our policy.",1,COMPLIANT,DSPT8_UnsupportedSystems,DSPT,legacy systems identified and mitigated,llm_paraphrase,S0230,"Where an older system is still required, the risk is documented and managed.",True,train
P02949,The use of an older system is subject to thorough risk assessment and documented in our risk register.,1,COMPLIANT,DSPT8_UnsupportedSystems,DSPT,legacy systems identified and mitigated,llm_paraphrase,S0230,"Where an older system is still required, the risk is documented and managed.",True,train
P02950,Risk associated with an older system is fully documented and managed through our established procedures.,1,COMPLIANT,DSPT8_UnsupportedSystems,DSPT,legacy systems identified and mitigated,llm_paraphrase,S0230,"Where an older system is still required, the risk is documented and managed.",True,train
P02951,An older system is subject to documented risk assessment and risk mitigation measures as per our policy.,1,COMPLIANT,DSPT8_UnsupportedSystems,DSPT,legacy systems identified and mitigated,llm_paraphrase,S0230,"Where an older system is still required, the risk is documented and managed.",True,train
P02952,"Where an older system is still in use, the associated risk is fully recorded, assessed and managed.",1,COMPLIANT,DSPT8_UnsupportedSystems,DSPT,legacy systems identified and mitigated,llm_paraphrase,S0230,"Where an older system is still required, the risk is documented and managed.",True,train
P02953,An older system's risk is formally documented and addressed in accordance with our risk management policy.,1,COMPLIANT,DSPT8_UnsupportedSystems,DSPT,legacy systems identified and mitigated,llm_paraphrase,S0230,"Where an older system is still required, the risk is documented and managed.",True,train
P02960,All software with end-of-life status has been removed from our devices to maintain compliance and prevent security risks.,1,COMPLIANT,DSPT8_UnsupportedSystems,DSPT,unsupported software removed,llm_paraphrase,S0232,Software that reached end-of-life has been removed from our devices.,True,train
P02961,All devices are currently free from software that has reached its end-of-life period.,1,COMPLIANT,DSPT8_UnsupportedSystems,DSPT,unsupported software removed,llm_paraphrase,S0232,Software that reached end-of-life has been removed from our devices.,True,train
P02962,"As part of our compliance procedures, all software with an end-of-life status has been removed from our devices.",1,COMPLIANT,DSPT8_UnsupportedSystems,DSPT,unsupported software removed,llm_paraphrase,S0232,Software that reached end-of-life has been removed from our devices.,True,train
P02963,The removal of all end-of-life software from our devices is a critical control measure to ensure regulatory compliance.,1,COMPLIANT,DSPT8_UnsupportedSystems,DSPT,unsupported software removed,llm_paraphrase,S0232,Software that reached end-of-life has been removed from our devices.,True,train
P02964,"In line with our IT policy, all software that has reached its end-of-life has been securely deleted from our devices.",1,COMPLIANT,DSPT8_UnsupportedSystems,DSPT,unsupported software removed,llm_paraphrase,S0232,Software that reached end-of-life has been removed from our devices.,True,train
P02965,End-of-life software has been systematically removed from our devices to uphold our commitment to security and regulatory compliance.,1,COMPLIANT,DSPT8_UnsupportedSystems,DSPT,unsupported software removed,llm_paraphrase,S0232,Software that reached end-of-life has been removed from our devices.,True,train
P02966,"The home's chosen operating system is no longer supported by its vendor, leaving us vulnerable to security threats.",0,NON_COMPLIANT,DSPT8_UnsupportedSystems,DSPT,unsupported OS/software/browsers in use,llm_paraphrase,S0233,The home uses an operating system that no longer receives security updates.,True,train
P02967,We currently utilise an operating system that is no longer receiving security updates.,0,NON_COMPLIANT,DSPT8_UnsupportedSystems,DSPT,unsupported OS/software/browsers in use,llm_paraphrase,S0233,The home uses an operating system that no longer receives security updates.,True,train
P02968,The failure to update our operating system has resulted in it being left unsupported by its vendor.,0,NON_COMPLIANT,DSPT8_UnsupportedSystems,DSPT,unsupported OS/software/browsers in use,llm_paraphrase,S0233,The home uses an operating system that no longer receives security updates.,True,train
P02969,"Our chosen OS is no longer receiving security updates, placing the home at risk.",0,NON_COMPLIANT,DSPT8_UnsupportedSystems,DSPT,unsupported OS/software/browsers in use,llm_paraphrase,S0233,The home uses an operating system that no longer receives security updates.,True,train
P02970,"The home's chosen OS is no longer supported by its vendor, hence security updates are not being applied.",0,NON_COMPLIANT,DSPT8_UnsupportedSystems,DSPT,unsupported OS/software/browsers in use,llm_paraphrase,S0233,The home uses an operating system that no longer receives security updates.,True,train
P02971,"The home's operating system, currently in use, is no longer receiving security updates due to being unsupported by its vendor.",0,NON_COMPLIANT,DSPT8_UnsupportedSystems,DSPT,unsupported OS/software/browsers in use,llm_paraphrase,S0233,The home uses an operating system that no longer receives security updates.,True,train
P02978,Old software continues to be in use without risk assessment being conducted,0,NON_COMPLIANT,DSPT8_UnsupportedSystems,DSPT,legacy systems used with no mitigation,llm_paraphrase,S0235,Old software remains in daily use with no assessment of the risk.,True,train
P02979,The daily use of old software has not been subject to a thorough risk assessment,0,NON_COMPLIANT,DSPT8_UnsupportedSystems,DSPT,legacy systems used with no mitigation,llm_paraphrase,S0235,Old software remains in daily use with no assessment of the risk.,True,train
P02980,No risk assessment has been carried out on the daily use of old software,0,NON_COMPLIANT,DSPT8_UnsupportedSystems,DSPT,legacy systems used with no mitigation,llm_paraphrase,S0235,Old software remains in daily use with no assessment of the risk.,True,train
P02981,Old software is still in use despite not undergoing risk assessment,0,NON_COMPLIANT,DSPT8_UnsupportedSystems,DSPT,legacy systems used with no mitigation,llm_paraphrase,S0235,Old software remains in daily use with no assessment of the risk.,True,train
P02982,Daily use of old software is in place without having had a proper risk assessment,0,NON_COMPLIANT,DSPT8_UnsupportedSystems,DSPT,legacy systems used with no mitigation,llm_paraphrase,S0235,Old software remains in daily use with no assessment of the risk.,True,train
P02983,The use of old software on a daily basis has not been assessed for risk,0,NON_COMPLIANT,DSPT8_UnsupportedSystems,DSPT,legacy systems used with no mitigation,llm_paraphrase,S0235,Old software remains in daily use with no assessment of the risk.,True,train
P02984,"The legacy rota system is currently not supported, and it remains connected to the main network.",0,NON_COMPLIANT,DSPT8_UnsupportedSystems,DSPT,legacy systems used with no mitigation,llm_paraphrase,S0236,The legacy rota system is out of support and connected to the main network.,True,train
P02985,All care homes must ensure the legacy rota system is not supported and continues to be connected to the network.,0,NON_COMPLIANT,DSPT8_UnsupportedSystems,DSPT,legacy systems used with no mitigation,llm_paraphrase,S0236,The legacy rota system is out of support and connected to the main network.,True,train
P02986,"As per policy, the legacy rota system is no longer supported and continues to be connected to the main network.",0,NON_COMPLIANT,DSPT8_UnsupportedSystems,DSPT,legacy systems used with no mitigation,llm_paraphrase,S0236,The legacy rota system is out of support and connected to the main network.,True,train
P02987,The rota system is not supported and should remain connected to the main network at all times.,0,NON_COMPLIANT,DSPT8_UnsupportedSystems,DSPT,legacy systems used with no mitigation,llm_paraphrase,S0236,The legacy rota system is out of support and connected to the main network.,True,train
P02988,"The legacy rota system is not supported and continues to be connected to the network, as mandated by policy.",0,NON_COMPLIANT,DSPT8_UnsupportedSystems,DSPT,legacy systems used with no mitigation,llm_paraphrase,S0236,The legacy rota system is out of support and connected to the main network.,True,train
P02989,"The legacy rota system is not supported, and its connection to the main network must be maintained.",0,NON_COMPLIANT,DSPT8_UnsupportedSystems,DSPT,legacy systems used with no mitigation,llm_paraphrase,S0236,The legacy rota system is out of support and connected to the main network.,True,train
P02996,"Personal data is encrypted when stored in our systems, and transmitted securely when shared with external partners.",1,COMPLIANT,DSPT9_ITProtection,DSPT,data encrypted at rest and/or in transit,llm_paraphrase,S0238,Personal data is encrypted both when stored and when sent externally.,True,train
P02997,All personal data is protected by robust encryption when it is stored within our care home IT infrastructure.,1,COMPLIANT,DSPT9_ITProtection,DSPT,data encrypted at rest and/or in transit,llm_paraphrase,S0238,Personal data is encrypted both when stored and when sent externally.,True,train
P02998,Encryption of personal data is in place both in storage and when transmitting data externally to third-party providers.,1,COMPLIANT,DSPT9_ITProtection,DSPT,data encrypted at rest and/or in transit,llm_paraphrase,S0238,Personal data is encrypted both when stored and when sent externally.,True,train
P02999,We ensure all personal data is encrypted during storage and secure transmission to external recipients.,1,COMPLIANT,DSPT9_ITProtection,DSPT,data encrypted at rest and/or in transit,llm_paraphrase,S0238,Personal data is encrypted both when stored and when sent externally.,True,train
P03000,Personal data is encrypted both in storage and in transit to external partners and third-party service providers.,1,COMPLIANT,DSPT9_ITProtection,DSPT,data encrypted at rest and/or in transit,llm_paraphrase,S0238,Personal data is encrypted both when stored and when sent externally.,True,train
P03001,"We adhere to stringent data protection policies, encrypting all personal data at rest and in transit for secure external sharing.",1,COMPLIANT,DSPT9_ITProtection,DSPT,data encrypted at rest and/or in transit,llm_paraphrase,S0238,Personal data is encrypted both when stored and when sent externally.,True,train
P03008,All care information transmitted to the GP is encrypted,1,COMPLIANT,DSPT9_ITProtection,DSPT,data encrypted at rest and/or in transit,llm_paraphrase,S0240,Care information sent to the GP is encrypted in transit.,True,train
P03009,Care information sent to the GP is encrypted in transit,1,COMPLIANT,DSPT9_ITProtection,DSPT,data encrypted at rest and/or in transit,llm_paraphrase,S0240,Care information sent to the GP is encrypted in transit.,True,train
P03010,It is in place to encrypt all care information transmitted to the GP,1,COMPLIANT,DSPT9_ITProtection,DSPT,data encrypted at rest and/or in transit,llm_paraphrase,S0240,Care information sent to the GP is encrypted in transit.,True,train
P03011,Care information sent to the GP is sent encrypted,1,COMPLIANT,DSPT9_ITProtection,DSPT,data encrypted at rest and/or in transit,llm_paraphrase,S0240,Care information sent to the GP is encrypted in transit.,True,train
P03012,Encryption of care information transmitted to the GP is a legal requirement,1,COMPLIANT,DSPT9_ITProtection,DSPT,data encrypted at rest and/or in transit,llm_paraphrase,S0240,Care information sent to the GP is encrypted in transit.,True,train
P03013,Care information sent to the GP is securely encrypted in transit,1,COMPLIANT,DSPT9_ITProtection,DSPT,data encrypted at rest and/or in transit,llm_paraphrase,S0240,Care information sent to the GP is encrypted in transit.,True,train
P03014,Our cyber security strategy is aligned with a nationally recognised framework.,1,COMPLIANT,DSPT9_ITProtection,DSPT,a cyber security strategy based on a proven framework,llm_paraphrase,S0241,We have a cyber security strategy based on a recognised framework.,True,train
P03015,The use of a recognised framework underpins our cyber security strategy.,1,COMPLIANT,DSPT9_ITProtection,DSPT,a cyber security strategy based on a proven framework,llm_paraphrase,S0241,We have a cyber security strategy based on a recognised framework.,True,train
P03016,Our cyber security strategy adheres to a nationally recognised framework for implementation.,1,COMPLIANT,DSPT9_ITProtection,DSPT,a cyber security strategy based on a proven framework,llm_paraphrase,S0241,We have a cyber security strategy based on a recognised framework.,True,train
P03017,The cyber security strategy is grounded in a recognised framework for secure practice.,1,COMPLIANT,DSPT9_ITProtection,DSPT,a cyber security strategy based on a proven framework,llm_paraphrase,S0241,We have a cyber security strategy based on a recognised framework.,True,train
P03018,Our strategy for protecting sensitive information is based on a nationally accepted framework.,1,COMPLIANT,DSPT9_ITProtection,DSPT,a cyber security strategy based on a proven framework,llm_paraphrase,S0241,We have a cyber security strategy based on a recognised framework.,True,train
P03019,Our cyber security strategy conforms to a framework that has been approved by a recognised national body.,1,COMPLIANT,DSPT9_ITProtection,DSPT,a cyber security strategy based on a proven framework,llm_paraphrase,S0241,We have a cyber security strategy based on a recognised framework.,True,train
P03025,The home currently holds Cyber Essentials certification.,1,COMPLIANT,DSPT9_ITProtection,DSPT,Cyber Essentials (or equivalent) in place,llm_paraphrase,S0243,The home holds current Cyber Essentials certification.,True,train
P03026,We maintain current Cyber Essentials certification.,1,COMPLIANT,DSPT9_ITProtection,DSPT,Cyber Essentials (or equivalent) in place,llm_paraphrase,S0243,The home holds current Cyber Essentials certification.,True,train
P03027,Cyber Essentials certification is currently held by the home.,1,COMPLIANT,DSPT9_ITProtection,DSPT,Cyber Essentials (or equivalent) in place,llm_paraphrase,S0243,The home holds current Cyber Essentials certification.,True,train
P03028,Our cyber security measures comply with Cyber Essentials certification.,1,COMPLIANT,DSPT9_ITProtection,DSPT,Cyber Essentials (or equivalent) in place,llm_paraphrase,S0243,The home holds current Cyber Essentials certification.,True,train
P03029,The home's current cyber security posture is certified by Cyber Essentials.,1,COMPLIANT,DSPT9_ITProtection,DSPT,Cyber Essentials (or equivalent) in place,llm_paraphrase,S0243,The home holds current Cyber Essentials certification.,True,train
P03030,We are compliant with Cyber Essentials certification.,1,COMPLIANT,DSPT9_ITProtection,DSPT,Cyber Essentials (or equivalent) in place,llm_paraphrase,S0243,The home holds current Cyber Essentials certification.,True,train
P03031,We have successfully submitted our Data Security and Protection Toolkit to meet the required standards.,1,COMPLIANT,DSPT9_ITProtection,DSPT,DSPT submitted / standards met,llm_paraphrase,S0244,We submitted our Data Security and Protection Toolkit and met the standards.,True,train
P03032,Our submission of the Data Security and Protection Toolkit conforms to the specified standards.,1,COMPLIANT,DSPT9_ITProtection,DSPT,DSPT submitted / standards met,llm_paraphrase,S0244,We submitted our Data Security and Protection Toolkit and met the standards.,True,train
P03033,"As part of our data protection compliance, we have submitted the Data Security and Protection Toolkit.",1,COMPLIANT,DSPT9_ITProtection,DSPT,DSPT submitted / standards met,llm_paraphrase,S0244,We submitted our Data Security and Protection Toolkit and met the standards.,True,train
P03034,The Data Security and Protection Toolkit has been submitted to meet the specified standards.,1,COMPLIANT,DSPT9_ITProtection,DSPT,DSPT submitted / standards met,llm_paraphrase,S0244,We submitted our Data Security and Protection Toolkit and met the standards.,True,train
P03035,Our data protection toolkit has been submitted and found to meet the required standards.,1,COMPLIANT,DSPT9_ITProtection,DSPT,DSPT submitted / standards met,llm_paraphrase,S0244,We submitted our Data Security and Protection Toolkit and met the standards.,True,train
P03036,We have submitted the Data Security and Protection Toolkit and found it to meet the specified standards.,1,COMPLIANT,DSPT9_ITProtection,DSPT,DSPT submitted / standards met,llm_paraphrase,S0244,We submitted our Data Security and Protection Toolkit and met the standards.,True,train
P03043,Our annual IT review ensures our security measures remain up to date.,1,COMPLIANT,DSPT9_ITProtection,DSPT,IT protections reviewed annually,llm_paraphrase,S0246,Our IT protections are reviewed at least once a year.,True,train
P03044,The IT protection review is conducted at least once annually.,1,COMPLIANT,DSPT9_ITProtection,DSPT,IT protections reviewed annually,llm_paraphrase,S0246,Our IT protections are reviewed at least once a year.,True,train
P03045,We regularly review our IT security to ensure compliance.,1,COMPLIANT,DSPT9_ITProtection,DSPT,IT protections reviewed annually,llm_paraphrase,S0246,Our IT protections are reviewed at least once a year.,True,train
P03046,Our IT security is audited annually to meet regulatory requirements.,1,COMPLIANT,DSPT9_ITProtection,DSPT,IT protections reviewed annually,llm_paraphrase,S0246,Our IT protections are reviewed at least once a year.,True,train
P03047,The review of our IT protections is carried out at least once a year.,1,COMPLIANT,DSPT9_ITProtection,DSPT,IT protections reviewed annually,llm_paraphrase,S0246,Our IT protections are reviewed at least once a year.,True,train
P03048,Our IT protection is reviewed annually to maintain statutory compliance.,1,COMPLIANT,DSPT9_ITProtection,DSPT,IT protections reviewed annually,llm_paraphrase,S0246,Our IT protections are reviewed at least once a year.,True,train
P03049,"Resident data on USB sticks must be stored securely, with encryption applied to ensure confidentiality.",0,NON_COMPLIANT,DSPT9_ITProtection,DSPT,sensitive data unencrypted,llm_paraphrase,S0247,Resident data is stored on USB sticks that are not encrypted.,True,train
P03050,The storage of resident data on USB sticks requires encryption to protect sensitive information.,0,NON_COMPLIANT,DSPT9_ITProtection,DSPT,sensitive data unencrypted,llm_paraphrase,S0247,Resident data is stored on USB sticks that are not encrypted.,True,train
P03051,"To maintain resident confidentiality, data stored on USB sticks must be encrypted.",0,NON_COMPLIANT,DSPT9_ITProtection,DSPT,sensitive data unencrypted,llm_paraphrase,S0247,Resident data is stored on USB sticks that are not encrypted.,True,train
P03052,All resident data on USB sticks must be encrypted to meet our data protection requirements.,0,NON_COMPLIANT,DSPT9_ITProtection,DSPT,sensitive data unencrypted,llm_paraphrase,S0247,Resident data is stored on USB sticks that are not encrypted.,True,train
P03053,Resident data on USB sticks is not secure if encryption is not applied.,0,NON_COMPLIANT,DSPT9_ITProtection,DSPT,sensitive data unencrypted,llm_paraphrase,S0247,Resident data is stored on USB sticks that are not encrypted.,True,train
P03054,Storage of resident data on USB sticks is non-compliant unless encryption is applied.,0,NON_COMPLIANT,DSPT9_ITProtection,DSPT,sensitive data unencrypted,llm_paraphrase,S0247,Resident data is stored on USB sticks that are not encrypted.,True,train
P03061,Laptops storing personal data are not securely encrypted.,0,NON_COMPLIANT,DSPT9_ITProtection,DSPT,sensitive data unencrypted,llm_paraphrase,S0249,Laptops holding personal data are not encrypted.,True,train
P03062,The storage of personal data on unencrypted laptops is not compliant.,0,NON_COMPLIANT,DSPT9_ITProtection,DSPT,sensitive data unencrypted,llm_paraphrase,S0249,Laptops holding personal data are not encrypted.,True,train
P03063,Encryption of personal data on laptops is required.,0,NON_COMPLIANT,DSPT9_ITProtection,DSPT,sensitive data unencrypted,llm_paraphrase,S0249,Laptops holding personal data are not encrypted.,True,train
P03064,It is essential that laptops containing personal data are encrypted.,0,NON_COMPLIANT,DSPT9_ITProtection,DSPT,sensitive data unencrypted,llm_paraphrase,S0249,Laptops holding personal data are not encrypted.,True,train
P03065,Laptops holding personal data are not encrypted as per policy.,0,NON_COMPLIANT,DSPT9_ITProtection,DSPT,sensitive data unencrypted,llm_paraphrase,S0249,Laptops holding personal data are not encrypted.,True,train
P03066,Laptops used to store personal data must be fully encrypted.,0,NON_COMPLIANT,DSPT9_ITProtection,DSPT,sensitive data unencrypted,llm_paraphrase,S0249,Laptops holding personal data are not encrypted.,True,train
P03067,We have no formalised plan in place to safeguard our IT systems against cyber attacks.,0,NON_COMPLIANT,DSPT9_ITProtection,DSPT,no cyber security strategy,llm_paraphrase,S0250,There is no strategy for protecting our IT systems from cyber threats.,True,train
P03068,Our IT systems are not adequately protected from cyber threats due to lack of a security strategy.,0,NON_COMPLIANT,DSPT9_ITProtection,DSPT,no cyber security strategy,llm_paraphrase,S0250,There is no strategy for protecting our IT systems from cyber threats.,True,train
P03069,The absence of a robust cyber threat strategy puts our IT systems at risk.,0,NON_COMPLIANT,DSPT9_ITProtection,DSPT,no cyber security strategy,llm_paraphrase,S0250,There is no strategy for protecting our IT systems from cyber threats.,True,train
P03070,No comprehensive plan exists to prevent cyber threats from compromising our IT systems.,0,NON_COMPLIANT,DSPT9_ITProtection,DSPT,no cyber security strategy,llm_paraphrase,S0250,There is no strategy for protecting our IT systems from cyber threats.,True,train
P03071,We do not currently have a documented plan to safeguard our IT systems from cyber threats.,0,NON_COMPLIANT,DSPT9_ITProtection,DSPT,no cyber security strategy,llm_paraphrase,S0250,There is no strategy for protecting our IT systems from cyber threats.,True,train
P03072,Our IT systems are not adequately protected due to the absence of a formalised security strategy.,0,NON_COMPLIANT,DSPT9_ITProtection,DSPT,no cyber security strategy,llm_paraphrase,S0250,There is no strategy for protecting our IT systems from cyber threats.,True,train
P03073,We do not adhere to any established cybersecurity guidelines or framework.,0,NON_COMPLIANT,DSPT9_ITProtection,DSPT,no recognised framework followed,llm_paraphrase,S0251,We do not follow any recognised cyber security framework.,True,train
P03074,No recognised cybersecurity framework is followed.,0,NON_COMPLIANT,DSPT9_ITProtection,DSPT,no recognised framework followed,llm_paraphrase,S0251,We do not follow any recognised cyber security framework.,True,train
P03075,Cybersecurity best practices are not implemented.,0,NON_COMPLIANT,DSPT9_ITProtection,DSPT,no recognised framework followed,llm_paraphrase,S0251,We do not follow any recognised cyber security framework.,True,train
P03076,Our processes do not align with recognised cyber security frameworks.,0,NON_COMPLIANT,DSPT9_ITProtection,DSPT,no recognised framework followed,llm_paraphrase,S0251,We do not follow any recognised cyber security framework.,True,train
P03077,We do not use any established cybersecurity framework in our operations.,0,NON_COMPLIANT,DSPT9_ITProtection,DSPT,no recognised framework followed,llm_paraphrase,S0251,We do not follow any recognised cyber security framework.,True,train
P03078,No recognised cybersecurity framework is used in our care home.,0,NON_COMPLIANT,DSPT9_ITProtection,DSPT,no recognised framework followed,llm_paraphrase,S0251,We do not follow any recognised cyber security framework.,True,train
P03085,Our latest DSPT submission fell short of the required standards,0,NON_COMPLIANT,DSPT9_ITProtection,DSPT,DSPT not submitted / standards not met,llm_paraphrase,S0253,Our last DSPT submission did not meet the required standards.,True,train
P03086,The recent DSPT submission did not meet the specified requirements,0,NON_COMPLIANT,DSPT9_ITProtection,DSPT,DSPT not submitted / standards not met,llm_paraphrase,S0253,Our last DSPT submission did not meet the required standards.,True,train
P03087,The care home's DSPT submission failed to meet the set standards,0,NON_COMPLIANT,DSPT9_ITProtection,DSPT,DSPT not submitted / standards not met,llm_paraphrase,S0253,Our last DSPT submission did not meet the required standards.,True,train
P03088,The DSPT report did not comply with the required standards,0,NON_COMPLIANT,DSPT9_ITProtection,DSPT,DSPT not submitted / standards not met,llm_paraphrase,S0253,Our last DSPT submission did not meet the required standards.,True,train
P03089,Our submission of the DSPT report was not in line with the expected standards,0,NON_COMPLIANT,DSPT9_ITProtection,DSPT,DSPT not submitted / standards not met,llm_paraphrase,S0253,Our last DSPT submission did not meet the required standards.,True,train
P03090,The DSPT report did not meet the regulatory requirements,0,NON_COMPLIANT,DSPT9_ITProtection,DSPT,DSPT not submitted / standards not met,llm_paraphrase,S0253,Our last DSPT submission did not meet the required standards.,True,train
P03109,Our contracts specify that suppliers protect personal data during processing.,1,COMPLIANT,DSPT10_Suppliers,DSPT,supplier contracts include data security requirements,llm_paraphrase,S0257,Our contracts require suppliers to protect the personal data they process.,True,train
P03110,Suppliers ensure personal data processed is safeguarded.,1,COMPLIANT,DSPT10_Suppliers,DSPT,supplier contracts include data security requirements,llm_paraphrase,S0257,Our contracts require suppliers to protect the personal data they process.,True,train
P03111,Protecting personal data during processing is a contractual obligation for all supplier partners.,1,COMPLIANT,DSPT10_Suppliers,DSPT,supplier contracts include data security requirements,llm_paraphrase,S0257,Our contracts require suppliers to protect the personal data they process.,True,train
P03112,Our contracts stipulate that suppliers maintain the security of personal data while processing.,1,COMPLIANT,DSPT10_Suppliers,DSPT,supplier contracts include data security requirements,llm_paraphrase,S0257,Our contracts require suppliers to protect the personal data they process.,True,train
P03113,Contractual obligations require suppliers to secure personal data during processing.,1,COMPLIANT,DSPT10_Suppliers,DSPT,supplier contracts include data security requirements,llm_paraphrase,S0257,Our contracts require suppliers to protect the personal data they process.,True,train
P03114,Suppliers comply with our contracts by protecting personal data during processing.,1,COMPLIANT,DSPT10_Suppliers,DSPT,supplier contracts include data security requirements,llm_paraphrase,S0257,Our contracts require suppliers to protect the personal data they process.,True,train
P03121,Suppliers comply with national data security standards as per the contract,1,COMPLIANT,DSPT10_Suppliers,DSPT,suppliers held accountable for NDG standards,llm_paraphrase,S0259,Suppliers are contractually required to meet the national data security standards.,True,train
P03122,All suppliers adhere to the national data security standards outlined in the agreement,1,COMPLIANT,DSPT10_Suppliers,DSPT,suppliers held accountable for NDG standards,llm_paraphrase,S0259,Suppliers are contractually required to meet the national data security standards.,True,train
P03123,Suppliers meet the national data security standards stipulated in the contract,1,COMPLIANT,DSPT10_Suppliers,DSPT,suppliers held accountable for NDG standards,llm_paraphrase,S0259,Suppliers are contractually required to meet the national data security standards.,True,train
P03124,The national data security standards as specified in the contract is followed by suppliers,1,COMPLIANT,DSPT10_Suppliers,DSPT,suppliers held accountable for NDG standards,llm_paraphrase,S0259,Suppliers are contractually required to meet the national data security standards.,True,train
P03125,Suppliers are bound by the national data security standards as outlined in the contract,1,COMPLIANT,DSPT10_Suppliers,DSPT,suppliers held accountable for NDG standards,llm_paraphrase,S0259,Suppliers are contractually required to meet the national data security standards.,True,train
P03126,National data security standards stipulated in the contract is implemented by suppliers,1,COMPLIANT,DSPT10_Suppliers,DSPT,suppliers held accountable for NDG standards,llm_paraphrase,S0259,Suppliers are contractually required to meet the national data security standards.,True,train
P03127,We verify that our care system provider upholds DSPT compliance standards.,1,COMPLIANT,DSPT10_Suppliers,DSPT,supplier compliance monitored,llm_paraphrase,S0260,We check that our care system provider maintains its own DSPT compliance.,True,train
P03128,Our care system provider adhere to DSPT compliance requirements.,1,COMPLIANT,DSPT10_Suppliers,DSPT,supplier compliance monitored,llm_paraphrase,S0260,We check that our care system provider maintains its own DSPT compliance.,True,train
P03129,We confirm our care system provider meets DSPT compliance standards.,1,COMPLIANT,DSPT10_Suppliers,DSPT,supplier compliance monitored,llm_paraphrase,S0260,We check that our care system provider maintains its own DSPT compliance.,True,train
P03130,Our care system provider maintains DSPT compliance.,1,COMPLIANT,DSPT10_Suppliers,DSPT,supplier compliance monitored,llm_paraphrase,S0260,We check that our care system provider maintains its own DSPT compliance.,True,train
P03131,We ensure our care system provider complies with DSPT standards.,1,COMPLIANT,DSPT10_Suppliers,DSPT,supplier compliance monitored,llm_paraphrase,S0260,We check that our care system provider maintains its own DSPT compliance.,True,train
P03132,Our care system provider is meet DSPT compliance standards.,1,COMPLIANT,DSPT10_Suppliers,DSPT,supplier compliance monitored,llm_paraphrase,S0260,We check that our care system provider maintains its own DSPT compliance.,True,train
P03145,Supplier contracts fail to include any mention of data security.,0,NON_COMPLIANT,DSPT10_Suppliers,DSPT,supplier contracts silent on data security,llm_paraphrase,S0263,Supplier contracts do not mention data security at all.,True,train
P03146,Data security is not included in supplier contracts.,0,NON_COMPLIANT,DSPT10_Suppliers,DSPT,supplier contracts silent on data security,llm_paraphrase,S0263,Supplier contracts do not mention data security at all.,True,train
P03147,No data security protocols are specified in supplier contracts.,0,NON_COMPLIANT,DSPT10_Suppliers,DSPT,supplier contracts silent on data security,llm_paraphrase,S0263,Supplier contracts do not mention data security at all.,True,train
P03148,"Contrary to policy, supplier contracts do not address data security.",0,NON_COMPLIANT,DSPT10_Suppliers,DSPT,supplier contracts silent on data security,llm_paraphrase,S0263,Supplier contracts do not mention data security at all.,True,train
P03149,The absence of data security provisions in supplier contracts is a regulatory concern.,0,NON_COMPLIANT,DSPT10_Suppliers,DSPT,supplier contracts silent on data security,llm_paraphrase,S0263,Supplier contracts do not mention data security at all.,True,train
P03150,Supplier contracts inadequately address data security requirements.,0,NON_COMPLIANT,DSPT10_Suppliers,DSPT,supplier contracts silent on data security,llm_paraphrase,S0263,Supplier contracts do not mention data security at all.,True,train
P03157,Non-compliance: Third parties were given access to resident records without a formal agreement.,0,NON_COMPLIANT,DSPT10_Suppliers,DSPT,suppliers given access with no accountability,llm_paraphrase,S0265,Third parties were given access to resident records without any contract.,True,train
P03158,Inadequate governance: Unauthorised third party access to resident records occurred.,0,NON_COMPLIANT,DSPT10_Suppliers,DSPT,suppliers given access with no accountability,llm_paraphrase,S0265,Third parties were given access to resident records without any contract.,True,train
P03159,Contravention of policy: Resident records were disclosed to third parties without a valid contract.,0,NON_COMPLIANT,DSPT10_Suppliers,DSPT,suppliers given access with no accountability,llm_paraphrase,S0265,Third parties were given access to resident records without any contract.,True,train
P03160,Regulatory breach: Resident records were shared with uncontracted third parties.,0,NON_COMPLIANT,DSPT10_Suppliers,DSPT,suppliers given access with no accountability,llm_paraphrase,S0265,Third parties were given access to resident records without any contract.,True,train
P03161,Non-adherence to protocol: Third party access to resident records was permitted without a formal contract.,0,NON_COMPLIANT,DSPT10_Suppliers,DSPT,suppliers given access with no accountability,llm_paraphrase,S0265,Third parties were given access to resident records without any contract.,True,train
P03162,Failure to comply with protocol: Resident records were made available to third parties without a contract.,0,NON_COMPLIANT,DSPT10_Suppliers,DSPT,suppliers given access with no accountability,llm_paraphrase,S0265,Third parties were given access to resident records without any contract.,True,train
P03163,Our suppliers' data security standards have not been verified.,0,NON_COMPLIANT,DSPT10_Suppliers,DSPT,supplier compliance never checked,llm_paraphrase,S0266,We have never checked whether our suppliers meet any data security standards.,True,train
P03164,Data security compliance of suppliers remains unverified.,0,NON_COMPLIANT,DSPT10_Suppliers,DSPT,supplier compliance never checked,llm_paraphrase,S0266,We have never checked whether our suppliers meet any data security standards.,True,train
P03165,We have not conducted audits on suppliers' data security standards.,0,NON_COMPLIANT,DSPT10_Suppliers,DSPT,supplier compliance never checked,llm_paraphrase,S0266,We have never checked whether our suppliers meet any data security standards.,True,train
P03166,Supplier data security standards have not been reviewed.,0,NON_COMPLIANT,DSPT10_Suppliers,DSPT,supplier compliance never checked,llm_paraphrase,S0266,We have never checked whether our suppliers meet any data security standards.,True,train
P03167,There is no verification that our suppliers meet data security standards.,0,NON_COMPLIANT,DSPT10_Suppliers,DSPT,supplier compliance never checked,llm_paraphrase,S0266,We have never checked whether our suppliers meet any data security standards.,True,train
P03168,Supplier data security compliance has not been checked.,0,NON_COMPLIANT,DSPT10_Suppliers,DSPT,supplier compliance never checked,llm_paraphrase,S0266,We have never checked whether our suppliers meet any data security standards.,True,train
